game_id,league_id,home_team,away_team,attendance,date,time,game_type,played,dh,innings,runs0,runs1,hits0,hits1,errors0,errors1,winning_pitcher,losing_pitcher,save_pitcher,starter0,starter1
1,100,24,1,21242,"2030-5-15",1905,0,1,0,9,0,1,3,8,0,0,192,311,0,17,360
2,100,2,3,40029,"2030-5-15",1905,0,1,0,9,0,4,5,7,0,0,27,465,0,465,27
3,100,26,27,10301,"2030-5-15",1905,0,1,0,9,0,6,4,14,0,1,602,481,0,481,602
4,100,9,25,36322,"2030-5-15",1905,0,1,0,9,11,2,14,6,0,3,335,145,0,335,145
5,100,11,10,37870,"2030-5-15",1905,0,1,0,9,0,2,1,9,0,0,76,12,174,12,76
6,100,24,1,21274,"2030-5-16",1905,0,1,0,9,7,6,12,13,0,0,525,399,423,525,399
7,100,2,3,39677,"2030-5-16",1905,0,1,0,9,3,5,11,10,0,1,442,573,502,573,442
8,100,26,27,10507,"2030-5-16",1905,0,1,0,9,3,9,9,15,0,2,22,393,0,454,22
9,100,9,25,36202,"2030-5-16",1905,0,1,0,9,3,11,6,10,0,0,16,529,0,529,16
10,100,11,10,37981,"2030-5-16",1905,0,1,0,9,1,7,3,10,2,2,401,368,505,368,401
11,100,24,1,21144,"2030-5-17",1905,0,1,0,9,4,3,7,11,0,0,421,192,0,549,62
12,100,2,3,39969,"2030-5-17",1905,0,1,0,9,1,8,3,12,2,0,606,548,0,548,606
13,100,26,27,10463,"2030-5-17",1905,0,1,0,9,2,6,6,8,1,1,45,681,501,681,45
14,100,9,25,36600,"2030-5-17",1905,0,1,0,9,18,2,18,8,0,1,544,315,0,544,315
15,100,11,10,37563,"2030-5-17",1905,0,1,0,9,6,1,8,6,0,1,458,446,0,458,446
16,100,24,1,21338,"2030-5-18",1905,0,1,0,9,4,8,8,12,1,1,538,18,0,18,538
17,100,2,3,40096,"2030-5-18",1905,0,1,0,9,9,4,15,6,0,0,334,358,533,456,358
18,100,26,27,10266,"2030-5-18",1905,0,1,0,9,4,6,7,7,2,0,69,479,445,402,69
19,100,9,25,36616,"2030-5-18",1905,0,1,0,9,6,8,9,16,2,2,331,506,326,488,223
20,100,11,10,38088,"2030-5-18",1905,0,1,0,9,5,3,13,11,1,0,526,505,611,526,396
21,100,24,2,21093,"2030-5-21",1905,0,1,0,9,3,7,7,10,1,1,360,27,43,27,360
22,100,1,26,36874,"2030-5-21",1905,0,1,0,9,3,0,10,5,0,0,602,17,445,602,17
23,100,3,9,30669,"2030-5-21",1905,0,1,0,9,4,2,10,4,0,1,145,465,331,145,465
24,100,27,10,17240,"2030-5-21",1905,0,1,0,9,7,5,7,6,0,0,12,481,504,12,481
25,100,25,11,25250,"2030-5-21",1905,0,1,0,11,8,7,9,10,0,0,174,138,552,76,335
26,100,24,2,21431,"2030-5-22",1905,0,1,0,9,4,7,10,10,0,1,399,442,192,442,399
27,100,1,26,36972,"2030-5-22",1905,0,1,0,9,5,1,9,8,1,0,22,525,0,22,525
28,100,3,9,30867,"2030-5-22",1905,0,1,0,9,8,2,12,9,0,1,16,573,400,16,573
29,100,27,10,17313,"2030-5-22",1905,0,1,0,9,6,0,10,4,1,1,368,454,0,368,454
30,100,25,11,25271,"2030-5-22",1905,0,1,0,10,6,4,10,12,1,0,575,404,174,401,529
31,100,24,2,21107,"2030-5-23",1905,0,1,0,9,3,2,6,5,0,0,606,62,580,606,62
32,100,1,26,37270,"2030-5-23",1905,0,1,0,9,7,1,9,4,0,0,45,549,0,45,549
33,100,3,9,30961,"2030-5-23",1905,0,1,0,9,4,5,10,13,1,0,548,315,533,315,548
34,100,27,10,17246,"2030-5-23",1905,0,1,0,9,16,7,16,9,2,0,458,681,0,458,681
35,100,25,11,25221,"2030-5-23",1905,0,1,0,9,6,1,13,5,0,0,446,544,0,446,544
36,100,1,26,37182,"2030-5-24",1905,0,1,0,9,9,3,11,5,0,0,69,18,0,69,18
37,100,3,9,30688,"2030-5-24",1905,0,1,0,9,5,6,8,7,1,0,503,223,457,223,456
38,100,27,10,17081,"2030-5-24",1905,0,1,0,9,23,2,19,8,2,2,526,500,0,526,402
39,100,25,11,25126,"2030-5-24",1905,0,1,0,9,7,3,9,9,0,0,396,488,174,396,488
40,100,2,1,40076,"2030-5-26",1905,0,1,0,9,5,3,11,10,0,1,17,502,423,17,358
41,100,26,3,10183,"2030-5-26",1905,0,1,0,10,3,2,10,11,0,0,333,445,426,465,602
42,100,10,24,35133,"2030-5-26",1905,0,1,0,9,0,6,6,9,1,0,12,538,0,538,12
43,100,9,11,36377,"2030-5-26",1905,0,1,0,9,6,3,7,5,1,0,76,145,505,76,145
44,100,2,1,39884,"2030-5-27",1905,0,1,0,9,2,8,6,9,1,2,27,525,0,525,27
45,100,26,3,10306,"2030-5-27",1905,0,1,0,9,7,0,11,5,0,2,573,22,503,573,22
46,100,10,24,34860,"2030-5-27",1905,0,1,0,9,2,13,5,15,1,0,368,360,0,360,368
47,100,27,25,17099,"2030-5-27",1905,0,1,0,9,0,2,4,3,0,1,481,335,0,335,481
48,100,9,11,36610,"2030-5-27",1905,0,1,0,13,2,5,7,9,0,1,574,552,0,401,16
49,100,2,1,39894,"2030-5-28",1905,0,1,0,9,1,5,2,10,1,0,442,549,0,549,442
50,100,26,3,10175,"2030-5-28",1905,0,1,0,10,3,4,6,9,1,1,683,457,0,548,45
51,100,10,24,35100,"2030-5-28",1905,0,1,0,9,8,7,6,11,1,1,399,458,527,399,458
52,100,27,25,17119,"2030-5-28",1905,0,1,0,9,11,3,11,4,1,0,529,454,0,529,454
53,100,9,11,36391,"2030-5-28",1905,0,1,0,9,10,2,11,7,2,0,446,315,0,446,315
54,100,2,1,40097,"2030-5-29",1905,0,1,0,9,5,9,10,17,0,0,606,363,56,18,606
55,100,26,3,10357,"2030-5-29",1905,0,1,0,9,15,11,17,15,0,4,456,69,533,456,69
56,100,10,24,35025,"2030-5-29",1905,0,1,0,9,5,6,9,7,0,0,577,584,0,62,526
57,100,27,25,16937,"2030-5-29",1905,0,1,0,9,8,4,10,10,1,1,544,681,0,544,681
58,100,9,11,36411,"2030-5-29",1905,0,1,0,9,9,8,10,17,0,0,552,361,174,396,223
59,100,3,1,30821,"2030-6-1",1905,0,1,0,9,8,9,12,11,0,1,426,423,0,17,465
60,100,24,26,21073,"2030-6-1",1905,0,1,0,9,2,5,5,10,0,0,538,602,0,602,538
61,100,11,2,37905,"2030-6-1",1905,0,1,0,9,5,4,10,10,0,0,358,76,56,358,76
62,100,9,27,36529,"2030-6-1",1905,0,1,0,9,0,6,6,11,1,0,145,402,0,402,145
63,100,25,10,25070,"2030-6-1",1905,0,1,0,9,10,4,15,3,0,1,12,488,0,12,488
64,100,3,1,30756,"2030-6-2",1905,0,1,0,9,4,5,11,9,1,0,573,525,334,525,573
65,100,24,26,21289,"2030-6-2",1905,0,1,0,9,1,4,3,7,1,0,360,22,192,22,360
66,100,11,2,38026,"2030-6-2",1905,0,1,0,9,3,1,8,7,1,3,27,401,580,27,401
67,100,9,27,36611,"2030-6-2",1905,0,1,0,9,4,3,9,6,1,0,481,16,70,481,16
68,100,25,10,25370,"2030-6-2",1905,0,1,0,9,3,2,5,4,1,1,368,335,504,368,335
69,100,3,1,30755,"2030-6-3",1905,0,1,0,9,4,6,6,7,0,1,548,549,333,549,548
70,100,24,26,21294,"2030-6-3",1905,0,1,0,9,1,4,3,7,0,0,399,45,43,45,399
71,100,11,2,37782,"2030-6-3",1905,0,1,0,9,2,12,11,15,0,1,446,442,0,442,446
72,100,9,27,36416,"2030-6-3",1905,0,1,0,9,0,4,5,9,1,0,315,454,361,454,315
73,100,25,10,24994,"2030-6-3",1905,0,1,0,9,7,6,12,9,0,0,611,404,0,458,529
74,100,3,1,30884,"2030-6-4",1905,0,1,0,9,2,15,7,15,0,0,456,18,0,18,456
75,100,24,26,21325,"2030-6-4",1905,0,1,0,9,5,6,11,11,0,0,527,581,0,69,62
76,100,11,2,37802,"2030-6-4",1905,0,1,0,9,0,1,6,5,1,0,396,606,174,606,396
77,100,9,27,36456,"2030-6-4",1905,0,1,0,9,9,13,13,15,0,0,400,681,0,681,223
78,100,25,10,25180,"2030-6-4",1905,0,1,0,9,14,2,16,10,2,0,526,544,0,526,544
79,100,2,26,39709,"2030-6-6",1905,0,1,0,9,3,5,8,7,0,0,502,445,0,602,358
80,100,3,24,30754,"2030-6-6",1905,0,1,0,9,10,1,15,5,1,0,538,465,0,538,465
81,100,1,25,36971,"2030-6-6",1905,0,1,0,9,0,7,2,9,1,1,17,488,0,488,17
82,100,10,9,34975,"2030-6-6",1905,0,1,0,9,2,7,6,10,1,1,12,145,0,145,12
83,100,2,26,39939,"2030-6-7",1905,0,1,0,9,3,6,6,12,0,0,27,22,502,22,27
84,100,3,24,30710,"2030-6-7",1905,0,1,0,9,7,3,13,6,0,1,360,573,0,360,573
85,100,1,25,37024,"2030-6-7",1905,0,1,0,9,6,2,9,7,0,1,335,525,0,335,525
86,100,10,9,35089,"2030-6-7",1905,0,1,0,9,1,3,6,2,0,0,368,16,611,16,368
87,100,11,27,38078,"2030-6-7",1905,0,1,0,12,4,2,12,10,1,0,479,575,0,402,76
88,100,2,26,39784,"2030-6-8",1905,0,1,0,9,3,8,6,13,0,0,442,45,0,45,442
89,100,3,24,30887,"2030-6-8",1905,0,1,0,9,6,4,16,11,0,0,399,548,192,399,548
90,100,1,25,36890,"2030-6-8",1905,0,1,0,9,8,1,12,5,0,0,529,549,0,529,549
91,100,10,9,35141,"2030-6-8",1905,0,1,0,9,4,7,5,11,1,1,458,400,577,315,458
92,100,11,27,38112,"2030-6-8",1905,0,1,0,9,0,3,1,6,1,0,401,481,0,481,401
93,100,2,26,40007,"2030-6-9",1905,0,1,0,9,5,13,6,18,1,0,606,69,56,69,606
94,100,1,25,37231,"2030-6-9",1905,0,1,0,9,5,4,8,11,0,1,544,363,466,544,18
95,100,10,9,35005,"2030-6-9",1905,0,1,0,9,7,13,8,15,0,0,526,223,0,223,526
96,100,11,27,37919,"2030-6-9",1905,0,1,0,9,2,5,4,7,1,1,446,454,174,454,446
97,100,1,3,36903,"2030-6-11",1905,0,1,0,9,1,12,6,16,0,1,17,456,0,456,17
98,100,27,24,17198,"2030-6-11",1905,0,1,0,9,6,0,7,5,2,0,62,681,0,62,681
99,100,2,10,39949,"2030-6-11",1905,0,1,0,12,3,1,8,7,0,0,611,56,577,12,358
100,100,25,26,25152,"2030-6-11",1905,0,1,0,9,2,4,10,11,1,2,601,602,587,602,601
101,100,11,9,37787,"2030-6-11",1905,0,1,0,9,4,5,7,8,0,1,396,145,174,145,396
102,100,1,3,37306,"2030-6-12",1905,0,1,0,9,4,3,8,9,2,0,334,566,333,465,525
103,100,27,24,16978,"2030-6-12",1905,0,1,0,9,9,1,9,4,2,0,538,402,43,538,402
104,100,2,10,39720,"2030-6-12",1905,0,1,0,9,2,3,3,8,0,1,27,368,56,368,27
105,100,25,26,25200,"2030-6-12",1905,0,1,0,9,4,2,8,8,0,0,22,335,581,22,335
106,100,11,9,37617,"2030-6-12",1905,0,1,0,9,1,3,2,7,0,0,76,16,174,16,76
107,100,1,3,37142,"2030-6-13",1905,0,1,0,9,2,1,6,6,0,0,573,549,503,573,549
108,100,27,24,16996,"2030-6-13",1905,0,1,0,9,8,2,11,5,0,0,360,481,0,360,481
109,100,2,10,39912,"2030-6-13",1905,0,1,0,9,4,2,6,6,0,1,458,580,534,458,442
110,100,25,26,25013,"2030-6-13",1905,0,1,0,9,3,5,8,10,0,0,404,394,0,45,529
111,100,11,9,38121,"2030-6-13",1905,0,1,0,9,5,7,6,17,0,3,401,326,552,315,401
112,100,27,24,17000,"2030-6-14",1905,0,1,0,9,4,3,8,6,3,0,399,454,192,399,454
113,100,2,10,39714,"2030-6-14",1905,0,1,0,9,4,1,11,7,1,0,526,606,611,526,606
114,100,25,26,25315,"2030-6-14",1905,0,1,0,9,7,9,13,11,2,0,544,69,587,69,544
115,100,11,9,37650,"2030-6-14",1905,0,1,0,9,1,6,9,7,2,0,446,223,552,223,446
116,100,2,24,39760,"2030-6-16",1905,0,1,0,9,7,6,11,15,0,0,62,358,192,62,358
117,100,11,3,37640,"2030-6-16",1905,0,1,0,9,1,5,6,9,1,0,396,548,0,548,396
118,100,27,9,17301,"2030-6-16",1905,0,1,0,9,4,5,8,10,1,0,681,145,371,145,681
119,100,10,25,35112,"2030-6-16",1905,0,1,0,9,4,7,10,13,0,0,12,601,0,601,12
120,100,2,24,40180,"2030-6-17",1905,0,1,0,9,7,2,9,5,2,2,538,27,0,538,27
121,100,26,1,12465,"2030-6-17",1905,0,1,0,9,5,2,9,7,1,0,18,602,423,18,602
122,100,11,3,38377,"2030-6-17",1905,0,1,0,9,3,5,6,8,0,0,76,503,505,456,76
123,100,27,9,19063,"2030-6-17",1905,0,1,0,10,5,3,10,6,0,0,361,479,0,16,402
124,100,10,25,35176,"2030-6-17",1905,0,1,0,9,7,2,8,7,0,0,335,368,0,335,368
125,100,2,24,40055,"2030-6-18",1905,0,1,0,9,5,7,9,10,2,2,442,360,467,360,442
126,100,26,1,12351,"2030-6-18",1905,0,1,0,9,12,1,16,7,0,0,17,22,0,17,22
127,100,11,3,38471,"2030-6-18",1905,0,1,0,9,1,3,6,5,1,0,401,465,505,465,401
128,100,27,9,19032,"2030-6-18",1905,0,1,0,9,4,3,8,5,1,1,315,481,326,315,481
129,100,10,25,35223,"2030-6-18",1905,0,1,0,9,2,13,7,16,0,0,458,529,611,529,458
130,100,2,24,40114,"2030-6-19",1905,0,1,0,9,0,2,5,8,0,0,606,399,336,399,606
131,100,26,1,12177,"2030-6-19",1905,0,1,0,9,16,6,16,9,0,3,525,45,0,525,45
132,100,11,3,38632,"2030-6-19",1905,0,1,0,9,5,1,9,6,0,0,503,446,0,573,446
133,100,27,9,19168,"2030-6-19",1905,0,1,0,9,2,1,5,4,1,0,361,371,326,223,454
134,100,10,25,34945,"2030-6-19",1905,0,1,0,9,7,9,11,10,0,0,534,138,455,544,526
135,100,26,24,12295,"2030-6-22",1905,0,1,0,9,8,7,16,8,0,0,546,581,192,62,69
136,100,3,2,30813,"2030-6-22",1905,0,1,0,9,1,2,5,7,1,1,548,358,503,358,548
137,100,1,9,37630,"2030-6-22",1905,0,1,0,9,2,1,5,3,1,1,331,311,0,145,549
138,100,25,27,27230,"2030-6-22",1905,0,1,0,9,9,3,13,9,0,0,681,601,0,681,601
139,100,10,11,35144,"2030-6-22",1905,0,1,0,9,6,9,9,9,2,0,12,396,0,396,12
140,100,26,24,12169,"2030-6-23",1905,0,1,0,9,6,2,9,6,0,2,538,602,192,538,602
141,100,3,2,30739,"2030-6-23",1905,0,1,0,10,4,3,10,10,0,1,502,503,0,27,456
142,100,1,9,37420,"2030-6-23",1905,0,1,0,9,2,3,10,7,0,0,363,16,566,16,18
143,100,25,27,27079,"2030-6-23",1905,0,1,0,9,0,2,3,7,1,0,335,402,466,402,335
144,100,10,11,34883,"2030-6-23",1905,0,1,0,9,6,3,9,6,0,0,76,368,552,76,368
145,100,26,24,13180,"2030-6-24",1905,0,1,0,9,5,11,8,12,0,1,22,360,0,360,22
146,100,3,2,30782,"2030-6-24",1905,0,1,0,9,9,3,18,9,1,1,580,333,0,442,465
147,100,1,9,37616,"2030-6-24",1905,0,1,0,9,5,6,7,11,0,1,423,400,0,315,17
148,100,25,27,28080,"2030-6-24",1905,0,1,0,9,0,10,9,15,0,0,529,481,0,481,529
149,100,10,11,35233,"2030-6-24",1905,0,1,0,9,5,6,7,8,0,0,577,505,0,401,458
150,100,26,24,13405,"2030-6-25",1905,0,1,0,9,3,4,10,7,0,0,445,43,581,399,45
151,100,3,2,30935,"2030-6-25",1905,0,1,0,9,9,3,15,5,1,1,606,573,0,606,573
152,100,1,9,37297,"2030-6-25",1905,0,1,0,9,3,4,5,12,0,1,421,361,0,223,525
153,100,25,27,28396,"2030-6-25",1905,0,1,0,9,0,1,4,4,1,0,506,70,138,454,544
154,100,10,11,35432,"2030-6-25",1905,0,1,0,9,2,6,9,10,1,0,526,446,0,446,526
155,100,24,3,24784,"2030-6-27",1905,0,1,0,9,6,7,7,8,1,0,62,548,192,548,62
156,100,26,10,13205,"2030-6-27",1905,0,1,0,9,14,0,16,5,1,1,12,69,0,12,69
157,100,27,11,20408,"2030-6-27",1905,0,1,0,9,11,1,13,4,1,2,396,681,0,396,681
158,100,25,9,28154,"2030-6-27",1905,0,1,0,9,1,0,6,2,0,0,145,601,361,145,601
159,100,24,3,24621,"2030-6-28",1905,0,1,0,9,1,2,8,8,0,0,538,456,192,456,538
160,100,1,2,37321,"2030-6-28",1905,0,1,0,9,7,3,10,8,1,1,502,549,0,358,549
161,100,26,10,13335,"2030-6-28",1905,0,1,0,9,8,2,12,6,0,1,368,602,0,368,602
162,100,27,11,20380,"2030-6-28",1905,0,1,0,9,8,0,11,2,0,1,76,402,0,76,402
163,100,25,9,27957,"2030-6-28",1905,0,1,0,9,4,1,9,8,2,0,16,335,361,16,335
164,100,24,3,24914,"2030-6-29",1905,0,1,0,10,7,6,12,10,0,2,426,584,0,465,360
165,100,1,2,37255,"2030-6-29",1905,0,1,0,9,4,3,7,7,1,0,502,311,0,27,18
166,100,26,10,13168,"2030-6-29",1905,0,1,0,9,5,6,8,5,0,0,22,458,501,458,22
167,100,27,11,20111,"2030-6-29",1905,0,1,0,9,10,6,17,7,0,0,505,479,0,401,481
168,100,25,9,28261,"2030-6-29",1905,0,1,0,9,7,11,13,13,0,0,529,315,0,315,529
169,100,24,3,24827,"2030-6-30",1905,0,1,0,9,5,2,10,5,0,0,533,546,334,573,399
170,100,1,2,37248,"2030-6-30",1905,0,1,0,9,2,4,8,7,0,0,17,442,421,442,17
171,100,26,10,13320,"2030-6-30",1905,0,1,0,9,8,2,6,10,2,0,526,45,0,526,45
172,100,27,11,20341,"2030-6-30",1905,0,1,0,9,2,3,4,5,1,0,454,446,393,446,454
173,100,25,9,28136,"2030-6-30",1905,0,1,0,14,6,9,14,17,2,2,587,400,0,223,544
174,100,3,26,30883,"2030-7-3",1905,0,1,0,9,5,6,10,6,1,2,533,501,503,69,548
175,100,24,25,25120,"2030-7-3",1905,0,1,0,9,10,5,11,9,0,2,488,62,0,601,62
176,100,9,2,37409,"2030-7-3",1905,0,1,0,9,0,3,1,5,0,0,145,606,331,606,145
177,100,11,1,38651,"2030-7-3",1905,0,1,0,9,4,6,8,10,1,1,396,525,174,525,396
178,100,10,27,35176,"2030-7-3",1905,0,1,0,9,0,11,3,11,0,0,12,681,0,681,12
179,100,3,26,30953,"2030-7-4",1905,0,1,0,9,3,5,6,7,1,1,456,602,503,602,456
180,100,24,25,25239,"2030-7-4",1905,0,1,0,10,5,6,5,15,0,1,584,587,0,335,538
181,100,9,2,37443,"2030-7-4",1905,0,1,0,9,3,12,10,14,2,0,16,358,574,358,16
182,100,11,1,38474,"2030-7-4",1905,0,1,0,9,6,10,9,10,2,1,552,566,0,549,76
183,100,10,27,35445,"2030-7-4",1905,0,1,0,9,2,7,4,10,0,0,368,402,0,402,368
184,100,3,26,30963,"2030-7-5",1905,0,1,0,9,5,7,8,9,3,0,465,22,333,22,465
185,100,24,25,25109,"2030-7-5",1905,0,1,0,9,2,3,6,7,0,0,546,529,192,529,360
186,100,9,2,37531,"2030-7-5",1905,0,1,0,9,8,7,15,10,0,0,56,361,580,27,315
187,100,11,1,38419,"2030-7-5",1905,0,1,0,9,5,3,6,7,0,2,18,401,423,18,401
188,100,10,27,35271,"2030-7-5",1905,0,1,0,9,1,9,2,11,0,0,458,481,0,481,458
189,100,3,26,30683,"2030-7-6",1905,0,1,0,10,3,4,10,12,1,0,426,445,0,45,573
190,100,24,25,25281,"2030-7-6",1905,0,1,0,9,6,0,9,5,1,0,488,399,0,544,399
191,100,9,2,37268,"2030-7-6",1905,0,1,0,9,8,3,14,7,1,0,442,223,0,442,223
192,100,11,1,38724,"2030-7-6",1905,0,1,0,9,1,6,4,12,1,1,446,17,0,17,446
193,100,10,27,35489,"2030-7-6",1905,0,1,0,9,1,7,6,11,0,0,526,454,0,454,526
194,100,1,24,37266,"2030-7-9",1905,0,1,0,10,2,1,5,4,1,0,192,566,527,62,525
195,100,26,2,14098,"2030-7-9",1905,0,1,0,9,7,5,13,10,0,2,606,69,502,606,69
196,100,3,27,30741,"2030-7-9",1905,0,1,0,9,2,5,7,10,1,0,548,681,0,681,548
197,100,9,10,37659,"2030-7-9",1905,0,1,0,9,4,3,9,5,0,1,504,574,0,12,145
198,100,11,25,38388,"2030-7-9",1905,0,1,0,9,4,13,10,18,2,2,396,601,0,601,396
199,100,1,24,37104,"2030-7-10",1905,0,1,0,9,6,10,11,16,2,0,549,538,0,538,549
200,100,26,2,13941,"2030-7-10",1905,0,1,0,9,0,5,2,10,0,1,602,358,0,358,602
201,100,3,27,30849,"2030-7-10",1905,0,1,0,9,2,1,4,7,0,0,402,456,479,402,456
202,100,9,10,37540,"2030-7-10",1905,0,1,0,9,7,4,9,7,1,3,368,16,577,368,16
203,100,11,25,38464,"2030-7-10",1905,0,1,0,9,1,3,4,7,0,1,76,335,174,335,76
204,100,1,24,36955,"2030-7-11",1905,0,1,0,9,0,1,5,7,0,2,566,360,421,360,18
205,100,26,2,14000,"2030-7-11",1905,0,1,0,9,6,5,9,10,0,1,56,501,580,27,22
206,100,3,27,30684,"2030-7-11",1905,0,1,0,9,3,5,4,9,1,0,333,481,0,481,465
207,100,9,10,37406,"2030-7-11",1905,0,1,0,9,3,1,9,6,0,0,458,400,577,458,315
208,100,11,25,38367,"2030-7-11",1905,0,1,0,9,3,0,8,5,0,0,529,401,466,529,401
209,100,1,24,36189,"2030-7-12",1905,0,1,0,9,5,3,9,6,0,1,399,421,192,399,421
210,100,26,2,13955,"2030-7-12",1905,0,1,0,9,8,2,13,8,1,1,442,45,0,442,45
211,100,3,27,30720,"2030-7-12",1905,0,1,0,9,2,5,7,10,0,0,573,454,533,454,573
212,100,9,10,37239,"2030-7-12",1905,0,1,0,9,2,3,8,3,2,0,559,611,400,526,223
213,100,11,25,38668,"2030-7-12",1905,0,1,0,9,7,4,13,8,0,2,544,446,138,544,446
214,100,24,9,25615,"2030-7-15",1905,0,1,0,9,0,6,4,10,1,0,62,145,0,145,62
215,100,26,11,14243,"2030-7-15",1905,0,1,0,9,8,7,12,13,0,1,396,445,174,396,69
216,100,27,1,20887,"2030-7-15",1905,0,1,0,9,7,5,11,11,0,2,525,681,423,525,681
217,100,25,2,28380,"2030-7-15",1905,0,1,0,9,4,5,10,8,1,0,601,606,466,606,601
218,100,10,3,35281,"2030-7-15",1905,0,1,0,9,0,8,6,10,1,1,12,17,0,17,12
219,100,24,9,25862,"2030-7-16",1905,0,1,0,10,3,1,7,5,0,0,361,584,0,16,538
220,100,26,11,14489,"2030-7-16",1905,0,1,0,9,13,2,19,6,0,1,76,602,174,76,602
221,100,27,1,21060,"2030-7-16",1905,0,1,0,9,0,2,1,5,0,1,402,549,500,549,402
222,100,25,2,28743,"2030-7-16",1905,0,1,0,9,9,8,9,11,0,4,358,335,336,358,335
223,100,10,3,35468,"2030-7-16",1905,0,1,0,9,3,10,4,16,0,0,368,548,0,548,368
224,100,24,9,25536,"2030-7-17",1905,0,1,0,11,3,5,7,10,1,1,584,574,0,315,360
225,100,26,11,14587,"2030-7-17",1905,0,1,0,9,6,2,9,5,0,1,401,22,0,401,22
226,100,27,1,20914,"2030-7-17",1905,0,1,0,10,2,1,6,8,0,1,456,481,0,18,481
227,100,25,2,28599,"2030-7-17",1905,0,1,0,9,1,5,4,13,0,0,529,27,0,27,529
228,100,10,3,35459,"2030-7-17",1905,0,1,0,9,1,7,8,7,0,0,458,465,0,465,458
229,100,24,9,25677,"2030-7-18",1905,0,1,0,9,5,4,11,9,0,0,223,399,326,223,399
230,100,26,11,14551,"2030-7-18",1905,0,1,0,9,5,1,7,5,0,0,446,45,505,446,45
231,100,27,1,20980,"2030-7-18",1905,0,1,0,9,1,7,5,13,0,0,454,363,0,363,454
232,100,25,2,28292,"2030-7-18",1905,0,1,0,9,5,4,10,9,0,1,442,544,56,442,544
233,100,10,3,35498,"2030-7-18",1905,0,1,0,9,3,4,6,5,0,0,526,333,611,573,526
234,100,10,1,35183,"2030-7-21",1905,0,1,0,9,9,8,14,9,3,0,594,12,456,525,12
235,100,2,27,40264,"2030-7-21",1905,0,1,0,9,3,12,7,13,1,1,606,681,0,681,606
236,100,24,11,25603,"2030-7-21",1905,0,1,0,9,4,5,5,8,1,1,43,505,192,396,62
237,100,25,3,28401,"2030-7-21",1905,0,1,0,9,4,3,7,7,1,0,548,601,503,548,601
238,100,9,26,37195,"2030-7-21",1905,0,1,0,9,10,7,13,11,0,2,69,361,0,69,145
239,100,10,1,35209,"2030-7-22",1905,0,1,0,9,2,7,7,11,0,1,368,549,0,549,368
240,100,2,27,40263,"2030-7-22",1905,0,1,0,11,5,4,14,8,0,1,479,56,500,402,358
241,100,24,11,25871,"2030-7-22",1905,0,1,0,9,6,2,10,6,1,0,76,538,552,76,538
242,100,25,3,28677,"2030-7-22",1905,0,1,0,9,4,2,5,8,0,0,17,335,334,17,335
243,100,9,26,37476,"2030-7-22",1905,0,1,0,10,4,5,9,11,0,0,326,581,0,602,16
244,100,10,1,35204,"2030-7-23",1905,0,1,0,9,2,11,4,14,1,1,458,18,0,18,458
245,100,2,27,40047,"2030-7-23",1905,0,1,0,9,0,4,4,8,0,1,27,481,0,481,27
246,100,24,11,25896,"2030-7-23",1905,0,1,0,9,4,1,9,4,1,0,401,360,0,401,360
247,100,25,3,28558,"2030-7-23",1905,0,1,0,9,3,1,10,7,0,0,333,506,457,465,529
248,100,9,26,37484,"2030-7-23",1905,0,1,0,9,0,2,3,7,1,0,315,22,574,22,315
249,100,10,1,35147,"2030-7-24",1905,0,1,0,9,3,2,11,5,0,1,594,526,423,363,526
250,100,2,27,40061,"2030-7-24",1905,0,1,0,9,0,2,1,10,1,0,442,454,56,454,442
251,100,24,11,25945,"2030-7-24",1905,0,1,0,9,1,4,4,5,0,0,399,446,0,446,399
252,100,25,3,28724,"2030-7-24",1905,0,1,0,9,5,8,7,16,0,0,544,573,0,573,544
253,100,9,26,37409,"2030-7-24",1905,0,1,0,9,3,7,4,8,1,1,223,45,559,45,223
254,100,26,3,14946,"2030-8-12",1905,0,1,0,9,5,2,12,10,0,0,548,69,533,548,69
255,100,2,9,40339,"2030-8-12",1905,0,1,0,10,4,5,7,8,0,0,580,574,0,145,337
256,100,25,24,27780,"2030-8-12",1905,0,1,0,9,1,9,4,10,0,0,456,62,0,62,456
257,100,1,11,36530,"2030-8-12",1905,0,1,0,9,4,5,9,7,3,1,311,505,0,396,525
258,100,10,27,35904,"2030-8-12",1905,0,1,0,9,3,5,8,10,2,0,12,681,504,681,12
259,100,26,3,14974,"2030-8-13",1905,0,1,0,9,5,4,7,5,1,0,17,602,503,17,602
260,100,2,9,40627,"2030-8-13",1905,0,1,0,9,6,5,8,6,1,0,16,502,361,16,606
261,100,25,24,28082,"2030-8-13",1905,0,1,0,9,3,10,6,15,0,0,335,538,0,538,335
262,100,1,11,36555,"2030-8-13",1905,0,1,0,9,12,2,11,9,1,0,76,549,0,76,549
263,100,10,27,36170,"2030-8-13",1905,0,1,0,9,3,8,7,10,0,0,368,402,0,402,368
264,100,26,3,14749,"2030-8-14",1905,0,1,0,9,5,0,7,4,1,1,465,22,0,465,22
265,100,2,9,40656,"2030-8-14",1905,0,1,0,9,6,7,9,6,4,0,336,326,0,315,27
266,100,25,24,27871,"2030-8-14",1905,0,1,0,11,6,4,10,11,0,0,584,506,546,360,529
267,100,1,11,36409,"2030-8-14",1905,0,1,0,9,12,4,15,7,0,0,401,363,0,401,18
268,100,10,27,36096,"2030-8-14",1905,0,1,0,9,6,5,10,7,0,1,481,611,500,481,458
269,100,26,3,14670,"2030-8-15",1905,0,1,0,10,5,4,11,10,0,0,457,445,334,573,45
270,100,2,9,40732,"2030-8-15",1905,0,1,0,9,6,8,11,10,0,2,453,223,336,223,442
271,100,25,24,27702,"2030-8-15",1905,0,1,0,9,0,4,6,9,1,0,544,399,466,399,544
272,100,1,11,36269,"2030-8-15",1905,0,1,0,9,11,5,15,7,0,0,446,616,0,446,616
273,100,2,24,40400,"2030-8-17",1905,0,1,0,9,2,0,5,6,0,0,62,337,192,62,337
274,100,26,1,14568,"2030-8-17",1905,0,1,0,9,3,7,4,11,1,0,69,525,0,525,69
275,100,9,3,37718,"2030-8-17",1905,0,1,0,9,9,18,10,22,2,1,145,548,0,548,145
276,100,27,10,20744,"2030-8-17",1905,0,1,0,12,2,1,9,7,0,1,534,393,0,526,454
277,100,2,24,40617,"2030-8-18",1905,0,1,0,9,5,7,10,11,1,0,606,538,56,538,606
278,100,26,1,14743,"2030-8-18",1905,0,1,0,9,3,7,4,17,0,0,602,549,0,549,602
279,100,9,3,37783,"2030-8-18",1905,0,1,0,9,9,4,14,11,0,0,17,16,0,17,16
280,100,27,10,21063,"2030-8-18",1905,0,1,0,9,11,1,9,6,0,1,12,681,0,12,681
281,100,25,11,27611,"2030-8-18",1905,0,1,0,9,9,5,12,11,2,1,505,466,0,396,456
282,100,2,24,40745,"2030-8-19",1905,0,1,0,9,6,2,7,5,0,0,360,27,0,360,27
283,100,26,1,14899,"2030-8-19",1905,0,1,0,9,6,2,11,2,0,0,18,22,311,18,22
284,100,9,3,37988,"2030-8-19",1905,0,1,0,9,10,8,11,8,1,1,533,331,333,465,315
285,100,27,10,20990,"2030-8-19",1905,0,1,0,12,9,5,10,10,0,0,611,371,0,368,402
286,100,25,11,27828,"2030-8-19",1905,0,1,0,9,9,4,12,11,2,1,76,601,0,76,335
287,100,2,24,40813,"2030-8-20",1905,0,1,0,9,11,5,16,13,1,0,584,442,192,399,442
288,100,26,1,14704,"2030-8-20",1905,0,1,0,9,5,0,9,3,0,2,616,45,0,616,45
289,100,9,3,37850,"2030-8-20",1905,0,1,0,9,20,14,22,13,1,1,503,223,426,573,223
290,100,27,10,21082,"2030-8-20",1905,0,1,0,15,3,2,5,12,1,0,455,393,0,458,481
291,100,25,11,27787,"2030-8-20",1905,0,1,0,9,2,7,7,9,3,0,529,401,0,401,529
292,100,2,3,40410,"2030-8-22",1905,0,1,0,9,1,6,10,11,2,0,337,548,0,548,337
293,100,27,26,21017,"2030-8-22",1905,0,1,0,10,10,6,13,9,1,0,581,500,0,69,454
294,100,11,10,39337,"2030-8-22",1905,0,1,0,9,2,4,6,9,0,0,446,526,174,526,446
295,100,24,1,26527,"2030-8-23",1905,0,1,0,9,1,9,3,12,1,0,62,525,0,525,62
296,100,2,3,40406,"2030-8-23",1905,0,1,0,14,2,3,12,8,1,0,453,426,0,17,606
297,100,27,26,21004,"2030-8-23",1905,0,1,0,9,8,4,12,5,0,1,602,681,0,602,681
298,100,9,25,37766,"2030-8-23",1905,0,1,0,9,2,3,6,8,0,1,145,544,574,544,145
299,100,11,10,39211,"2030-8-23",1905,0,1,0,9,12,5,14,9,1,0,12,396,0,12,396
300,100,24,1,26371,"2030-8-24",1905,0,1,0,9,3,6,10,10,0,0,538,549,0,549,538
301,100,2,3,40832,"2030-8-24",1905,0,1,0,9,2,7,8,10,0,1,27,465,0,465,27
302,101,17,16,16184,"2030-5-15",1905,0,1,0,11,3,5,11,13,1,0,38,661,0,462,622
303,101,28,18,6179,"2030-5-15",1905,0,1,0,9,4,5,9,6,0,1,600,668,617,668,600
304,101,29,19,5573,"2030-5-15",1905,0,1,0,9,7,2,14,7,1,0,595,678,0,595,678
305,101,17,16,16235,"2030-5-16",1905,0,1,0,9,10,3,11,10,1,2,694,643,545,694,643
306,101,28,18,6158,"2030-5-16",1905,0,1,0,9,13,0,18,3,1,0,684,679,0,684,679
307,101,29,19,5662,"2030-5-16",1905,0,1,0,9,0,5,11,9,1,0,722,485,663,485,722
308,101,17,16,16082,"2030-5-17",1905,0,1,0,9,3,4,8,9,0,2,691,686,3,615,695
309,101,28,18,6164,"2030-5-17",1905,0,1,0,9,4,3,8,11,1,0,696,717,144,696,717
310,101,29,19,5643,"2030-5-17",1905,0,1,0,9,4,6,10,10,1,1,697,708,0,688,730
311,101,17,16,16256,"2030-5-18",1905,0,1,0,9,7,1,10,7,1,1,613,622,0,613,622
312,101,28,18,6167,"2030-5-18",1905,0,1,0,12,8,5,21,12,0,1,726,657,0,699,687
313,101,29,19,5588,"2030-5-18",1905,0,1,0,9,6,5,9,14,0,2,712,697,708,595,678
314,101,28,16,6152,"2030-5-20",1905,0,1,0,9,1,8,7,9,0,0,600,462,480,462,600
315,101,17,29,16108,"2030-5-20",1905,0,1,0,11,3,5,11,10,0,0,3,662,0,722,643
316,101,18,19,15774,"2030-5-20",1905,0,1,0,11,2,0,7,5,1,0,708,668,389,485,668
317,101,28,16,6215,"2030-5-21",1905,0,1,0,9,3,6,14,11,0,0,666,686,617,694,679
318,101,17,29,16235,"2030-5-21",1905,0,1,0,9,3,8,8,11,0,0,691,667,0,730,695
319,101,18,19,15760,"2030-5-21",1905,0,1,0,9,8,3,13,7,0,1,688,684,0,688,684
320,101,28,16,6148,"2030-5-22",1905,0,1,0,9,9,5,11,15,0,1,686,617,589,615,717
321,101,17,29,16205,"2030-5-22",1905,0,1,0,9,2,12,11,13,1,0,622,678,0,678,622
322,101,18,19,15743,"2030-5-22",1905,0,1,0,9,8,3,13,6,0,0,595,696,670,595,696
323,101,28,16,6088,"2030-5-23",1905,0,1,0,9,11,4,17,9,2,0,545,687,0,613,687
324,101,17,29,16234,"2030-5-23",1905,0,1,0,9,6,11,13,13,0,0,693,722,1,722,643
325,101,18,19,15807,"2030-5-23",1905,0,1,0,9,8,3,11,11,0,0,721,699,389,485,699
326,101,16,29,14819,"2030-5-26",1905,0,1,0,9,1,2,6,6,0,0,462,730,686,730,462
327,101,28,19,6221,"2030-5-26",1905,0,1,0,9,6,2,13,9,1,0,688,600,708,688,600
328,101,18,17,15815,"2030-5-26",1905,0,1,0,9,4,10,6,12,1,1,668,695,0,695,668
329,101,16,29,14750,"2030-5-27",1905,0,1,0,9,12,1,11,6,1,2,678,694,0,678,694
330,101,28,19,6192,"2030-5-27",1905,0,1,0,9,1,3,7,7,1,1,679,595,617,595,679
331,101,18,17,15842,"2030-5-27",1905,0,1,0,9,3,9,10,16,0,2,684,622,0,622,684
332,101,16,29,14707,"2030-5-28",1905,0,1,0,9,5,0,7,3,0,1,722,615,697,722,615
333,101,28,19,6176,"2030-5-28",1905,0,1,0,9,2,6,9,9,0,1,717,485,0,485,717
334,101,18,17,15858,"2030-5-28",1905,0,1,0,9,2,7,7,7,0,2,696,643,603,643,696
335,101,16,29,14709,"2030-5-29",1905,0,1,0,9,9,10,10,13,0,1,613,731,589,731,613
336,101,28,19,6171,"2030-5-29",1905,0,1,0,9,8,7,14,12,0,0,721,687,708,688,687
337,101,18,17,15844,"2030-5-29",1905,0,1,0,9,7,3,8,6,0,1,695,726,0,695,726
338,101,16,19,14817,"2030-6-1",1905,0,1,0,9,6,3,10,11,0,1,712,686,708,595,462
339,101,29,18,5660,"2030-6-1",1905,0,1,0,9,1,3,7,7,0,0,665,668,697,668,730
340,101,17,28,16183,"2030-6-1",1905,0,1,0,9,10,3,14,9,0,0,600,691,617,600,622
341,101,16,19,14765,"2030-6-2",1905,0,1,0,9,7,3,11,4,2,2,485,694,0,485,694
342,101,29,18,5664,"2030-6-2",1905,0,1,0,9,5,7,12,11,1,0,664,603,662,684,678
343,101,17,28,16196,"2030-6-2",1905,0,1,0,10,6,3,8,6,0,3,617,3,666,679,643
344,101,16,19,14788,"2030-6-3",1905,0,1,0,9,0,11,9,12,0,0,615,688,498,688,615
345,101,29,18,5552,"2030-6-3",1905,0,1,0,9,1,3,10,8,0,2,667,696,634,696,722
346,101,17,28,16142,"2030-6-3",1905,0,1,0,9,6,0,11,3,0,0,717,695,0,717,695
347,101,16,19,14678,"2030-6-4",1905,0,1,0,9,4,7,12,5,1,0,686,670,115,595,613
348,101,29,18,5647,"2030-6-4",1905,0,1,0,9,9,6,17,10,0,1,699,667,144,726,731
349,101,17,28,16119,"2030-6-4",1905,0,1,0,9,1,3,5,6,2,0,622,687,38,687,622
350,101,16,18,14812,"2030-6-7",1905,0,1,0,9,2,4,5,10,1,0,686,603,589,668,462
351,101,17,19,16079,"2030-6-7",1905,0,1,0,9,2,3,6,8,0,0,643,485,3,485,643
352,101,28,29,6135,"2030-6-7",1905,0,1,0,12,2,3,9,12,0,0,658,662,0,730,600
353,101,16,18,14755,"2030-6-8",1905,0,1,0,9,6,2,13,8,2,0,684,694,144,684,694
354,101,17,19,16237,"2030-6-8",1905,0,1,0,9,7,4,13,6,0,0,688,693,0,688,695
355,101,28,29,6146,"2030-6-8",1905,0,1,0,9,10,6,14,9,0,0,678,679,697,678,679
356,101,16,18,14817,"2030-6-9",1905,0,1,0,9,0,1,5,4,0,0,615,696,115,696,615
357,101,17,19,16239,"2030-6-9",1905,0,1,0,9,1,7,8,9,1,0,622,595,691,595,622
358,101,28,29,6220,"2030-6-9",1905,0,1,0,9,11,4,13,5,0,0,722,717,667,722,717
359,101,16,18,14718,"2030-6-10",1905,0,1,0,9,3,4,11,9,0,0,613,726,589,726,613
360,101,17,19,16203,"2030-6-10",1905,0,1,0,9,0,3,4,9,0,1,5,721,3,485,643
361,101,28,29,6083,"2030-6-10",1905,0,1,0,9,1,3,6,6,0,2,687,731,617,731,687
362,101,16,17,14769,"2030-6-13",1905,0,1,0,9,1,0,6,4,0,1,691,686,3,695,462
363,101,18,28,15792,"2030-6-13",1905,0,1,0,9,13,4,12,8,1,0,600,668,480,600,668
364,101,19,29,16395,"2030-6-13",1905,0,1,0,9,5,2,6,6,0,1,730,688,697,730,688
365,101,16,17,14708,"2030-6-14",1905,0,1,0,9,7,5,7,9,0,0,1,694,3,622,694
366,101,18,28,15829,"2030-6-14",1905,0,1,0,9,9,8,12,14,0,2,657,631,617,679,684
367,101,19,29,16079,"2030-6-14",1905,0,1,0,9,7,6,15,14,1,0,678,595,697,678,595
368,101,16,17,14764,"2030-6-15",1905,0,1,0,9,13,11,14,20,0,2,643,545,3,643,615
369,101,18,28,15894,"2030-6-15",1905,0,1,0,9,9,8,12,12,1,1,658,144,617,717,696
370,101,19,29,16227,"2030-6-15",1905,0,1,0,10,6,5,8,10,1,1,634,388,662,722,485
371,101,16,17,14813,"2030-6-16",1905,0,1,0,9,4,9,10,13,0,0,498,695,0,695,613
372,101,18,28,15755,"2030-6-16",1905,0,1,0,9,6,2,8,12,0,1,687,726,0,687,726
373,101,19,29,16389,"2030-6-16",1905,0,1,0,9,6,5,7,10,0,1,634,708,662,731,688
374,101,16,28,14753,"2030-6-19",1905,0,1,0,9,2,5,7,8,0,0,462,600,686,600,462
375,101,29,17,5550,"2030-6-19",1905,0,1,0,9,6,7,7,17,0,1,730,622,697,622,730
376,101,19,18,16303,"2030-6-19",1905,0,1,0,9,5,3,13,10,0,0,668,595,603,668,595
377,101,16,28,14717,"2030-6-20",1905,0,1,0,9,9,12,14,15,0,1,661,679,686,679,694
378,101,29,17,5563,"2030-6-20",1905,0,1,0,9,3,10,11,18,0,0,678,643,0,643,678
379,101,19,18,16273,"2030-6-20",1905,0,1,0,9,4,7,7,11,1,0,485,684,0,684,485
380,101,16,28,14700,"2030-6-21",1905,0,1,0,9,1,5,9,12,0,0,615,717,0,717,615
381,101,29,17,5598,"2030-6-21",1905,0,1,0,9,6,2,13,13,1,0,695,722,691,695,722
382,1000,13,14,30022,"2020-1-1",1405,5,1,0,9,3,0,7,4,1,0,208,211,0,208,211
383,1000,15,12,30021,"2020-1-1",1405,5,1,0,9,5,1,10,7,0,1,227,207,195,227,207
384,1000,14,13,30233,"2020-1-2",1905,5,1,0,9,10,2,13,6,0,1,203,76,0,203,76
385,1000,12,15,30094,"2020-1-2",1905,5,1,0,9,9,6,12,7,0,0,198,200,0,198,200
386,1000,14,12,29992,"2020-1-3",1905,5,1,0,9,3,5,9,10,0,2,213,56,174,77,197
387,1000,15,13,30302,"2020-1-3",1905,5,1,0,9,5,4,7,6,0,0,229,132,62,229,132
388,1000,12,14,30237,"2020-1-5",1905,5,1,0,11,2,3,10,12,1,1,172,174,0,223,126
389,1000,15,13,30262,"2020-1-5",1905,5,1,0,9,3,5,12,3,1,0,226,85,165,85,226
390,1000,13,14,30089,"2020-1-6",1905,5,1,0,9,1,4,7,9,0,1,211,208,62,208,211
391,1000,12,15,30294,"2020-1-6",1905,5,1,0,9,8,1,11,3,1,0,207,227,0,207,227
392,1000,14,15,30332,"2020-1-7",1905,5,1,0,9,3,4,10,6,2,1,213,192,174,198,76
393,1000,13,12,30230,"2020-1-7",1905,5,1,0,9,5,7,11,11,0,1,203,200,62,200,203
394,1000,13,14,30321,"2020-1-8",1905,5,1,0,9,6,7,9,12,0,0,45,90,62,197,229
395,1000,12,15,29983,"2020-1-8",1905,5,1,0,11,3,4,11,6,0,0,195,165,0,132,77
396,1000,12,14,30500,"2020-1-9",1905,5,1,0,12,6,7,14,14,1,1,172,174,0,223,126
397,1000,15,13,30017,"2020-1-9",1905,5,1,0,9,3,0,8,2,1,1,85,226,219,85,226
398,1000,12,14,30339,"2020-1-10",1905,5,1,0,9,5,4,13,9,0,1,208,56,57,208,227
399,1000,15,13,30074,"2020-1-10",1905,5,1,0,9,4,2,6,7,0,0,211,207,62,211,207
400,1000,14,13,30056,"2020-1-12",1905,5,1,0,9,6,0,5,6,0,1,203,76,0,203,76
401,1000,12,15,30053,"2020-1-12",1905,5,1,0,14,4,3,11,10,0,0,218,46,0,198,200
402,1000,15,14,30438,"2020-1-13",1905,5,1,0,9,10,4,13,8,1,2,213,132,0,197,132
403,1000,12,13,30310,"2020-1-13",1905,5,1,0,9,4,5,8,13,0,0,77,215,56,229,77
404,1000,13,14,30171,"2020-1-14",1905,5,1,0,9,10,7,13,10,2,0,223,85,174,223,85
405,1000,12,15,30219,"2020-1-14",1905,5,1,0,9,2,8,9,12,1,0,126,226,0,226,126
406,1000,14,15,29954,"2020-1-15",1905,5,1,0,9,2,3,8,9,0,1,208,207,174,207,208
407,1000,12,13,30056,"2020-1-15",1905,5,1,0,9,9,1,14,5,2,1,211,227,219,211,227
408,1000,14,15,30132,"2020-1-16",1405,5,1,0,9,1,3,8,5,0,0,76,198,174,198,76
409,1000,13,12,30010,"2020-1-16",1405,5,1,0,9,0,4,3,4,0,1,62,172,0,200,203
410,1000,12,14,30393,"2020-1-17",1905,5,1,0,9,9,4,7,12,1,0,90,77,0,197,77
411,1000,15,13,30114,"2020-1-17",1905,5,1,0,9,2,3,4,9,1,1,101,215,165,229,132
412,1000,13,14,30066,"2020-1-19",1405,5,1,0,9,4,1,10,6,1,1,223,85,174,223,85
413,1000,12,15,30469,"2020-1-19",1905,5,1,0,9,6,2,13,9,0,1,226,126,165,226,126
414,1000,14,13,30242,"2020-1-20",1905,5,1,0,13,5,0,7,7,0,0,215,174,0,211,208
415,1000,12,15,30440,"2020-1-20",1405,5,1,0,9,0,7,3,10,0,0,227,207,0,207,227
416,1000,14,15,30221,"2020-1-21",1905,5,1,0,9,8,5,20,9,1,1,192,213,165,198,76
417,1000,12,13,30192,"2020-1-21",1305,5,1,0,9,0,2,4,8,2,0,200,203,0,203,200
418,1000,14,15,30393,"2020-1-22",1905,5,1,0,9,13,3,17,10,0,1,132,197,0,132,197
419,1000,12,13,30301,"2020-1-22",1905,5,1,0,9,10,8,13,9,0,1,45,172,62,229,77
420,1000,14,15,30001,"2020-1-23",1905,5,1,0,9,9,12,8,16,0,3,223,226,174,226,223
421,1000,13,12,30245,"2020-1-23",1905,5,1,0,9,9,4,14,10,1,0,126,85,195,126,85
422,1000,14,12,30017,"2020-1-24",1905,5,1,0,9,1,11,4,15,2,2,208,227,0,227,208
423,1000,13,15,30098,"2020-1-24",1905,5,1,0,9,6,3,12,9,1,2,192,62,165,207,211
424,1000,14,15,30442,"2020-1-26",1905,5,1,0,9,3,2,11,4,0,1,101,174,165,198,76
425,1000,12,13,30218,"2020-1-26",1905,5,1,0,9,7,0,8,6,0,1,203,200,0,203,200
426,1000,14,13,30430,"2020-1-27",1905,5,1,0,9,7,5,13,6,0,1,229,197,62,229,197
427,1000,15,12,30182,"2020-1-27",1405,5,1,0,11,5,4,8,10,1,1,195,192,0,77,132
428,1000,12,14,30401,"2020-1-28",1905,5,1,0,9,3,4,9,9,0,0,56,57,195,223,126
429,1000,13,15,30143,"2020-1-28",1905,5,1,0,9,7,3,14,9,0,1,192,62,0,226,85
430,1000,13,14,30202,"2020-1-29",1905,5,1,0,9,7,2,11,4,1,0,208,211,0,208,211
431,1000,15,12,30208,"2020-1-29",1905,5,1,0,9,8,6,12,9,0,1,46,165,0,227,207
432,1000,12,14,30465,"2020-1-30",1905,5,1,0,9,2,4,3,10,0,1,200,76,195,76,200
433,1000,13,15,30319,"2020-1-30",1905,5,1,0,9,3,11,9,15,0,0,215,198,0,198,203
434,1000,14,12,30132,"2020-1-31",1905,5,1,0,9,5,4,9,7,0,0,77,197,172,77,197
435,1000,13,15,30163,"2020-1-31",1305,5,1,0,14,6,9,10,16,0,0,45,165,0,132,229
436,1000,13,14,30176,"2020-2-2",1905,5,1,0,9,6,8,8,7,0,1,85,223,219,223,85
437,1000,12,15,30033,"2020-2-2",1505,5,1,0,9,5,0,8,3,1,0,226,126,0,226,126
438,1000,14,12,30305,"2020-2-3",1905,5,1,0,9,2,3,6,8,0,0,208,227,174,227,208
439,1000,13,15,29968,"2020-2-3",1905,5,1,0,9,1,3,6,7,1,1,211,207,62,207,211
440,1000,14,12,30445,"2020-2-4",1905,5,1,0,9,4,5,8,9,1,0,76,200,174,200,76
441,1000,15,13,30059,"2020-2-4",1905,5,1,0,11,6,5,11,8,0,0,219,165,0,203,198
442,1000,15,14,30366,"2020-2-5",1905,5,1,0,9,5,6,7,11,2,0,101,57,0,197,132
443,1000,12,13,29990,"2020-2-5",1405,5,1,0,12,5,6,13,11,2,1,195,215,0,229,77
444,1000,14,12,30174,"2020-2-6",1905,5,1,0,9,6,0,11,6,0,0,126,223,56,126,223
445,1000,15,13,30347,"2020-2-6",1905,5,1,0,9,3,4,9,7,0,1,218,219,165,85,226
446,1000,14,13,30371,"2020-2-7",1905,5,1,0,9,6,4,10,9,1,0,211,57,62,211,208
447,1000,12,15,30057,"2020-2-7",1905,5,1,0,9,4,5,9,14,0,2,46,218,195,207,227
448,1000,15,14,30198,"2020-2-9",1305,5,1,0,9,3,9,11,10,0,0,198,76,101,76,198
449,1000,13,12,30410,"2020-2-9",1905,5,1,0,9,1,5,4,6,1,0,203,200,0,200,203
450,1000,14,15,30024,"2020-2-10",1305,5,1,0,9,5,1,13,11,0,0,132,197,0,132,197
451,1000,13,12,30024,"2020-2-10",1905,5,1,0,9,6,5,6,10,1,0,77,219,195,77,229
452,1000,12,14,30462,"2020-2-11",1905,5,1,0,9,6,4,11,6,0,0,223,46,174,223,126
453,1000,13,15,30280,"2020-2-11",1905,5,1,0,9,0,9,3,9,2,0,85,226,0,226,85
454,1000,15,14,30227,"2020-2-12",1905,5,1,0,12,4,3,12,6,0,1,90,192,0,208,207
455,1000,12,13,30422,"2020-2-12",1905,5,1,0,9,9,3,11,11,0,1,211,172,45,211,227
456,1000,14,13,30006,"2020-2-13",1905,5,1,0,9,2,1,5,5,1,0,215,76,62,203,76
457,1000,15,12,30321,"2020-2-13",1905,5,1,0,9,10,0,11,8,0,0,200,198,0,200,198
458,1000,14,15,30273,"2020-2-14",1905,5,1,0,9,1,15,6,17,0,0,197,132,0,132,197
459,1000,12,13,30013,"2020-2-14",1905,5,1,0,9,9,3,15,3,0,1,229,77,215,229,77
460,1000,13,14,29989,"2020-2-16",1305,5,1,0,9,8,6,12,9,2,0,223,85,174,223,85
461,1000,12,15,30335,"2020-2-16",1405,5,1,0,9,7,4,16,8,0,1,226,126,165,226,126
462,1000,14,13,30097,"2020-2-17",1905,5,1,0,9,2,1,5,6,1,0,211,208,62,211,208
463,1000,15,12,30113,"2020-2-17",1905,5,1,0,9,2,5,5,7,0,0,207,227,165,227,207
464,1000,14,12,30112,"2020-2-18",1905,5,1,0,9,2,5,7,8,0,0,174,172,0,200,76
465,1000,15,13,29996,"2020-2-18",1905,5,1,0,9,5,4,12,10,0,0,215,101,62,203,198
466,1000,14,15,30467,"2020-2-19",1905,5,1,0,11,6,4,14,12,0,1,192,174,0,132,197
467,1000,13,12,30143,"2020-2-19",1905,5,1,0,9,3,4,4,9,1,0,45,77,62,77,229
468,1000,12,14,30503,"2020-2-20",1905,5,1,0,9,13,3,17,8,1,0,223,126,0,223,126
469,1000,15,13,30263,"2020-2-20",1905,5,1,0,9,6,5,12,9,2,0,85,226,215,85,226
470,1000,15,14,30227,"2020-2-21",1905,5,1,0,9,5,2,10,5,0,2,208,207,174,208,207
471,1000,13,12,30223,"2020-2-21",1405,5,1,0,9,2,4,9,10,1,0,219,227,62,227,211
472,1000,14,12,30074,"2020-2-23",1305,5,1,0,9,4,6,5,8,1,0,90,200,174,200,76
473,1000,15,13,30303,"2020-2-23",1505,5,1,0,9,5,3,7,10,0,1,203,198,62,203,198
474,1000,15,14,30008,"2020-2-24",1405,5,1,0,9,4,6,9,9,1,1,132,197,165,197,132
475,1000,13,12,30401,"2020-2-24",1905,5,1,0,9,3,4,7,5,0,0,229,77,62,77,229
476,1000,15,14,29994,"2020-2-25",1905,5,1,0,9,2,4,11,9,0,1,226,223,165,223,226
477,1000,13,12,30276,"2020-2-25",1305,5,1,0,9,4,12,4,12,1,0,85,126,0,126,85
478,1000,15,14,30284,"2020-2-26",1405,5,1,0,9,4,3,11,7,1,0,208,207,174,208,207
479,1000,12,13,30428,"2020-2-26",1905,5,1,0,9,1,5,6,8,0,0,56,45,0,211,227
480,1000,14,12,30332,"2020-2-27",1905,5,1,0,9,1,6,5,10,2,0,76,200,57,200,76
481,1000,13,15,30322,"2020-2-27",1905,5,1,0,9,1,2,5,4,1,0,203,198,62,198,203
482,1000,14,13,30455,"2020-2-28",1905,5,1,0,9,2,3,6,5,2,1,197,229,174,229,197
483,1000,15,12,30049,"2020-2-28",1905,5,1,0,9,8,1,11,8,0,0,77,132,0,77,132
484,1000,14,13,29978,"2020-3-1",1905,5,1,0,9,4,8,6,11,0,0,223,215,0,85,223
485,1000,15,12,30145,"2020-3-1",1905,5,1,0,9,9,5,13,10,1,1,126,192,0,126,226
486,1000,12,14,30382,"2020-3-2",1905,5,1,0,9,3,1,4,3,1,0,208,227,174,208,227
487,1000,13,15,29984,"2020-3-2",1905,5,1,0,9,3,5,6,6,0,0,211,207,62,207,211
488,1000,15,14,30430,"2020-3-3",1905,5,1,0,9,5,8,8,9,1,0,218,57,165,76,198
489,1000,12,13,30296,"2020-3-3",1905,5,1,0,9,6,8,11,9,0,0,200,203,195,203,200
490,1000,13,14,30333,"2020-3-4",1905,5,1,0,9,5,3,9,7,2,0,197,229,174,197,229
491,1000,15,12,30017,"2020-3-4",1905,5,1,0,9,3,6,10,10,0,1,132,77,165,77,132
492,1000,13,14,30388,"2020-3-5",1905,5,1,0,9,1,6,6,11,0,1,85,223,0,223,85
493,1000,15,12,29955,"2020-3-5",1905,5,1,0,9,7,3,15,8,1,2,126,226,195,126,226
494,1000,12,14,30137,"2020-3-6",1905,5,1,0,9,1,8,7,15,1,1,227,208,0,208,227
495,1000,13,15,30320,"2020-3-6",1905,5,1,0,9,4,5,8,11,1,1,45,192,62,207,211
496,1000,14,13,30314,"2020-3-8",1505,5,1,0,9,2,5,8,9,1,0,76,203,174,203,76
497,1000,15,12,30165,"2020-3-8",1505,5,1,0,9,4,8,12,12,0,1,198,200,165,200,198
498,1000,14,12,30151,"2020-3-9",1405,5,1,0,9,4,1,11,7,0,0,77,197,195,77,197
499,1000,13,15,30377,"2020-3-9",1905,5,1,0,9,2,3,6,10,0,0,62,192,0,132,229
500,1000,15,14,30169,"2020-3-10",1905,5,1,0,9,10,3,14,5,1,2,213,192,0,223,226
501,1000,13,12,30085,"2020-3-10",1905,5,1,0,9,2,6,5,9,1,0,85,126,62,126,85
502,1000,13,14,30000,"2020-3-13",2005,6,1,0,9,3,1,10,6,1,0,208,211,174,208,211
503,1000,13,14,30056,"2020-3-14",2005,6,1,0,9,8,2,11,7,1,0,223,229,0,223,229
504,1000,14,13,30385,"2020-3-16",2005,6,1,0,9,8,3,11,8,0,0,85,76,0,85,76
505,1000,14,13,30171,"2020-3-17",2005,6,1,0,9,7,3,13,9,0,0,203,197,62,203,197
506,1000,14,13,30416,"2020-3-18",2005,6,1,0,9,6,1,8,6,0,3,211,208,62,211,208
507,1000,13,14,30392,"2020-3-20",2005,6,1,0,9,0,11,6,15,0,0,229,223,0,223,229
508,101,19,18,16318,"2030-6-21",1905,0,1,0,9,6,2,9,9,0,0,696,688,0,696,688
509,101,16,28,14747,"2030-6-22",1905,0,1,0,9,5,4,11,9,0,1,687,613,666,687,613
510,101,29,17,5552,"2030-6-22",1905,0,1,0,9,5,6,12,12,1,1,697,3,0,622,731
511,101,19,18,16325,"2030-6-22",1905,0,1,0,9,9,7,10,13,1,0,726,595,144,726,595
512,101,17,16,16118,"2030-7-14",1405,0,1,0,9,9,2,14,3,1,1,613,643,0,613,643
513,101,28,18,6290,"2030-7-14",1905,0,1,0,9,5,11,9,17,0,0,666,603,0,736,687
514,101,29,19,5569,"2030-7-14",1405,0,1,0,9,5,3,14,8,1,0,388,731,708,485,731
515,101,29,16,5557,"2030-6-24",1905,0,1,0,9,1,3,11,7,0,1,667,462,634,462,730
516,101,19,28,16204,"2030-6-24",1905,0,1,0,9,1,6,7,10,1,1,485,600,0,600,485
517,101,17,18,16120,"2030-6-24",1905,0,1,0,9,1,8,9,10,1,0,643,736,693,736,643
518,101,29,16,5587,"2030-6-25",1905,0,1,0,9,1,2,7,11,0,0,678,694,697,694,678
519,101,19,28,16082,"2030-6-25",1905,0,1,0,9,0,11,9,18,0,0,688,679,0,679,688
520,101,17,18,16185,"2030-6-25",1905,0,1,0,9,6,0,9,6,0,1,668,695,603,668,695
521,101,29,16,5678,"2030-6-26",1905,0,1,0,9,17,11,17,15,1,1,498,722,589,615,722
522,101,19,28,16180,"2030-6-26",1905,0,1,0,9,8,1,13,8,0,1,717,595,0,717,595
523,101,17,18,16134,"2030-6-26",1905,0,1,0,9,9,1,15,4,0,2,684,622,0,684,622
524,101,29,16,5567,"2030-6-27",1905,0,1,0,9,4,13,10,17,2,0,731,613,0,613,731
525,101,19,28,16344,"2030-6-27",1905,0,1,0,9,2,6,8,8,1,0,298,687,718,687,485
526,101,17,18,16135,"2030-6-27",1905,0,1,0,9,6,7,8,14,1,0,3,603,0,696,643
527,101,19,16,16171,"2030-6-30",1905,0,1,0,9,4,3,9,7,0,0,462,688,686,462,688
528,101,18,29,15742,"2030-6-30",1905,0,1,0,9,2,14,4,10,0,3,726,730,0,730,726
529,101,28,17,6323,"2030-6-30",1905,0,1,0,9,7,1,12,7,0,1,695,600,0,695,600
530,101,19,16,16101,"2030-7-1",1905,0,1,0,9,3,8,12,15,0,0,389,694,712,694,595
531,101,18,29,15843,"2030-7-1",1905,0,1,0,9,7,2,13,10,0,0,678,736,663,678,736
532,101,28,17,6310,"2030-7-1",1905,0,1,0,9,5,2,8,9,1,2,622,679,691,622,679
533,101,19,16,16257,"2030-7-2",1905,0,1,0,9,0,6,7,10,1,0,485,615,0,615,485
534,101,18,29,15786,"2030-7-2",1905,0,1,0,9,7,2,7,5,0,0,722,668,0,722,668
535,101,28,17,6235,"2030-7-2",1905,0,1,0,9,2,7,9,11,0,0,480,643,0,643,717
536,101,19,16,16108,"2030-7-3",1905,0,1,0,9,1,6,7,7,0,1,298,613,0,613,688
537,101,18,29,15860,"2030-7-3",1905,0,1,0,9,11,3,15,14,0,2,731,684,697,731,684
538,101,28,17,6320,"2030-7-3",1905,0,1,0,9,8,5,13,17,1,0,693,687,3,695,687
539,101,18,16,15786,"2030-7-6",1905,0,1,0,9,2,0,6,5,0,3,462,696,686,462,696
540,101,19,17,16317,"2030-7-6",1905,0,1,0,9,1,3,7,10,0,1,670,5,708,622,595
541,101,29,28,5535,"2030-7-6",1905,0,1,0,9,8,5,13,11,2,1,600,730,666,600,730
542,101,18,16,15819,"2030-7-7",1905,0,1,0,9,3,0,7,2,1,0,694,726,686,694,726
543,101,19,17,16339,"2030-7-7",1905,0,1,0,11,2,1,13,7,0,0,3,718,0,643,485
544,101,29,28,5586,"2030-7-7",1905,0,1,0,9,2,3,4,8,0,2,678,679,697,679,678
545,101,18,16,15827,"2030-7-8",1905,0,1,0,9,3,5,9,7,0,1,162,115,144,615,736
546,101,19,17,16191,"2030-7-8",1905,0,1,0,9,1,3,3,9,1,1,688,695,389,695,688
547,101,29,28,5562,"2030-7-8",1905,0,1,0,9,7,9,14,14,1,2,722,717,634,717,722
548,101,18,16,15808,"2030-7-9",1905,0,1,0,9,11,4,16,12,0,1,613,668,542,613,668
549,101,19,17,16090,"2030-7-9",1905,0,1,0,9,4,6,11,10,0,0,298,622,712,622,595
550,101,29,28,5629,"2030-7-9",1905,0,1,0,9,6,15,13,20,0,1,667,687,665,687,731
551,101,17,16,16090,"2030-7-11",1905,0,1,0,9,5,9,8,14,1,0,643,462,3,462,643
552,101,28,18,6222,"2030-7-11",1905,0,1,0,10,5,3,10,7,0,0,640,658,0,684,600
553,101,29,19,5615,"2030-7-11",1905,0,1,0,9,4,5,5,9,2,0,730,485,697,485,730
554,101,17,16,16075,"2030-7-12",1905,0,1,0,9,1,10,4,17,0,1,695,694,5,694,695
555,101,28,18,6289,"2030-7-12",1905,0,1,0,9,14,2,16,10,0,0,699,679,0,696,679
556,101,29,19,5636,"2030-7-12",1905,0,1,0,9,6,1,12,4,0,0,670,697,0,688,678
557,101,17,16,16225,"2030-7-13",1905,0,1,0,12,5,6,13,10,1,2,693,542,0,615,622
558,101,28,18,6265,"2030-7-13",1905,0,1,0,9,4,6,8,12,0,0,717,726,617,726,717
559,101,29,19,5596,"2030-7-13",1905,0,1,0,9,6,3,12,8,0,0,595,722,708,595,722
560,101,28,16,6299,"2030-7-17",1905,0,1,0,9,1,6,6,11,1,2,600,462,480,462,600
561,101,17,29,16214,"2030-7-17",1905,0,1,0,9,2,5,5,6,0,0,695,730,3,730,695
562,101,18,19,15765,"2030-7-17",1905,0,1,0,9,0,6,3,7,0,0,668,688,0,688,668
563,101,28,16,6271,"2030-7-18",1905,0,1,0,9,8,3,9,14,1,0,542,666,0,694,679
564,101,17,29,16087,"2030-7-18",1905,0,1,0,9,5,8,10,7,0,0,622,678,691,678,622
565,101,18,19,15799,"2030-7-18",1905,0,1,0,9,8,7,15,10,0,0,595,603,708,595,684
566,101,28,16,6312,"2030-7-19",1905,0,1,0,9,1,6,5,13,2,1,717,615,617,615,717
567,101,17,29,16106,"2030-7-19",1905,0,1,0,9,7,6,11,12,0,0,722,38,634,722,643
568,101,18,19,15876,"2030-7-19",1905,0,1,0,9,4,2,7,4,1,0,485,696,708,485,696
569,101,28,16,6231,"2030-7-20",1905,0,1,0,9,5,3,7,10,0,0,613,687,686,613,687
570,101,17,29,16095,"2030-7-20",1905,0,1,0,9,4,5,8,9,0,0,691,634,0,731,695
571,101,18,19,15864,"2030-7-20",1905,0,1,0,9,6,3,12,11,0,1,670,144,708,688,726
572,101,18,16,15751,"2030-7-23",1905,0,1,0,9,2,10,9,13,0,0,736,462,603,462,736
573,101,19,17,16173,"2030-7-23",1905,0,1,0,9,0,3,6,14,0,1,595,622,708,622,595
574,101,29,28,5744,"2030-7-23",1905,0,1,0,9,5,4,10,12,1,0,600,730,617,600,730
575,101,18,16,15754,"2030-7-24",1905,0,1,0,9,0,6,9,13,0,1,668,694,0,694,668
576,101,19,17,16248,"2030-7-24",1905,0,1,0,10,5,6,10,11,0,1,708,737,0,643,485
577,101,29,28,5679,"2030-7-24",1905,0,1,0,9,2,3,5,10,2,0,678,679,697,679,678
578,101,18,16,15802,"2030-7-25",1905,0,1,0,9,10,3,17,8,0,0,589,603,0,615,684
579,101,19,17,16225,"2030-7-25",1905,0,1,0,9,4,3,9,10,1,0,695,688,691,695,688
580,101,29,28,5768,"2030-7-25",1905,0,1,0,9,4,7,11,15,1,1,722,717,634,717,722
581,101,18,16,15738,"2030-7-26",1905,0,1,0,9,8,5,12,8,0,1,115,144,686,613,696
582,101,19,17,16262,"2030-7-26",1905,0,1,0,9,2,7,9,14,0,0,389,622,0,622,595
583,101,29,28,5785,"2030-7-26",1905,0,1,0,9,6,4,12,10,0,1,687,731,617,687,731
584,101,16,29,14777,"2030-8-12",1905,0,1,0,9,5,7,9,11,0,0,462,730,686,730,462
585,101,28,19,6363,"2030-8-12",1905,0,1,0,9,6,3,12,11,2,0,485,600,708,485,600
586,101,18,17,15661,"2030-8-12",1905,0,1,0,9,0,6,9,8,2,0,736,643,0,643,736
587,101,16,29,14797,"2030-8-13",1905,0,1,0,9,2,10,4,14,0,0,694,678,0,678,694
588,101,28,19,6366,"2030-8-13",1905,0,1,0,9,2,9,10,13,1,0,657,688,617,688,679
589,101,18,17,15660,"2030-8-13",1905,0,1,0,10,4,5,9,12,0,0,603,691,0,622,668
590,101,16,29,14669,"2030-8-14",1905,0,1,0,9,7,8,7,12,0,0,589,634,686,722,615
591,101,28,19,6373,"2030-8-14",1905,0,1,0,9,6,4,12,8,1,0,595,717,708,595,717
592,101,18,17,15752,"2030-8-14",1905,0,1,0,9,3,2,6,7,1,0,695,684,691,695,684
593,101,16,29,14801,"2030-8-15",1905,0,1,0,14,4,3,16,13,0,0,716,115,0,731,613
594,101,28,19,6449,"2030-8-15",1905,0,1,0,10,7,8,14,14,0,1,657,708,0,485,687
595,101,18,17,15724,"2030-8-15",1905,0,1,0,9,2,1,8,6,1,1,671,162,3,643,726
596,101,16,19,14761,"2030-8-18",1905,0,1,0,9,0,4,7,8,1,1,462,688,0,688,462
597,101,29,18,5964,"2030-8-18",1905,0,1,0,9,8,5,16,11,0,0,696,667,144,736,730
598,101,17,28,16150,"2030-8-18",1905,0,1,0,9,3,4,7,11,0,1,693,617,691,600,622
599,101,16,19,14748,"2030-8-19",1905,0,1,0,9,4,1,12,7,0,0,595,694,708,595,694
600,101,29,18,5932,"2030-8-19",1905,0,1,0,9,10,1,15,10,1,2,668,678,0,668,678
601,101,17,28,16223,"2030-8-19",1905,0,1,0,9,8,6,11,12,0,0,480,695,617,679,695
602,101,16,19,14786,"2030-8-20",1905,0,1,0,9,0,2,4,8,1,0,615,485,686,485,615
603,101,29,18,5960,"2030-8-20",1905,0,1,0,9,4,5,6,9,0,1,697,603,0,684,722
604,101,17,28,16196,"2030-8-20",1905,0,1,0,9,1,2,7,8,2,3,643,717,3,717,643
605,101,16,19,14697,"2030-8-21",1905,0,1,0,9,1,2,10,7,0,1,613,688,686,688,613
606,101,29,18,5988,"2030-8-21",1905,0,1,0,9,6,5,16,10,2,0,699,697,144,726,731
607,101,17,28,16181,"2030-8-21",1905,0,1,0,9,4,9,8,10,1,0,671,687,0,687,622
608,101,16,18,14784,"2030-8-24",1905,0,1,0,9,3,4,11,11,0,0,462,736,686,736,462
609,101,17,19,16109,"2030-8-24",1905,0,1,0,9,4,3,12,4,0,0,670,691,0,595,695
610,101,28,29,6616,"2030-8-24",1905,0,1,0,9,1,4,6,11,0,0,600,730,617,730,600
611,101,16,18,14717,"2030-8-25",1905,0,1,0,9,2,1,7,9,0,0,668,694,144,668,694
612,101,17,19,16137,"2030-8-25",1905,0,1,0,9,2,6,7,10,0,0,643,485,0,485,643
613,101,28,29,6601,"2030-8-25",1905,0,1,0,9,1,0,4,4,0,0,678,679,697,678,679
614,101,16,18,14787,"2030-8-26",1905,0,1,0,9,2,0,8,4,0,3,684,732,603,684,615
615,101,17,19,16145,"2030-8-26",1905,0,1,0,9,8,4,9,9,0,1,688,622,670,688,622
616,101,28,29,6528,"2030-8-26",1905,0,1,0,9,4,5,11,7,1,0,480,722,617,722,717
617,101,16,18,14738,"2030-8-27",1905,0,1,0,9,3,4,10,8,2,0,613,726,686,726,613
618,101,17,19,16090,"2030-8-27",1905,0,1,0,9,2,4,8,9,0,1,671,595,3,595,695
619,101,28,29,6601,"2030-8-27",1905,0,1,0,9,3,10,13,12,2,1,657,731,0,731,687
620,101,16,17,14693,"2030-8-30",1905,0,1,0,9,2,7,3,12,0,0,462,643,692,643,462
621,101,18,28,15754,"2030-8-30",1905,0,1,0,9,7,1,16,7,0,0,600,736,666,600,736
622,101,19,29,16300,"2030-8-30",1905,0,1,0,9,3,7,11,9,0,0,485,730,0,730,485
623,101,16,17,14722,"2030-8-31",1905,0,1,0,9,0,3,6,11,1,0,694,622,686,622,694
624,101,18,28,15815,"2030-8-31",1905,0,1,0,9,1,6,7,11,0,1,668,679,0,679,668
625,101,19,29,16209,"2030-8-31",1905,0,1,0,9,8,6,8,11,0,1,634,708,0,678,688
626,101,16,17,14688,"2030-9-1",1905,0,1,0,9,3,2,8,7,0,0,695,686,691,695,615
627,101,18,28,15764,"2030-9-1",1905,0,1,0,9,2,9,8,9,0,0,684,717,0,717,684
628,100,27,26,20764,"2030-8-24",1905,0,1,0,9,5,2,11,4,0,0,22,402,501,22,402
629,100,9,25,38044,"2030-8-24",1905,0,1,0,9,7,3,11,6,0,0,456,16,0,456,16
630,100,11,10,38957,"2030-8-24",1905,0,1,0,9,4,3,6,5,1,0,368,505,504,368,76
631,100,24,1,26440,"2030-8-25",1905,0,1,0,9,2,9,6,9,0,0,360,18,0,18,360
632,100,27,26,20989,"2030-8-25",1905,0,1,0,9,6,0,8,4,0,0,45,481,0,45,481
633,100,9,25,37962,"2030-8-25",1905,0,1,0,9,1,10,6,12,0,0,315,335,0,335,315
634,100,24,26,26628,"2030-8-27",1905,0,1,0,9,6,15,10,17,2,0,399,69,0,69,399
635,100,9,1,37886,"2030-8-27",1905,0,1,0,9,2,5,6,8,0,0,559,616,331,616,223
636,100,3,2,30930,"2030-8-27",1905,0,1,0,9,5,2,11,5,0,2,442,573,336,442,573
637,100,25,27,27424,"2030-8-27",1905,0,1,0,9,0,13,7,14,0,0,529,454,0,454,529
638,100,10,11,36537,"2030-8-27",1905,0,1,0,9,4,1,8,5,0,1,401,458,505,401,458
639,100,24,26,26410,"2030-8-28",1905,0,1,0,9,1,2,5,4,0,0,43,602,0,602,62
640,100,9,1,37910,"2030-8-28",1905,0,1,0,9,6,5,9,13,1,2,525,145,423,525,145
641,100,3,2,30801,"2030-8-28",1905,0,1,0,9,4,3,8,8,0,2,337,548,580,337,548
642,100,25,27,27597,"2030-8-28",1905,0,1,0,9,0,1,6,2,0,0,544,681,466,681,544
643,100,10,11,36568,"2030-8-28",1905,0,1,0,9,3,7,7,7,0,1,526,446,0,446,526
644,100,24,26,26616,"2030-8-29",1905,0,1,0,9,4,6,11,13,0,1,538,22,192,22,538
645,100,9,1,37940,"2030-8-29",1905,0,1,0,10,3,2,10,3,0,0,311,326,421,549,16
646,100,3,2,30762,"2030-8-29",1905,0,1,0,9,2,1,4,7,1,0,606,333,0,606,17
647,100,25,27,27350,"2030-8-29",1905,0,1,0,9,1,4,5,6,0,0,456,402,466,402,456
648,100,10,11,36215,"2030-8-29",1905,0,1,0,10,5,6,10,12,0,1,577,174,0,396,12
649,100,24,26,26291,"2030-8-30",1905,0,1,0,9,1,7,6,8,0,0,360,45,0,45,360
650,100,9,1,38283,"2030-8-30",1905,0,1,0,10,4,5,9,9,0,0,559,423,0,18,315
651,100,3,2,30777,"2030-8-30",1905,0,1,0,9,2,3,7,6,1,0,426,27,0,27,465
652,100,25,27,27537,"2030-8-30",1905,0,1,0,9,0,3,4,7,1,0,335,481,0,481,335
653,100,10,11,36220,"2030-8-30",1905,0,1,0,10,2,3,6,8,0,0,577,552,0,76,368
654,100,11,24,39659,"2030-9-2",1905,0,1,0,9,3,0,10,2,0,1,399,401,0,399,401
655,100,27,2,21122,"2030-9-2",1905,0,1,0,9,0,1,3,5,0,1,454,442,0,442,454
656,100,3,25,30935,"2030-9-2",1905,0,1,0,9,8,4,12,10,0,0,601,573,0,601,573
657,100,26,9,15612,"2030-9-2",1905,0,1,0,9,5,6,7,8,1,0,445,361,0,223,69
658,100,1,10,36864,"2030-9-2",1905,0,1,0,9,7,3,9,9,0,1,458,616,504,458,616
659,100,11,24,39423,"2030-9-3",1905,0,1,0,9,5,7,9,10,0,0,446,62,174,62,446
660,100,27,2,21088,"2030-9-3",1905,0,1,0,9,3,4,3,7,0,0,500,336,0,337,681
661,100,3,25,30776,"2030-9-3",1905,0,1,0,9,3,4,8,5,0,1,503,544,457,544,548
662,100,26,9,15627,"2030-9-3",1905,0,1,0,9,2,4,9,6,0,0,602,145,581,145,602
663,100,1,10,36617,"2030-9-3",1905,0,1,0,9,10,1,14,4,1,0,526,525,0,526,525
664,100,11,24,39270,"2030-9-4",1905,0,1,0,9,4,5,9,10,1,0,552,43,0,538,396
665,100,27,2,20811,"2030-9-4",1905,0,1,0,9,8,6,13,11,1,0,606,402,336,606,402
666,100,3,25,30969,"2030-9-4",1905,0,1,0,11,7,8,10,17,0,0,426,404,0,456,17
667,100,26,9,15471,"2030-9-4",1905,0,1,0,9,6,2,9,9,2,0,16,22,361,16,22
668,100,1,10,36554,"2030-9-4",1905,0,1,0,9,11,4,16,8,0,1,12,549,0,12,549
669,100,11,24,39844,"2030-9-5",1905,0,1,0,9,2,5,6,11,1,1,76,360,552,360,76
670,100,27,2,20869,"2030-9-5",1905,0,1,0,9,3,1,6,2,0,0,27,481,0,27,481
671,100,3,25,30759,"2030-9-5",1905,0,1,0,9,12,5,17,10,0,1,335,465,0,335,465
672,100,26,9,15497,"2030-9-5",1905,0,1,0,9,10,9,11,14,3,0,400,45,361,315,45
673,100,1,10,36638,"2030-9-5",1905,0,1,0,9,9,4,14,10,0,0,368,18,0,368,18
674,100,24,3,26604,"2030-9-8",1905,0,1,0,9,1,7,8,9,0,1,399,573,0,573,399
675,100,1,2,36581,"2030-9-8",1905,0,1,0,9,8,0,15,3,0,1,442,616,0,442,616
676,100,10,26,36329,"2030-9-8",1905,0,1,0,11,4,5,5,12,2,1,611,683,0,69,458
677,100,27,11,20811,"2030-9-8",1905,0,1,0,9,11,0,16,3,0,0,401,454,0,401,454
678,100,25,9,27327,"2030-9-8",1905,0,1,0,9,7,6,10,10,2,1,574,506,0,223,601
679,100,24,3,26567,"2030-9-9",1905,0,1,0,10,5,2,10,5,0,0,503,192,0,548,62
680,100,1,2,36982,"2030-9-9",1905,0,1,0,9,5,6,10,11,0,0,525,337,566,337,525
681,100,10,26,36468,"2030-9-9",1905,0,1,0,9,3,7,10,8,0,0,526,602,0,602,526
682,100,27,11,20756,"2030-9-9",1905,0,1,0,9,10,1,13,4,0,0,446,681,0,446,681
683,100,25,9,27048,"2030-9-9",1905,0,1,0,10,3,4,8,10,0,0,506,326,0,145,544
684,100,24,3,26649,"2030-9-10",1905,0,1,0,9,5,0,11,6,0,1,17,538,0,17,538
685,100,1,2,37154,"2030-9-10",1905,0,1,0,9,4,2,6,5,0,0,606,549,336,606,549
686,100,10,26,36520,"2030-9-10",1905,0,1,0,9,1,4,6,8,1,0,12,22,0,22,12
687,100,27,11,20793,"2030-9-10",1905,0,1,0,10,3,2,12,1,0,1,174,479,0,396,402
688,100,25,9,26908,"2030-9-10",1905,0,1,0,9,0,3,1,9,1,0,456,16,0,16,456
689,100,24,3,26573,"2030-9-11",1905,0,1,0,9,3,6,13,9,0,0,360,465,43,465,360
690,100,1,2,37332,"2030-9-11",1905,0,1,0,12,5,6,9,13,0,1,363,580,0,27,18
691,100,10,26,36480,"2030-9-11",1905,0,1,0,9,1,3,4,7,0,0,368,45,611,45,368
692,100,27,11,21107,"2030-9-11",1905,0,1,0,9,4,1,7,7,1,0,76,481,0,76,481
693,100,25,9,27257,"2030-9-11",1905,0,1,0,9,7,10,11,15,2,0,335,559,0,315,335
694,100,9,24,38099,"2030-9-14",1905,0,1,0,9,3,4,10,7,0,0,331,43,574,399,223
695,100,11,26,39623,"2030-9-14",1905,0,1,0,9,3,6,5,11,1,0,401,69,505,69,401
696,100,1,27,37297,"2030-9-14",1905,0,1,0,9,0,8,4,14,0,0,616,454,0,454,616
697,100,2,25,40424,"2030-9-14",1905,0,1,0,9,2,3,4,4,0,0,442,601,502,601,442
698,100,3,10,30867,"2030-9-14",1905,0,1,0,11,3,4,8,13,1,0,334,611,0,458,573
699,100,9,24,36514,"2030-9-15",1905,0,1,0,9,3,2,8,7,0,2,62,145,192,62,145
700,100,11,26,39615,"2030-9-15",1905,0,1,0,9,4,9,9,8,2,0,446,602,174,602,446
701,100,1,27,34163,"2030-9-15",1905,0,1,0,9,0,10,4,15,1,1,525,681,0,681,525
702,100,2,25,39934,"2030-9-15",1905,0,1,0,9,2,3,5,5,0,0,337,544,336,544,337
703,100,3,10,30866,"2030-9-15",1905,0,1,0,9,7,0,12,8,0,0,526,548,0,526,548
704,100,9,24,36264,"2030-9-16",1905,0,1,0,9,1,5,3,6,1,0,16,538,326,538,16
705,100,11,26,40126,"2030-9-16",1905,0,1,0,9,5,3,8,8,0,1,22,396,445,22,396
706,100,1,27,34176,"2030-9-16",1905,0,1,0,9,1,8,5,14,2,0,549,402,0,402,549
707,100,2,25,40160,"2030-9-16",1905,0,1,0,9,3,4,9,8,0,0,606,456,580,456,606
708,100,3,10,30922,"2030-9-16",1905,0,1,0,9,6,1,10,7,0,0,12,17,0,12,17
709,100,9,24,36572,"2030-9-17",1905,0,1,0,9,3,4,7,7,1,1,326,360,0,360,315
710,100,11,26,39899,"2030-9-17",1905,0,1,0,9,1,3,5,7,0,1,174,501,0,45,76
711,100,1,27,34405,"2030-9-17",1905,0,1,0,9,3,8,9,9,0,0,488,481,0,481,488
712,100,2,25,40430,"2030-9-17",1905,0,1,0,9,13,3,15,5,0,1,335,27,0,335,27
713,100,3,10,30905,"2030-9-17",1905,0,1,0,9,4,1,8,4,0,1,368,533,504,368,465
714,100,2,1,40040,"2030-9-20",1905,0,1,0,9,2,3,8,6,1,1,442,616,502,616,442
715,100,3,26,30781,"2030-9-20",1905,0,1,0,12,6,4,12,11,1,2,581,334,683,69,573
716,100,27,25,21091,"2030-9-20",1905,0,1,0,9,6,1,11,7,0,1,601,454,0,601,454
717,100,11,9,39871,"2030-9-20",1905,0,1,0,9,0,2,3,7,0,0,401,223,0,223,401
718,100,24,10,26935,"2030-9-20",1905,0,1,0,9,2,5,5,9,0,0,399,458,0,458,399
719,100,2,1,40119,"2030-9-21",1905,0,1,0,9,4,5,7,9,0,0,337,525,580,525,337
720,100,3,26,30792,"2030-9-21",1905,0,1,0,9,2,8,8,10,0,0,548,602,0,602,548
721,100,27,25,21088,"2030-9-21",1905,0,1,0,9,3,2,7,5,0,0,544,70,18,544,681
722,100,11,9,39665,"2030-9-21",1905,0,1,0,9,8,2,10,7,1,1,145,446,0,145,446
723,100,24,10,27017,"2030-9-21",1905,0,1,0,9,6,3,6,11,0,1,526,62,611,526,62
724,100,2,1,40307,"2030-9-22",1905,0,1,0,9,6,4,7,10,0,1,549,606,311,549,606
725,100,3,26,30896,"2030-9-22",1905,0,1,0,9,3,2,8,6,0,1,22,17,445,22,17
726,100,27,25,20929,"2030-9-22",1905,0,1,0,9,2,3,6,5,0,0,402,456,500,456,402
727,100,11,9,40176,"2030-9-22",1905,0,1,0,13,6,4,10,10,0,0,361,605,0,16,396
728,100,24,10,27152,"2030-9-22",1905,0,1,0,9,8,2,8,9,0,1,12,538,0,12,538
729,100,2,1,40013,"2030-9-23",1905,0,1,0,9,1,10,5,14,0,0,27,488,0,488,27
730,100,27,25,20812,"2030-9-23",1905,0,1,0,9,7,3,10,6,3,1,335,481,0,335,481
731,100,11,9,40013,"2030-9-23",1905,0,1,0,10,4,5,11,14,0,0,605,400,0,315,76
732,100,24,10,27202,"2030-9-23",1905,0,1,0,9,3,7,9,10,0,0,360,368,527,368,360
733,100,3,1,30880,"2030-9-25",1905,0,1,0,9,9,10,8,14,0,2,503,311,0,616,465
734,100,26,24,15628,"2030-9-25",1905,0,1,0,9,8,1,15,6,1,1,399,45,0,399,45
735,100,9,27,36575,"2030-9-25",1905,0,1,0,9,6,4,13,7,0,0,70,361,479,454,223
736,100,10,25,36500,"2030-9-25",1905,0,1,0,9,2,3,2,9,0,1,458,601,611,601,458
737,100,2,11,40172,"2030-9-25",1905,0,1,0,9,6,4,12,9,0,0,505,336,174,401,442
738,100,3,1,30724,"2030-9-26",1905,0,1,0,9,7,2,14,13,0,2,525,573,0,525,573
739,100,26,24,15979,"2030-9-26",1905,0,1,0,9,2,4,6,7,1,0,69,62,445,62,69
740,100,9,27,36737,"2030-9-26",1905,0,1,0,9,2,8,7,9,1,0,145,681,0,681,145
741,100,10,25,36218,"2030-9-26",1905,0,1,0,9,3,7,8,8,1,0,526,544,0,544,526
742,100,2,11,40212,"2030-9-26",1905,0,1,0,9,2,4,8,10,1,1,337,446,502,446,337
743,100,3,1,30751,"2030-9-27",1905,0,1,0,10,5,6,8,10,0,1,334,421,0,549,548
744,100,26,24,15657,"2030-9-27",1905,0,1,0,9,8,4,9,10,1,1,43,602,546,538,602
745,100,9,27,36579,"2030-9-27",1905,0,1,0,9,0,20,5,15,1,0,16,402,0,402,16
746,100,10,25,36233,"2030-9-27",1905,0,1,0,9,0,6,4,10,0,0,12,456,0,456,12
747,100,2,11,40151,"2030-9-27",1905,0,1,0,9,12,1,9,6,0,0,396,606,0,396,606
748,100,3,1,30740,"2030-9-28",1905,0,1,0,9,1,6,7,10,1,0,17,488,0,488,17
749,100,9,27,36736,"2030-9-28",1905,0,1,0,9,2,3,11,9,0,0,315,481,361,481,315
750,100,10,25,36385,"2030-9-28",1905,0,1,0,9,6,7,10,5,1,0,368,335,611,335,368
751,100,2,11,40182,"2030-9-28",1905,0,1,0,9,14,2,14,6,0,1,76,27,0,76,27
752,100,1,24,35047,"2030-9-30",1905,0,1,0,10,6,3,10,9,0,0,192,423,0,360,616
753,100,27,3,20888,"2030-9-30",1905,0,1,0,9,5,3,11,5,1,2,465,454,503,465,454
754,100,26,2,15603,"2030-9-30",1905,0,1,0,9,5,4,9,12,1,0,502,501,336,442,22
755,100,9,10,36712,"2030-9-30",1905,0,1,0,9,14,6,12,6,0,3,458,223,504,458,223
756,100,11,25,40107,"2030-9-30",1905,0,1,0,9,5,1,6,6,1,1,601,401,0,601,401
757,100,1,24,34781,"2030-10-1",1905,0,1,0,9,8,4,13,9,0,1,399,525,0,399,525
758,100,27,3,20931,"2030-10-1",1905,0,1,0,9,8,0,14,7,0,0,573,681,0,573,681
759,100,26,2,15716,"2030-10-1",1905,0,1,0,9,4,0,11,6,0,1,337,45,336,337,45
760,100,9,10,36819,"2030-10-1",1905,0,1,0,9,0,3,7,8,2,0,145,526,574,526,145
761,100,11,25,39782,"2030-10-1",1905,0,1,0,9,2,3,4,6,0,1,446,544,174,544,446
762,100,1,24,35086,"2030-10-2",1905,0,1,0,9,4,1,11,2,1,0,43,549,192,62,549
763,100,27,3,21113,"2030-10-2",1905,0,1,0,9,6,3,9,6,0,0,548,402,457,548,402
764,100,26,2,15822,"2030-10-2",1905,0,1,0,9,3,1,10,3,0,1,606,69,336,606,69
765,100,9,10,36701,"2030-10-2",1905,0,1,0,9,1,4,3,8,1,0,16,12,0,12,16
766,100,11,25,40171,"2030-10-2",1905,0,1,0,9,8,3,12,6,2,1,456,396,466,456,396
767,100,1,24,35249,"2030-10-3",1905,0,1,0,9,7,2,13,9,0,0,538,488,0,538,488
768,100,27,3,20926,"2030-10-3",1905,0,1,0,9,5,0,8,0,0,0,17,481,0,17,481
769,100,26,2,15985,"2030-10-3",1905,0,1,0,9,3,4,9,8,1,2,501,27,581,27,602
770,100,9,10,36915,"2030-10-3",1905,0,1,0,9,8,5,8,12,1,1,611,400,577,368,315
771,100,11,25,40035,"2030-10-3",1905,0,1,0,9,3,4,8,5,0,0,76,335,174,335,76
772,100,24,2,26961,"2030-10-5",1905,0,1,0,9,1,4,1,8,0,1,360,442,0,442,360
773,100,1,26,35265,"2030-10-5",1905,0,1,0,9,12,5,13,14,0,2,22,616,0,22,616
774,100,3,11,30842,"2030-10-5",1905,0,1,0,9,6,0,11,6,0,1,401,465,0,401,465
775,100,25,10,26948,"2030-10-5",1905,0,1,0,9,5,6,8,7,1,2,601,458,18,458,601
776,100,24,2,27071,"2030-10-6",1905,0,1,0,9,7,10,12,14,0,3,399,337,192,337,399
777,100,1,26,34830,"2030-10-6",1905,0,1,0,11,7,4,16,11,0,0,445,423,581,45,525
778,100,27,9,20767,"2030-10-6",1905,0,1,0,9,5,0,12,3,0,2,223,454,0,223,454
779,100,3,11,30947,"2030-10-6",1905,0,1,0,9,10,1,12,1,1,1,446,573,0,446,573
780,100,25,10,26954,"2030-10-6",1905,0,1,0,9,2,15,4,14,0,0,544,526,0,526,544
781,100,24,2,26948,"2030-10-7",1905,0,1,0,9,2,8,4,9,0,0,62,606,0,606,62
782,100,1,26,35153,"2030-10-7",1905,0,1,0,11,9,7,14,11,2,1,581,421,394,69,549
783,100,27,9,20857,"2030-10-7",1905,0,1,0,9,3,2,7,4,0,0,331,681,0,145,681
784,100,3,11,30850,"2030-10-7",1905,0,1,0,9,7,1,8,7,0,0,505,334,0,396,548
785,100,25,10,26567,"2030-10-7",1905,0,1,0,9,4,8,9,9,3,1,456,504,0,368,456
786,100,24,2,27208,"2030-10-8",1905,0,1,0,9,9,3,14,8,1,0,27,538,0,27,538
787,100,1,26,34927,"2030-10-8",1905,0,1,0,9,6,1,11,7,0,0,602,488,0,602,488
788,100,27,9,21148,"2030-10-8",1905,0,1,0,9,3,1,11,6,1,0,16,402,574,16,402
789,100,3,11,30739,"2030-10-8",1905,0,1,0,9,6,2,9,10,0,1,76,17,505,76,17
790,100,1,3,35205,"2030-10-10",1905,0,1,0,9,6,0,10,6,1,0,465,616,0,465,616
791,100,10,2,36559,"2030-10-10",1905,0,1,0,9,0,7,2,10,0,0,12,442,0,442,12
792,100,24,27,27226,"2030-10-10",1905,0,1,0,11,4,3,11,10,0,0,481,192,0,481,360
793,100,26,25,15973,"2030-10-10",1905,0,1,0,9,0,1,3,3,0,0,22,335,0,335,22
794,100,1,3,34920,"2030-10-11",1905,0,1,0,9,4,3,12,7,0,1,533,525,334,573,525
795,100,10,2,36342,"2030-10-11",1905,0,1,0,9,1,3,7,8,1,0,458,337,504,337,458
796,100,24,27,27229,"2030-10-11",1905,0,1,0,9,1,4,6,10,0,0,399,454,0,454,399
797,100,26,25,15713,"2030-10-11",1905,0,1,0,9,6,7,9,11,1,2,45,601,445,601,45
798,100,9,11,36893,"2030-10-11",1905,0,1,0,9,6,4,10,8,0,0,401,315,0,401,315
799,100,1,3,35222,"2030-10-12",1905,0,1,0,9,1,8,6,15,0,0,549,548,0,548,549
800,100,10,2,36441,"2030-10-12",1905,0,1,0,9,3,7,6,8,1,1,526,606,611,606,526
801,100,24,27,27054,"2030-10-12",1905,0,1,0,9,0,10,6,14,0,0,62,681,0,681,62
802,100,26,25,15578,"2030-10-12",1905,0,1,0,9,10,6,12,8,0,0,544,69,466,544,69
803,100,9,11,36771,"2030-10-12",1905,0,1,0,9,7,2,12,7,0,1,446,223,0,446,223
804,100,1,3,34943,"2030-10-13",1905,0,1,0,9,9,6,14,12,0,1,17,488,334,17,488
805,100,10,2,36421,"2030-10-13",1905,0,1,0,9,0,10,2,13,0,0,368,27,0,27,368
806,100,24,27,27273,"2030-10-13",1905,0,1,0,9,2,6,6,7,1,0,538,402,0,402,538
807,100,26,25,15970,"2030-10-13",1905,0,1,0,9,4,5,6,13,0,1,501,456,445,456,602
808,100,9,11,36605,"2030-10-13",1905,0,1,0,9,0,2,2,7,1,1,145,396,331,396,145
809,100,25,1,26255,"2030-10-15",1905,0,1,0,9,6,7,10,11,2,0,335,616,18,616,335
810,100,3,24,30736,"2030-10-15",1905,0,1,0,9,1,2,10,11,0,1,465,360,333,360,465
811,100,11,27,40041,"2030-10-15",1905,0,1,0,9,4,7,6,9,0,0,76,481,174,481,76
812,100,10,9,36563,"2030-10-15",1905,0,1,0,9,4,7,7,10,0,1,12,16,0,16,12
813,100,25,1,26302,"2030-10-16",1905,0,1,0,9,2,5,7,10,0,1,601,525,18,525,601
814,100,2,26,40402,"2030-10-16",1905,0,1,0,9,6,7,11,11,1,0,336,445,0,22,442
815,100,3,24,30902,"2030-10-16",1905,0,1,0,9,2,0,9,7,1,0,399,533,192,399,573
816,100,11,27,40111,"2030-10-16",1905,0,1,0,9,2,3,6,6,2,2,505,479,0,454,401
817,100,10,9,36331,"2030-10-16",1905,0,1,0,9,2,6,3,11,0,0,458,315,0,315,458
818,100,25,1,26463,"2030-10-17",1905,0,1,0,9,4,5,9,10,0,0,18,421,0,549,544
819,100,2,26,40406,"2030-10-17",1905,0,1,0,9,1,6,5,12,0,1,337,45,0,45,337
820,100,3,24,30770,"2030-10-17",1905,0,1,0,9,12,13,15,13,0,3,426,527,0,62,548
821,100,11,27,39930,"2030-10-17",1905,0,1,0,9,1,9,6,12,1,0,446,681,0,681,446
822,100,10,9,36345,"2030-10-17",1905,0,1,0,9,1,14,6,21,0,0,526,223,0,223,526
823,100,25,1,26220,"2030-10-18",1905,0,1,0,9,3,12,6,17,2,1,456,488,404,488,456
824,100,2,26,40341,"2030-10-18",1905,0,1,0,9,5,3,9,6,0,0,69,606,445,69,606
825,100,3,24,30696,"2030-10-18",1905,0,1,0,10,2,1,7,6,0,0,538,334,527,538,17
826,100,11,27,39812,"2030-10-18",1905,0,1,0,9,0,4,6,7,1,0,396,402,0,402,396
827,100,7,8,54000,"2030-8-6",1905,4,1,0,9,6,2,13,4,0,0,401,538,0,12,17
828,101,19,29,16108,"2030-9-1",1905,0,1,0,9,2,1,6,6,0,1,722,595,634,722,595
829,101,16,17,14748,"2030-9-2",1905,0,1,0,9,5,2,8,9,2,1,643,613,691,643,613
830,101,18,28,15647,"2030-9-2",1905,0,1,0,11,2,1,9,6,0,0,657,696,0,687,726
831,101,19,29,16337,"2030-9-2",1905,0,1,0,9,0,7,6,10,1,0,389,731,0,731,485
832,101,16,28,14775,"2030-9-5",1905,0,1,0,9,8,7,10,9,1,0,658,589,617,600,462
833,101,29,17,6006,"2030-9-5",1905,0,1,0,9,0,15,6,17,0,1,667,622,0,622,730
834,101,19,18,16271,"2030-9-5",1905,0,1,0,9,6,2,10,11,1,0,736,688,603,736,688
835,101,16,28,14726,"2030-9-6",1905,0,1,0,9,2,0,8,5,0,0,679,694,617,679,694
836,101,29,17,6053,"2030-9-6",1905,0,1,0,9,10,5,18,10,1,1,695,678,0,695,678
837,101,19,18,16126,"2030-9-6",1905,0,1,0,9,9,4,12,10,0,1,668,595,0,668,595
838,101,16,28,14815,"2030-9-7",1905,0,1,0,9,5,6,13,10,4,1,542,657,686,717,615
839,101,29,17,6043,"2030-9-7",1905,0,1,0,9,5,11,8,17,1,0,663,643,697,643,722
840,101,19,18,16171,"2030-9-7",1905,0,1,0,9,3,6,14,8,0,0,485,684,708,684,485
841,101,16,28,14803,"2030-9-8",1905,0,1,0,9,1,2,7,8,0,0,613,687,686,687,613
842,101,29,17,6006,"2030-9-8",1905,0,1,0,9,10,3,13,9,0,0,622,731,5,622,731
843,101,19,18,16087,"2030-9-8",1905,0,1,0,9,1,3,7,8,1,0,688,726,708,726,688
844,101,29,16,6046,"2030-9-11",1905,0,1,0,9,9,6,16,8,2,0,692,716,686,462,730
845,101,19,28,16329,"2030-9-11",1905,0,1,0,11,5,3,15,7,0,0,666,389,0,600,595
846,101,17,18,16168,"2030-9-11",1905,0,1,0,9,8,4,8,10,1,0,631,737,0,736,695
847,101,29,16,6050,"2030-9-12",1905,0,1,0,9,7,0,11,7,0,1,694,678,0,694,678
848,101,19,28,16228,"2030-9-12",1905,0,1,0,9,6,1,9,8,0,0,679,485,617,679,485
849,101,17,18,16138,"2030-9-12",1905,0,1,0,9,5,3,7,11,0,0,668,643,144,668,643
850,101,29,16,6051,"2030-9-13",1905,0,1,0,9,7,3,12,7,0,1,615,722,686,615,722
851,101,19,28,16312,"2030-9-13",1905,0,1,0,9,4,5,10,10,0,0,688,480,708,717,688
852,101,17,18,16218,"2030-9-13",1905,0,1,0,9,13,9,15,13,3,0,684,622,0,684,622
853,101,29,16,6096,"2030-9-14",1905,0,1,0,9,10,6,18,16,3,0,613,731,686,613,731
854,101,19,28,16243,"2030-9-14",1905,0,1,0,10,3,4,7,13,1,0,708,657,0,687,595
855,101,17,18,16248,"2030-9-14",1905,0,1,0,9,2,10,7,14,0,0,693,726,0,726,695
856,101,19,16,16385,"2030-9-17",1905,0,1,0,9,0,2,4,8,0,1,670,462,708,462,485
857,101,18,29,15731,"2030-9-17",1905,0,1,0,9,1,3,7,9,0,0,736,730,144,730,736
858,101,28,17,6593,"2030-9-17",1905,0,1,0,9,0,3,2,5,2,0,600,643,617,643,600
859,101,19,16,16181,"2030-9-18",1905,0,1,0,9,2,8,5,11,0,0,688,694,0,694,688
860,101,18,29,15722,"2030-9-18",1905,0,1,0,9,4,10,9,6,2,1,668,678,0,678,668
861,101,28,17,6513,"2030-9-18",1905,0,1,0,9,3,5,9,13,2,0,657,622,617,622,679
862,101,16,19,14720,"2030-9-19",1905,0,1,0,9,11,1,16,7,1,3,595,615,670,595,615
863,101,29,18,6047,"2030-9-19",1905,0,1,0,9,8,3,16,9,0,1,684,722,0,684,722
864,101,17,28,16155,"2030-9-19",1905,0,1,0,9,1,4,4,12,0,2,695,717,691,717,695
865,101,16,19,14772,"2030-9-20",1905,0,1,0,9,0,2,5,6,0,0,613,485,686,485,613
866,101,29,18,5983,"2030-9-20",1905,0,1,0,9,5,10,11,10,2,0,664,726,0,726,731
867,101,17,28,16215,"2030-9-20",1905,0,1,0,9,3,6,7,18,0,0,643,687,691,687,643
868,101,18,16,15788,"2030-9-22",1905,0,1,0,9,1,11,11,15,0,0,736,462,603,462,736
869,101,19,17,16191,"2030-9-22",1905,0,1,0,9,6,2,10,5,2,0,622,688,38,622,688
870,101,29,28,5999,"2030-9-22",1905,0,1,0,9,6,9,11,17,0,0,697,657,662,600,730
871,101,18,16,15702,"2030-9-23",1905,0,1,0,9,7,2,15,6,0,0,694,668,0,694,668
872,101,19,17,16239,"2030-9-23",1905,0,1,0,9,6,12,11,16,0,0,595,695,0,695,595
873,101,29,28,6003,"2030-9-23",1905,0,1,0,9,7,1,13,10,0,0,679,716,0,679,678
874,101,16,18,14803,"2030-9-24",1905,0,1,0,9,1,2,7,11,0,0,542,640,686,684,615
875,101,17,19,16168,"2030-9-24",1905,0,1,0,9,3,5,5,10,1,1,643,485,737,485,643
876,101,28,29,6600,"2030-9-24",1905,0,1,0,9,6,11,15,17,0,0,480,667,0,722,717
877,101,16,18,14760,"2030-9-25",1905,0,1,0,9,4,9,7,14,0,1,613,726,0,726,613
878,101,17,19,16191,"2030-9-25",1905,0,1,0,9,2,1,11,8,0,0,670,737,708,688,622
879,101,28,29,6533,"2030-9-25",1905,0,1,0,12,5,6,13,13,0,3,657,665,0,731,687
880,101,17,16,16092,"2030-9-28",1905,0,1,0,9,6,2,12,10,0,1,462,695,0,462,695
881,101,28,18,6513,"2030-9-28",1905,0,1,0,9,4,1,8,6,2,1,736,600,144,736,600
882,101,29,19,6064,"2030-9-28",1905,0,1,0,9,4,5,9,13,0,0,662,708,0,595,730
883,101,17,16,16153,"2030-9-29",1905,0,1,0,9,7,3,9,10,0,1,694,643,686,694,643
884,101,28,18,6514,"2030-9-29",1905,0,1,0,10,3,4,7,13,1,0,657,162,0,668,679
885,101,29,19,5971,"2030-9-29",1905,0,1,0,9,14,8,16,13,1,2,485,678,0,485,678
886,101,16,17,14758,"2030-9-30",1905,0,1,0,9,3,14,8,17,0,0,615,622,0,622,615
887,101,18,28,15688,"2030-9-30",1905,0,1,0,9,10,5,14,11,1,1,480,144,0,717,684
888,101,19,29,16142,"2030-9-30",1905,0,1,0,9,10,5,9,9,1,0,697,708,0,722,688
889,101,16,17,14804,"2030-10-1",1905,0,1,0,9,3,0,7,7,0,1,695,613,691,695,613
890,101,18,28,15806,"2030-10-1",1905,0,1,0,9,7,8,11,12,0,0,726,687,699,687,726
891,101,19,29,16146,"2030-10-1",1905,0,1,0,9,3,4,8,7,0,0,708,634,0,731,595
892,101,28,16,6531,"2030-10-4",1905,0,1,0,9,6,8,13,9,0,0,617,686,0,462,600
893,101,17,29,16175,"2030-10-4",1905,0,1,0,10,5,6,7,11,0,2,691,697,0,730,643
894,101,18,19,15795,"2030-10-4",1905,0,1,0,9,3,1,9,8,1,0,485,736,708,485,736
895,101,28,16,6540,"2030-10-5",1905,0,1,0,9,2,4,8,13,1,0,679,694,617,694,679
896,101,17,29,16182,"2030-10-5",1905,0,1,0,9,1,14,10,11,1,1,622,678,0,678,622
897,101,18,19,15662,"2030-10-5",1905,0,1,0,9,3,4,4,6,2,1,668,688,603,688,668
898,101,16,28,14761,"2030-10-6",1905,0,1,0,9,2,1,8,5,2,0,666,615,0,717,615
899,101,29,17,6076,"2030-10-6",1905,0,1,0,9,6,2,6,12,0,0,695,716,1,695,722
900,101,19,18,16094,"2030-10-6",1905,0,1,0,9,3,6,8,12,1,1,746,684,708,684,595
901,101,16,28,14677,"2030-10-7",1905,0,1,0,9,5,4,13,6,0,1,687,748,747,687,613
902,101,29,17,6056,"2030-10-7",1905,0,1,0,9,1,5,6,14,0,1,664,643,662,643,731
903,101,19,18,16312,"2030-10-7",1905,0,1,0,9,8,4,11,13,0,1,726,388,0,726,485
904,101,16,29,14675,"2030-10-10",1905,0,1,0,9,4,3,8,11,0,0,667,462,662,730,462
905,101,28,19,6528,"2030-10-10",1905,0,1,0,9,5,6,12,10,0,0,617,670,0,688,600
906,101,18,17,15730,"2030-10-10",1905,0,1,0,9,1,9,7,8,1,1,736,622,0,622,736
907,101,16,29,14727,"2030-10-11",1905,0,1,0,9,2,9,3,12,0,1,694,678,0,678,694
908,101,28,19,6532,"2030-10-11",1905,0,1,0,9,4,8,6,11,2,0,747,670,617,595,679
909,101,18,17,15761,"2030-10-11",1905,0,1,0,9,4,3,8,7,2,0,695,603,737,695,668
910,101,29,16,6106,"2030-10-12",1905,0,1,0,9,9,5,13,8,1,3,615,722,0,615,722
911,101,19,28,16240,"2030-10-12",1905,0,1,0,9,2,13,9,19,0,0,485,717,0,717,485
912,101,17,18,16056,"2030-10-12",1905,0,1,0,9,5,4,12,10,2,0,162,737,144,684,643
913,101,29,16,6097,"2030-10-13",1905,0,1,0,9,2,3,6,6,1,0,634,589,0,613,731
914,101,19,28,16244,"2030-10-13",1905,0,1,0,9,1,5,8,7,1,0,712,687,0,687,688
915,101,17,18,16137,"2030-10-13",1905,0,1,0,9,8,2,15,8,0,1,726,622,603,726,622
916,101,19,16,16145,"2030-10-16",1905,0,1,0,9,3,4,9,12,0,1,595,462,708,462,595
917,101,18,29,15701,"2030-10-16",1905,0,1,0,15,5,4,15,10,0,2,662,696,489,730,736
918,101,28,17,6548,"2030-10-16",1905,0,1,0,9,5,1,11,9,0,0,695,600,737,695,600
919,101,19,16,16109,"2030-10-17",1905,0,1,0,9,7,4,11,12,1,1,694,485,686,694,485
920,101,18,29,15821,"2030-10-17",1905,0,1,0,9,4,6,11,15,0,0,603,697,144,678,668
921,101,28,17,6538,"2030-10-17",1905,0,1,0,9,1,7,7,11,1,1,679,643,480,643,679
922,101,19,16,16403,"2030-10-18",1905,0,1,0,9,6,7,13,14,1,0,708,686,0,615,688
923,101,18,29,15798,"2030-10-18",1905,0,1,0,9,1,9,5,12,2,0,162,634,0,722,684
924,101,28,17,6549,"2030-10-18",1905,0,1,0,9,11,8,10,11,1,0,693,617,737,622,717
925,101,19,16,16104,"2030-10-19",1905,0,1,0,9,1,4,6,9,1,0,389,613,708,613,595
926,101,18,29,15807,"2030-10-19",1905,0,1,0,9,11,8,14,16,0,2,667,726,662,731,726
927,101,28,17,6528,"2030-10-19",1905,0,1,0,9,10,8,15,16,0,0,671,687,691,695,687
928,100,9,11,4923,"2030-4-17",1905,2,1,0,10,6,3,6,4,0,2,174,315,0,76,145
929,101,22,23,15700,"2030-8-7",1905,4,1,0,9,5,4,6,9,1,1,5,688,667,696,388
930,100,24,2,4924,"2030-4-17",1905,2,1,0,9,5,3,6,6,2,0,27,360,56,27,360
931,100,10,26,4938,"2030-4-17",1905,2,1,0,9,3,2,4,1,1,3,45,504,22,602,12
932,100,3,1,4917,"2030-4-17",1905,2,1,0,9,0,5,4,11,0,0,465,17,0,17,465
933,100,27,25,4958,"2030-4-17",1905,2,1,0,9,2,0,5,1,0,1,335,481,466,335,481
934,100,1,24,4931,"2030-4-18",1905,2,1,0,9,4,1,8,5,0,0,62,18,192,62,18
935,100,26,9,4964,"2030-4-18",1905,2,1,0,19,2,1,10,12,0,0,361,501,0,16,600
936,100,2,11,4967,"2030-4-18",1905,2,1,0,9,0,2,5,9,0,1,580,552,698,401,442
937,100,3,27,4984,"2030-4-18",1905,2,1,0,9,1,6,5,15,1,0,334,393,0,681,573
938,100,25,10,4934,"2030-4-18",1305,2,1,0,9,3,5,4,9,0,0,529,368,466,368,529
939,100,2,26,4952,"2030-4-19",1905,2,1,0,9,0,4,3,6,1,0,606,643,0,643,606
940,100,11,1,4944,"2030-4-19",1905,2,1,0,9,0,10,8,12,2,0,446,717,0,717,446
941,100,9,25,4948,"2030-4-19",1905,2,1,0,9,3,1,7,7,0,0,544,223,404,544,223
942,100,24,3,4954,"2030-4-19",1905,2,1,0,9,1,4,8,6,0,1,694,426,192,548,399
943,100,27,10,4961,"2030-4-19",1905,2,1,0,9,5,6,11,11,0,0,393,534,371,458,454
944,100,1,26,4961,"2030-4-20",1305,2,1,0,9,2,1,6,5,2,1,678,566,22,678,696
945,100,24,27,4967,"2030-4-20",1305,2,1,0,9,1,15,4,14,1,2,584,90,0,402,538
946,100,10,9,4943,"2030-4-20",1505,2,1,0,9,6,5,12,12,0,0,326,712,0,145,526
947,100,3,11,4973,"2030-4-20",1305,2,1,0,9,13,7,14,9,0,0,505,708,605,396,462
948,100,25,2,4974,"2030-4-20",1305,2,1,0,9,3,10,8,8,0,0,601,699,0,502,488
949,100,1,25,4949,"2030-4-21",1305,2,1,0,11,6,4,15,8,0,0,491,549,138,622,17
950,100,26,3,4955,"2030-4-21",1505,2,1,0,9,7,3,10,8,0,0,465,688,503,465,688
951,100,2,10,4926,"2030-4-21",1405,2,1,0,9,20,5,19,9,0,3,12,27,0,12,27
952,100,11,24,4940,"2030-4-21",1405,2,1,0,9,0,11,3,14,0,0,76,360,0,360,76
953,100,27,9,4963,"2030-4-21",1405,2,1,0,9,7,2,12,6,1,0,16,481,0,16,481
954,100,26,24,4947,"2030-4-22",1405,2,1,0,9,7,0,12,3,0,0,695,394,0,62,602
955,100,11,27,4966,"2030-4-22",1405,2,1,0,9,1,3,4,9,2,0,174,640,605,681,401
956,100,9,2,4944,"2030-4-22",1905,2,1,0,9,13,11,23,13,0,1,442,361,467,442,361
957,100,10,1,4982,"2030-4-22",1905,2,1,0,9,3,4,9,5,1,0,368,18,611,18,368
958,100,25,3,4941,"2030-4-22",1905,2,1,0,9,4,5,8,9,1,1,601,334,0,573,335
959,100,1,9,4945,"2030-4-23",1905,2,1,0,12,7,8,14,12,0,2,566,559,0,223,717
960,100,26,11,4936,"2030-4-23",1905,2,1,0,10,7,5,14,10,0,2,605,683,603,446,600
961,100,3,10,4940,"2030-4-23",1905,2,1,0,9,1,2,5,2,1,0,548,458,334,458,548
962,100,25,24,4946,"2030-4-23",1905,2,1,0,9,5,2,9,6,1,1,399,529,697,399,529
963,100,27,2,4908,"2030-4-23",1905,2,1,0,9,6,3,8,5,1,1,606,479,358,606,454
964,100,26,27,4924,"2030-4-24",1905,2,1,0,9,1,5,9,6,0,0,45,393,394,402,643
965,100,2,1,4915,"2030-4-24",1905,2,1,0,9,4,8,6,11,1,2,502,696,0,696,502
966,100,11,25,4923,"2030-4-24",1905,2,1,0,9,1,4,3,8,0,1,396,544,0,544,396
967,100,9,3,4953,"2030-4-24",1905,2,1,0,9,3,4,7,10,0,0,145,462,315,462,145
968,100,24,10,4958,"2030-4-24",1905,2,1,0,9,6,3,6,6,0,0,526,538,0,526,538
969,100,24,9,4978,"2030-4-25",1905,2,1,0,9,2,16,6,14,1,0,360,16,0,16,360
970,100,10,11,4946,"2030-4-25",1905,2,1,0,9,6,2,9,7,0,0,552,455,0,76,12
971,100,3,2,4972,"2030-4-25",1905,2,1,0,9,0,5,3,7,0,0,465,27,0,27,465
972,100,25,26,4916,"2030-4-25",1905,2,1,0,9,5,1,8,5,0,0,678,499,0,678,488
973,100,27,1,4949,"2030-4-25",1905,2,1,0,9,4,3,8,7,2,0,363,329,549,17,481
974,100,1,3,4945,"2030-4-26",1905,2,1,0,9,7,3,9,6,3,1,533,525,708,573,18
975,100,26,10,4975,"2030-4-26",1905,2,1,0,9,7,3,13,8,0,1,368,688,0,368,688
976,100,2,24,4968,"2030-4-26",1905,2,1,0,9,0,2,5,9,0,1,336,584,699,62,442
977,100,11,9,4919,"2030-4-26",1905,2,1,0,9,0,2,4,5,0,1,174,331,0,361,401
978,100,25,27,4971,"2030-4-26",1405,2,1,0,9,3,10,6,12,2,1,622,681,0,681,622
979,100,11,2,4969,"2030-4-27",1305,2,1,0,9,4,14,9,13,2,0,552,358,0,606,446
980,100,9,26,4934,"2030-4-27",1305,2,1,0,9,4,5,8,9,1,0,223,602,559,602,223
981,100,24,1,4955,"2030-4-27",1505,2,1,0,9,0,4,4,8,0,1,399,717,0,717,399
982,100,10,25,4979,"2030-4-27",1305,2,1,0,9,1,2,7,4,0,0,611,601,712,335,458
983,100,27,3,4932,"2030-4-27",1305,2,1,0,9,8,10,11,11,1,0,70,457,90,548,454
984,100,1,11,4935,"2030-4-28",1905,2,1,0,9,13,6,15,8,2,1,396,696,0,396,696
985,100,26,2,4948,"2030-4-28",1905,2,1,0,10,4,1,12,3,1,0,580,45,0,502,600
986,100,10,27,4957,"2030-4-28",1905,2,1,0,9,2,0,5,4,0,1,402,526,329,402,526
987,100,3,24,4952,"2030-4-28",1305,2,1,0,9,4,3,7,9,0,1,538,462,192,538,462
988,100,25,9,4969,"2030-4-28",1905,2,1,0,9,0,3,2,6,0,0,529,145,0,145,529
989,100,26,1,4932,"2030-4-30",1405,2,1,0,9,10,3,9,6,0,3,17,643,0,17,643
990,100,2,25,4943,"2030-4-30",1905,2,1,0,9,1,3,6,6,1,1,27,544,502,544,27
991,100,11,3,4958,"2030-4-30",1905,2,1,0,9,6,1,8,5,0,1,465,76,0,465,76
992,100,9,10,4941,"2030-4-30",1905,2,1,0,9,9,2,11,8,0,0,12,16,0,12,16
993,100,27,24,4922,"2030-4-30",1905,2,1,0,9,5,2,7,6,0,0,546,90,192,360,481
994,100,9,27,4946,"2030-5-1",1905,2,1,0,9,0,16,8,18,1,0,361,681,0,681,361
995,100,24,11,4989,"2030-5-1",1305,2,1,0,9,4,5,6,8,2,1,584,603,192,401,62
996,100,10,2,4946,"2030-5-1",1905,2,1,0,9,8,2,14,9,0,1,442,368,0,442,368
997,100,3,26,4944,"2030-5-1",1905,2,1,0,9,4,2,6,5,0,0,683,533,0,678,573
998,100,25,1,4924,"2030-5-1",1905,2,1,0,9,3,12,6,15,1,1,488,18,0,18,488
999,100,1,10,4982,"2030-5-2",1905,2,1,0,9,7,4,10,9,1,0,458,717,0,458,717
1000,100,26,24,4949,"2030-5-2",1405,2,1,0,9,3,0,9,3,1,0,527,445,192,399,688
1001,100,2,9,4925,"2030-5-2",1905,2,1,0,9,8,3,16,8,1,0,223,606,0,223,606
1002,100,25,3,4946,"2030-5-2",1905,2,1,0,9,4,7,8,7,0,0,466,533,0,548,622
1003,100,27,11,4965,"2030-5-2",1905,2,1,0,9,20,0,16,2,1,0,446,454,0,446,454
1004,100,2,27,4937,"2030-5-3",1905,2,1,0,13,10,5,16,13,1,0,329,467,0,402,358
1005,100,11,26,4925,"2030-5-3",1905,2,1,0,9,5,9,13,13,0,0,693,45,174,602,396
1006,100,9,1,4947,"2030-5-3",1905,2,1,0,9,3,6,6,8,0,0,559,716,0,696,145
1007,100,24,25,4931,"2030-5-3",1905,2,1,0,9,5,0,10,3,0,0,335,538,542,335,538
1008,100,10,3,4963,"2030-5-3",1905,2,1,0,9,4,6,5,11,0,1,712,334,0,462,526
1009,100,1,2,4960,"2030-5-4",1305,2,1,0,9,12,7,16,11,1,0,27,17,0,27,17
1010,100,10,24,4944,"2030-5-4",1405,2,1,0,9,1,2,4,6,0,1,692,43,534,360,12
1011,100,3,9,4921,"2030-5-4",1305,2,1,0,9,4,3,5,8,0,0,16,465,0,16,465
1012,100,25,11,4962,"2030-5-4",1305,2,1,0,9,3,1,6,6,1,2,76,529,575,76,529
1013,100,27,26,4929,"2030-5-4",1605,2,1,0,9,2,1,4,5,1,0,600,481,22,600,481
1014,100,1,27,4958,"2030-5-5",1405,2,1,0,9,4,5,9,12,1,0,421,640,0,681,18
1015,100,26,25,4931,"2030-5-5",1905,2,1,0,9,10,0,17,5,0,0,544,643,0,544,643
1016,100,2,3,4985,"2030-5-5",1505,2,1,0,9,6,5,11,7,0,0,456,502,426,573,442
1017,100,11,10,4954,"2030-5-5",1905,2,1,0,9,4,10,6,9,0,0,401,368,0,368,401
1018,100,9,24,4944,"2030-5-5",1905,2,1,0,9,5,3,8,3,1,0,695,331,192,62,361
1019,100,9,11,4941,"2030-5-6",1905,2,1,0,9,15,0,14,2,1,0,446,223,0,446,223
1020,100,24,2,4940,"2030-5-6",1905,2,1,0,9,0,2,3,6,0,0,399,606,192,606,399
1021,100,10,26,4956,"2030-5-6",1905,2,1,0,9,8,3,13,6,1,1,678,458,0,678,458
1022,100,3,1,4945,"2030-5-6",1905,2,1,0,9,5,1,8,6,1,0,717,548,549,717,548
1023,100,27,25,4982,"2030-5-6",1905,2,1,0,9,6,1,13,5,1,1,488,371,0,488,454
1024,100,1,24,4977,"2030-5-7",1905,2,1,0,9,7,5,9,9,0,0,527,311,192,538,696
1025,100,26,9,4940,"2030-5-7",1905,2,1,0,9,3,1,4,7,0,0,145,688,574,145,688
1026,100,2,11,4908,"2030-5-7",1905,2,1,0,9,1,5,5,6,0,1,358,396,0,396,358
1027,100,3,27,4951,"2030-5-7",1905,2,1,0,9,1,5,4,10,0,1,708,329,0,402,462
1028,100,25,10,4948,"2030-5-7",1405,2,1,0,9,7,10,11,13,0,0,601,577,542,526,622
1029,100,2,26,4920,"2030-5-8",1905,2,1,0,9,2,3,7,9,1,1,56,445,0,602,27
1030,100,11,1,4920,"2030-5-8",1905,2,1,0,9,1,3,5,8,0,0,76,17,174,17,76
1031,100,9,25,4948,"2030-5-8",1905,2,1,0,9,4,0,10,4,1,1,335,16,404,335,16
1032,100,24,3,4921,"2030-5-8",1905,2,1,0,9,8,3,10,9,0,1,533,697,426,465,360
1033,100,27,10,4961,"2030-5-8",1905,2,1,0,9,7,6,9,5,2,1,12,481,534,12,481
1034,100,1,26,4955,"2030-5-9",1905,2,1,0,9,3,13,7,14,4,2,18,600,0,600,18
1035,100,24,27,4951,"2030-5-9",1905,2,1,0,9,0,13,4,15,0,0,62,681,0,681,62
1036,100,10,9,4946,"2030-5-9",1905,2,1,0,9,2,4,6,8,0,0,455,559,712,361,368
1037,100,3,11,4970,"2030-5-9",1905,2,1,0,9,2,13,7,13,1,0,573,401,0,401,573
1038,100,25,2,4970,"2030-5-9",1905,2,1,0,9,0,13,5,16,2,0,529,442,0,442,529
1039,100,1,25,4947,"2030-5-10",1905,2,1,0,9,6,2,14,6,0,0,544,717,0,544,717
1040,100,26,3,4951,"2030-5-10",1305,2,1,0,9,7,2,8,8,0,2,548,643,0,548,643
1041,100,2,10,4935,"2030-5-10",1905,2,1,0,9,2,7,6,12,0,0,606,458,0,458,606
1042,100,11,24,4935,"2030-5-10",1905,2,1,0,9,3,4,6,9,1,1,575,527,605,399,446
1043,100,27,9,4935,"2030-5-10",1905,2,1,0,10,11,5,16,7,0,0,331,640,0,223,454
1044,100,11,27,4934,"2030-5-11",1305,2,1,0,9,1,14,5,14,0,1,396,393,552,402,396
1045,100,9,2,4939,"2030-5-11",1305,2,1,0,9,4,6,7,6,0,2,145,358,315,358,145
1046,100,26,1,4991,"2030-5-11",1305,2,1,0,10,6,5,16,6,0,0,421,22,0,696,678
1047,100,24,1,4983,"2030-5-11",1305,2,1,0,9,4,11,6,14,0,1,538,17,0,17,538
1048,100,3,25,4952,"2030-5-11",1905,2,1,0,9,5,4,10,8,0,2,488,462,542,488,462
1049,100,2,3,53872,"2030-10-21",2005,3,1,0,9,2,1,7,6,1,0,17,27,503,17,27
1050,100,2,3,53724,"2030-10-22",2005,3,1,0,9,5,3,10,12,0,0,465,337,533,465,337
1051,100,3,2,30183,"2030-10-24",2005,3,1,0,9,3,4,6,8,0,0,333,27,533,27,17
1052,100,10,3,42477,"2030-10-28",2005,3,1,0,9,5,7,8,9,1,1,12,465,458,465,12
1053,100,10,3,42421,"2030-10-29",2005,3,1,0,9,2,10,6,14,0,1,368,17,0,17,368
1054,100,11,25,59857,"2030-10-21",2005,3,1,0,9,1,2,4,5,0,0,76,335,505,335,76
1055,100,11,25,59870,"2030-10-22",2005,3,1,0,10,4,6,12,6,0,0,174,544,0,529,446
1056,100,25,11,52370,"2030-10-24",2005,3,1,0,9,10,5,15,9,1,0,76,456,0,76,456
1057,100,3,10,30836,"2030-10-31",2005,3,1,0,9,7,5,12,9,0,0,12,465,504,12,465
1058,100,3,10,30391,"2030-11-1",2005,3,1,0,9,8,0,11,3,0,0,368,17,0,368,17
1059,101,17,16,17494,"2030-10-22",2005,3,1,0,9,6,7,13,7,1,0,691,686,0,462,622
1060,101,17,16,17161,"2030-10-23",2005,3,1,0,9,3,9,12,11,0,0,1,694,38,694,643
1061,101,16,17,14672,"2030-10-25",2005,3,1,0,9,1,3,6,9,0,0,589,1,686,695,615
1062,101,16,17,14782,"2030-10-26",2005,3,1,0,9,2,0,8,4,0,1,622,613,737,622,613
1063,101,19,17,32678,"2030-10-29",2005,3,1,0,9,2,6,6,9,1,0,485,695,708,695,485
1064,100,10,24,0,"2030-11-6",1905,3,0,0,0,0,0,0,0,0,0,0,0,0,0,0
1065,100,10,24,0,"2030-11-7",1905,3,0,0,0,0,0,0,0,0,0,0,0,0,0,0
1066,100,24,10,0,"2030-11-9",1905,3,0,0,0,0,0,0,0,0,0,0,0,0,0,0
1067,100,24,11,43688,"2030-10-28",2005,3,1,0,9,2,7,7,9,1,2,360,76,0,76,360
1068,100,24,11,43314,"2030-10-29",2005,3,1,0,9,3,5,9,8,0,0,399,401,62,401,399
1069,100,11,24,59182,"2030-10-31",2005,3,1,0,9,4,3,11,6,0,0,360,396,62,360,396
1070,100,11,24,59667,"2030-11-1",2005,3,1,0,9,2,5,3,6,0,0,76,399,0,399,76
1071,100,11,24,59560,"2030-11-2",2005,3,1,0,9,8,2,15,5,0,1,62,401,192,62,401
1072,100,24,10,0,"2030-11-10",1505,3,0,0,0,0,0,0,0,0,0,0,0,0,0,0
1073,100,24,10,0,"2030-11-11",1905,3,0,0,0,0,0,0,0,0,0,0,0,0,0,0
1074,101,19,17,32789,"2030-10-30",2005,3,1,0,9,5,9,9,19,0,1,595,622,708,622,595
1075,101,17,19,17461,"2030-11-1",2005,3,1,0,9,4,2,5,7,0,0,712,643,708,485,643
1076,101,17,19,17431,"2030-11-2",2005,3,1,0,9,1,2,6,7,1,0,695,712,691,595,695
1077,101,17,19,17475,"2030-11-3",2005,3,1,0,9,1,2,7,8,2,1,622,388,737,388,622
1078,101,19,17,32800,"2030-11-5",2005,3,1,0,9,3,13,7,14,1,0,595,643,0,643,595
1080,100,10,24,0,"2030-11-13",1905,3,0,0,0,0,0,0,0,0,0,0,0,0,0,0
1081,100,10,24,0,"2030-11-14",1905,3,0,0,0,0,0,0,0,0,0,0,0,0,0,0
