player_id,team_id,league_id,position,role,fielding_ratings_infield_range,fielding_ratings_infield_arm,fielding_ratings_turn_doubleplay,fielding_ratings_outfield_range,fielding_ratings_outfield_arm,fielding_ratings_catcher_arm,fielding_ratings_catcher_ability,fielding_ratings_infield_error,fielding_ratings_outfield_error,fielding_experience0,fielding_experience1,fielding_experience2,fielding_experience3,fielding_experience4,fielding_experience5,fielding_experience6,fielding_experience7,fielding_experience8,fielding_experience9,fielding_rating_pos1,fielding_rating_pos2,fielding_rating_pos3,fielding_rating_pos4,fielding_rating_pos5,fielding_rating_pos6,fielding_rating_pos7,fielding_rating_pos8,fielding_rating_pos9
1,17,101,1,12,75,100,25,10,10,10,10,50,10,0,200,0,0,0,0,0,0,0,0,162,0,0,0,0,0,0,0,0
2,17,101,1,12,100,100,100,10,10,10,10,100,10,0,200,0,0,0,0,0,0,0,0,242,0,0,0,0,0,0,0,0
3,17,101,1,12,75,100,25,10,10,10,10,50,10,0,200,0,0,0,0,0,0,0,0,162,0,0,0,0,0,0,0,0
4,17,101,1,12,100,100,100,10,10,10,10,100,10,0,200,0,0,0,0,0,0,0,0,242,0,0,0,0,0,0,0,0
5,17,101,1,12,75,100,25,10,10,10,10,50,10,0,200,0,0,0,0,0,0,0,0,162,0,0,0,0,0,0,0,0
6,17,101,1,12,75,100,25,10,10,10,10,50,10,0,200,0,0,0,0,0,0,0,0,162,0,0,0,0,0,0,0,0
7,0,0,7,0,20,20,20,110,120,10,10,10,110,0,0,0,0,0,0,1,200,102,161,0,0,0,0,0,0,128,25,88
8,11,100,9,0,158,140,60,158,140,140,10,136,136,0,0,0,0,0,0,0,171,176,200,0,0,0,0,0,0,165,121,171
9,16,101,7,0,100,80,60,100,80,10,10,100,100,0,0,0,150,0,0,0,200,101,0,0,0,145,0,0,0,105,14,0
10,0,0,1,12,75,100,25,10,10,10,10,50,10,0,200,0,0,0,0,0,0,0,0,162,0,0,0,0,0,0,0,0
11,0,0,1,11,75,100,25,10,10,10,10,50,10,0,200,0,0,0,0,0,0,0,0,162,0,0,0,0,0,0,0,0
12,10,100,1,11,75,100,25,20,20,10,10,50,10,0,200,0,0,0,0,0,0,0,0,162,0,0,0,0,0,0,0,0
13,0,0,5,0,100,100,40,100,100,10,10,92,92,0,0,0,182,0,200,0,0,0,100,0,0,157,0,63,0,0,0,43
14,24,100,2,0,50,130,40,50,130,130,160,60,60,0,0,200,102,0,0,0,152,0,0,0,164,40,0,0,0,39,0,0
15,10,100,8,0,180,120,60,180,120,10,10,120,120,0,0,0,0,0,0,0,200,200,200,0,0,0,0,0,0,212,171,181
16,10,100,1,11,75,100,25,10,10,10,10,50,10,0,200,0,0,0,0,0,0,0,0,162,0,0,0,0,0,0,0,0
17,1,100,1,11,75,100,25,10,10,10,10,50,10,0,200,0,0,0,0,0,0,0,0,162,0,0,0,0,0,0,0,0
18,25,100,1,12,75,100,25,10,10,10,10,50,10,0,200,0,0,0,0,0,0,0,0,162,0,0,0,0,0,0,0,0
19,16,101,4,0,120,120,80,20,20,10,10,120,10,0,0,0,117,200,104,100,0,0,0,0,0,109,106,52,36,0,0,0
20,2,100,2,0,50,160,40,50,160,160,170,60,60,0,0,200,0,100,153,0,0,0,0,0,195,0,0,52,0,0,0,0
21,0,0,9,0,88,120,40,88,120,120,10,88,88,0,0,0,0,1,2,0,190,150,200,0,0,0,0,1,0,94,0,83
22,25,100,1,11,75,100,25,10,10,10,10,50,10,0,200,0,0,0,0,0,0,0,0,162,0,0,0,0,0,0,0,0
23,19,101,8,0,130,100,40,130,100,10,10,64,64,0,0,0,0,0,4,0,100,200,152,0,0,0,0,1,0,70,76,86
24,2,100,3,0,80,70,60,80,70,10,10,120,120,0,0,0,200,200,143,28,0,0,0,0,0,140,62,0,3,0,0,0
25,0,0,7,0,108,100,40,108,100,10,10,80,80,0,0,0,200,0,150,0,100,0,0,0,0,148,0,47,0,58,0,0
26,24,100,1,12,75,100,25,10,10,10,10,50,10,0,200,0,0,0,0,0,0,0,0,162,0,0,0,0,0,0,0,0
27,2,100,1,11,75,100,25,10,10,10,10,50,10,0,200,0,0,0,0,0,0,0,0,162,0,0,0,0,0,0,0,0
28,0,0,4,0,112,60,80,112,60,10,10,82,82,0,0,0,120,200,0,0,156,0,0,0,0,82,83,0,0,87,0,0
29,1,100,5,0,100,144,60,100,144,10,10,144,144,0,0,0,105,150,200,0,0,0,0,0,0,91,69,111,0,0,0,0
30,0,0,2,0,50,80,40,50,80,80,150,60,60,0,0,200,0,0,0,0,0,0,3,0,117,0,0,0,0,0,0,0
31,0,0,3,0,120,96,120,20,20,10,10,120,10,0,0,0,200,100,100,100,0,0,0,0,0,193,0,0,0,0,0,0
32,0,0,1,11,100,100,100,10,10,10,10,100,10,0,200,0,0,0,0,0,0,0,0,242,0,0,0,0,0,0,0,0
33,0,0,1,11,100,100,100,10,10,10,10,100,10,0,200,0,0,0,0,0,0,0,0,242,0,0,0,0,0,0,0,0
34,25,100,1,12,75,100,25,10,10,10,10,50,10,0,200,0,0,0,0,0,0,0,0,162,0,0,0,0,0,0,0,0
35,0,0,1,11,75,100,25,10,10,10,10,50,10,0,200,0,0,0,0,0,0,0,0,162,0,0,0,0,0,0,0,0
36,0,0,1,11,100,100,100,10,10,10,10,100,10,0,200,0,0,0,0,0,0,0,0,242,0,0,0,0,0,0,0,0
37,18,101,2,0,50,40,40,50,40,40,120,60,60,0,0,200,150,0,0,0,101,0,0,0,63,51,0,0,0,15,0,0
38,17,101,1,12,75,100,25,10,10,10,10,50,10,0,200,0,0,0,0,0,0,0,0,162,0,0,0,0,0,0,0,0
39,17,101,5,0,100,100,100,100,100,10,10,100,100,0,0,100,0,0,200,150,0,0,0,0,0,0,0,73,38,0,0,0
40,17,101,1,12,100,100,100,10,10,10,10,100,10,0,200,0,0,0,0,0,0,0,0,242,0,0,0,0,0,0,0,0
41,17,101,1,11,100,100,100,10,10,10,10,100,10,0,200,0,0,0,0,0,0,0,0,242,0,0,0,0,0,0,0,0
42,0,0,1,12,75,100,25,10,10,10,10,50,10,0,200,0,0,0,0,0,0,0,0,162,0,0,0,0,0,0,0,0
43,24,100,1,12,75,100,25,10,10,10,10,50,10,0,200,0,0,0,0,0,0,0,0,162,0,0,0,0,0,0,0,0
44,16,101,2,0,50,80,40,50,80,80,110,60,60,0,0,200,150,0,103,0,0,0,0,0,86,54,0,7,0,0,0,0
45,9,100,1,11,75,100,25,10,10,10,10,50,10,0,200,0,0,0,0,0,0,0,0,162,0,0,0,0,0,0,0,0
46,1,100,1,12,75,100,25,10,10,10,10,50,10,0,200,0,0,0,0,0,0,0,0,162,0,0,0,0,0,0,0,0
47,18,101,2,0,30,50,20,20,20,120,120,50,10,0,0,200,100,0,0,2,0,0,0,0,125,28,0,0,0,0,0,0
48,10,100,6,0,170,140,138,170,140,10,10,160,160,0,0,0,0,0,200,200,0,0,200,0,0,0,0,159,155,0,0,186
49,0,0,4,0,120,90,110,20,20,10,10,120,10,0,0,0,108,200,116,157,0,2,0,0,0,56,115,48,63,0,0,0
50,10,100,1,12,75,100,25,10,10,10,10,50,10,0,200,0,0,0,0,0,0,0,0,162,0,0,0,0,0,0,0,0
51,0,0,7,0,20,20,20,128,110,10,10,10,110,0,0,0,0,0,0,0,200,200,118,0,0,0,0,0,0,147,80,72
52,24,100,1,12,75,100,25,10,10,10,10,50,10,0,200,0,0,0,0,0,0,0,0,162,0,0,0,0,0,0,0,0
53,25,100,1,12,75,100,25,10,10,10,10,50,10,0,200,0,0,0,0,0,0,0,0,162,0,0,0,0,0,0,0,0
54,0,0,3,0,120,120,80,20,20,10,10,120,10,0,0,0,200,104,100,100,0,2,1,0,0,193,55,50,36,0,0,0
55,0,0,2,0,50,40,40,50,40,40,120,60,60,0,0,200,163,0,100,0,0,0,0,0,63,64,0,0,0,0,0,0
56,2,100,1,12,75,100,25,10,10,10,10,50,10,0,200,0,0,0,0,0,0,0,0,162,0,0,0,0,0,0,0,0
57,11,100,1,12,75,100,25,10,10,10,10,50,10,0,200,0,0,0,0,0,0,0,0,162,0,0,0,0,0,0,0,0
58,0,0,3,0,122,92,100,20,20,10,10,120,10,0,0,0,102,112,118,200,0,0,0,0,0,54,64,50,79,0,0,0
59,0,0,8,0,20,20,20,138,104,10,10,10,120,0,0,0,0,0,0,0,193,200,121,0,0,0,0,0,0,153,98,80
60,3,100,2,0,50,80,40,50,80,80,120,60,60,0,0,200,163,0,6,0,102,0,2,0,94,82,0,0,0,20,0,0
61,0,0,2,0,10,50,20,20,20,110,140,60,10,0,0,200,0,0,0,0,0,0,0,0,133,0,0,0,0,0,0,0
62,24,100,1,11,75,100,25,10,10,10,10,50,10,0,200,0,0,0,0,0,0,0,0,162,0,0,0,0,0,0,0,0
63,0,0,7,0,20,20,20,120,100,10,10,10,120,0,0,0,0,0,0,0,200,100,100,0,0,0,0,0,0,136,33,56
64,0,0,2,0,50,90,40,50,90,90,110,60,60,0,0,200,150,0,107,0,0,0,0,0,94,59,0,11,0,0,0,0
65,11,100,2,0,30,134,20,30,134,134,160,30,30,0,0,200,100,0,150,0,0,0,0,0,167,31,0,0,0,0,0,0
66,0,0,7,0,180,108,60,180,108,10,10,100,100,0,0,0,0,0,0,0,200,200,100,0,0,0,0,0,0,206,168,86
67,0,0,1,12,75,100,25,10,10,10,10,50,10,0,200,0,0,0,0,0,0,0,0,162,0,0,0,0,0,0,0,0
68,0,0,2,0,30,50,20,20,20,120,120,50,10,0,0,200,100,0,2,1,1,0,0,0,125,24,0,0,0,0,0,0
69,3,100,1,11,75,100,25,10,10,10,10,50,10,0,200,0,0,0,0,0,0,0,0,162,0,0,0,0,0,0,0,0
70,24,100,1,12,75,100,25,10,10,10,10,50,10,0,200,0,0,0,0,0,0,0,0,162,0,0,0,0,0,0,0,0
71,0,0,1,12,75,100,25,10,10,10,10,50,10,0,200,0,0,0,0,0,0,0,0,162,0,0,0,0,0,0,0,0
72,0,0,1,12,100,100,100,10,10,10,10,100,10,0,200,0,0,0,0,0,0,0,0,242,0,0,0,0,0,0,0,0
73,0,0,3,0,106,62,60,106,62,10,10,100,100,0,0,0,200,7,0,122,150,107,100,0,0,104,0,0,0,81,20,39
74,0,0,6,0,100,110,100,20,20,10,10,100,10,0,0,0,100,100,100,200,0,0,0,0,0,58,45,40,52,0,0,0
75,0,0,6,0,120,102,102,20,20,10,10,120,10,0,0,0,107,200,104,175,0,0,0,0,0,84,113,47,68,0,0,0
76,11,100,1,11,75,100,25,10,10,10,10,50,10,0,200,0,0,0,0,0,0,0,0,162,0,0,0,0,0,0,0,0
77,2,100,1,11,75,100,25,10,10,10,10,50,10,0,200,0,0,0,0,0,0,0,0,162,0,0,0,0,0,0,0,0
78,0,0,5,0,116,182,68,116,182,10,10,136,136,0,0,100,0,0,200,152,0,0,0,0,0,0,0,144,57,0,0,0
79,9,100,1,12,75,100,25,1,1,1,1,50,1,0,200,0,0,0,0,0,0,0,0,162,0,0,0,0,0,0,0,0
80,9,100,1,12,75,100,25,10,10,10,10,50,10,0,200,0,0,0,0,0,0,0,0,162,0,0,0,0,0,0,0,0
81,3,100,6,0,170,160,120,170,160,10,10,126,126,0,0,0,0,103,150,200,0,0,0,0,0,0,87,120,141,0,0,0
82,0,0,5,0,120,120,80,20,20,10,10,120,10,0,0,0,100,100,200,100,0,0,0,0,0,82,53,100,36,0,0,0
83,0,0,8,0,20,20,20,120,120,10,10,10,100,0,0,0,0,1,0,2,131,200,103,0,0,0,0,0,0,90,65,60
84,0,0,3,0,120,120,80,20,20,10,10,120,10,0,0,0,100,100,200,100,0,0,0,0,0,54,0,0,0,0,0,0
85,0,0,1,12,100,100,100,10,10,10,10,100,10,0,200,0,0,0,0,0,0,0,0,242,0,0,0,0,0,0,0,0
86,0,0,1,11,100,100,100,10,10,10,10,100,10,0,200,0,0,0,0,0,0,0,0,242,0,0,0,0,0,0,0,0
87,2,100,9,0,120,144,60,120,144,10,10,120,120,0,0,0,0,0,0,0,169,200,200,0,0,0,0,0,0,124,70,131
88,0,0,1,11,100,100,100,10,10,10,10,100,10,0,200,0,0,0,0,0,0,0,0,242,0,0,0,0,0,0,0,0
89,0,0,8,0,20,20,20,120,110,10,10,10,110,0,0,0,0,0,0,7,103,200,103,0,0,0,0,0,0,71,66,59
90,1,100,1,12,75,100,25,10,10,10,10,50,10,0,200,0,0,0,0,0,0,0,0,162,0,0,0,0,0,0,0,0
91,0,0,2,0,30,50,20,20,20,120,120,50,10,0,0,200,120,0,0,0,0,0,0,0,125,42,0,0,0,0,0,0
92,2,100,9,0,158,70,60,158,70,10,10,100,100,0,0,0,0,0,4,0,200,200,200,0,0,0,0,0,0,171,127,134
93,0,0,6,0,120,100,100,20,20,10,10,120,10,0,0,0,100,106,100,200,0,0,0,0,0,62,60,44,77,0,0,0
94,0,0,6,0,160,110,120,160,110,10,10,100,100,0,0,0,0,200,0,200,0,0,153,0,0,0,148,0,119,0,0,117
95,0,0,1,13,100,100,100,10,10,10,10,100,10,0,200,0,0,0,0,0,0,0,0,242,0,0,0,0,0,0,0,0
96,16,101,1,12,100,100,100,10,10,10,10,100,10,0,200,0,0,0,0,0,0,0,0,242,0,0,0,0,0,0,0,0
97,0,0,1,11,100,100,100,10,10,10,10,100,10,0,200,0,0,0,0,0,0,0,0,242,0,0,0,0,0,0,0,0
98,0,0,1,12,100,100,100,10,10,10,10,100,10,0,200,0,0,0,0,0,0,0,0,242,0,0,0,0,0,0,0,0
99,0,0,7,0,20,20,20,120,110,10,10,10,100,0,0,0,0,0,0,0,200,100,103,0,0,0,0,0,0,136,32,58
100,0,0,1,11,100,100,100,10,10,10,10,100,10,0,200,0,0,0,0,0,0,0,0,242,0,0,0,0,0,0,0,0
101,0,0,1,11,75,100,25,10,10,10,10,50,10,0,200,0,0,0,0,0,0,0,0,162,0,0,0,0,0,0,0,0
102,0,0,1,11,100,100,100,10,10,10,10,100,10,0,200,0,0,0,0,0,0,0,0,242,0,0,0,0,0,0,0,0
103,0,0,4,0,120,60,120,120,60,10,10,100,100,0,0,0,0,200,0,182,0,128,0,0,0,0,110,0,68,0,39,0
104,17,101,1,11,100,100,100,10,10,10,10,100,10,0,200,0,0,0,0,0,0,0,0,242,0,0,0,0,0,0,0,0
105,0,0,7,0,20,20,20,120,120,10,10,10,120,0,0,0,0,0,0,0,200,114,102,0,0,0,0,0,0,141,39,61
106,0,0,3,0,80,80,70,20,20,10,10,80,10,0,0,0,106,101,200,104,0,0,0,0,0,68,27,39,7,0,0,0
107,0,0,1,12,75,100,25,10,10,10,10,50,10,0,200,0,0,0,0,0,0,0,0,162,0,0,0,0,0,0,0,0
108,0,0,8,0,20,20,20,80,80,10,10,10,80,0,0,0,0,0,0,0,100,200,100,0,0,0,0,0,0,39,1,28
109,16,101,1,12,75,100,25,80,80,10,10,50,80,0,200,0,0,0,0,0,0,0,0,162,0,0,0,0,0,0,0,0
110,0,0,5,0,80,80,70,20,20,10,10,80,10,0,0,0,100,100,200,100,0,0,0,0,0,73,26,39,7,0,0,0
111,9,100,5,0,140,146,110,140,146,10,10,140,140,0,0,0,100,167,200,0,0,0,0,0,0,82,119,138,0,0,0,0
112,0,0,1,12,100,100,100,10,10,10,10,100,10,0,200,0,0,0,0,0,0,0,0,242,0,0,0,0,0,0,0,0
113,0,0,3,0,80,80,70,20,20,10,10,80,10,0,0,0,200,100,100,100,0,0,0,0,0,142,26,19,7,0,0,0
114,0,0,7,0,20,20,20,80,80,10,10,10,80,0,0,0,0,0,0,0,200,100,100,0,0,0,0,0,0,78,0,28
115,16,101,1,12,75,100,25,10,10,10,10,50,10,0,200,0,0,0,0,0,0,0,0,162,0,0,0,0,0,0,0,0
116,0,0,1,12,100,100,100,10,10,10,10,100,10,0,200,0,0,0,0,0,0,0,0,242,0,0,0,0,0,0,0,0
117,0,0,1,11,100,100,100,10,10,10,10,100,10,0,200,0,0,0,0,0,0,0,0,242,0,0,0,0,0,0,0,0
118,0,0,4,0,120,120,80,20,20,10,10,120,10,0,0,0,124,200,114,144,0,0,0,0,0,115,106,57,52,0,0,0
119,10,100,3,0,130,80,80,130,80,10,10,120,120,0,0,0,200,179,0,200,0,6,0,0,0,182,101,0,80,0,2,0
120,0,0,9,0,20,20,20,120,120,10,10,10,100,0,0,0,13,0,0,0,110,104,200,0,0,2,0,0,0,76,34,117
121,9,100,4,0,120,120,120,120,120,10,10,120,120,0,0,0,189,200,150,0,0,0,0,0,0,153,121,79,0,0,0,0
122,9,100,6,0,180,120,120,180,120,10,10,160,160,0,0,0,0,200,0,200,0,106,0,0,0,0,186,0,158,0,94,0
123,0,0,1,12,75,100,25,10,10,10,10,50,10,0,200,0,0,0,0,0,0,0,0,162,0,0,0,0,0,0,0,0
124,24,100,7,0,140,110,60,140,110,10,10,110,110,0,0,0,200,0,0,0,200,106,179,0,0,199,0,0,0,161,53,121
125,16,101,5,0,100,90,60,100,90,10,10,90,90,0,0,0,0,100,175,200,0,0,0,0,0,0,35,50,35,0,0,0
126,9,100,1,11,75,100,25,10,10,10,10,50,10,0,200,0,0,0,0,0,0,0,0,162,0,0,0,0,0,0,0,0
127,10,100,1,11,75,100,25,10,10,10,10,50,10,0,200,0,0,0,0,0,0,0,0,162,0,0,0,0,0,0,0,0
128,17,101,3,0,120,60,60,120,60,10,10,80,80,0,0,0,200,150,0,100,0,1,0,0,0,150,0,0,0,0,0,0
129,0,0,7,0,20,20,20,90,70,10,10,10,80,0,0,0,0,0,0,0,100,100,200,0,0,0,0,0,0,44,4,61
130,0,0,1,12,75,100,25,10,10,10,10,50,10,0,200,0,0,0,0,0,0,0,0,162,0,0,0,0,0,0,0,0
131,0,0,3,0,90,134,82,20,20,10,10,90,10,0,0,0,100,100,200,100,0,0,0,0,0,74,0,0,0,0,0,0
132,0,0,1,11,100,100,100,10,10,10,10,100,10,0,200,0,0,0,0,0,0,0,0,242,0,0,0,0,0,0,0,0
133,0,0,7,0,20,20,20,110,124,10,10,10,104,0,0,0,0,0,0,5,200,108,104,0,0,0,0,0,0,128,26,57
134,17,101,1,11,100,100,100,10,10,10,10,100,10,0,200,0,0,0,0,0,0,0,0,242,0,0,0,0,0,0,0,0
135,19,101,5,0,90,100,70,20,20,10,10,80,10,0,0,0,100,100,200,100,0,0,0,0,0,60,31,58,13,0,0,0
136,25,100,1,12,75,100,25,10,10,10,10,50,10,0,200,0,0,0,0,0,0,0,0,162,0,0,0,0,0,0,0,0
137,2,100,7,0,120,120,40,120,120,10,10,120,120,0,0,0,127,0,84,0,200,0,156,0,0,112,0,40,0,141,0,94
138,25,100,1,12,75,100,25,10,10,10,10,50,10,0,200,0,0,0,0,0,0,0,0,162,0,0,0,0,0,0,0,0
139,18,101,3,0,90,60,60,90,60,60,10,60,60,0,0,0,200,0,150,0,100,0,0,0,0,125,0,0,0,41,0,0
140,11,100,10,0,50,50,40,50,50,10,10,40,40,0,0,100,0,0,200,150,0,0,0,0,0,0,0,1,0,0,0,0
141,0,0,8,0,20,20,20,90,70,10,10,10,80,0,0,0,0,0,0,0,114,200,104,0,0,0,0,0,0,50,8,32
142,0,0,4,0,90,70,60,20,20,10,10,90,10,0,0,0,106,122,100,200,0,0,0,0,0,63,37,0,23,0,0,0
143,0,0,1,12,100,100,100,10,10,10,10,100,10,0,200,0,0,0,0,0,0,0,0,242,0,0,0,0,0,0,0,0
144,18,101,1,12,75,100,25,10,10,10,10,50,10,0,200,0,0,0,0,0,0,0,0,162,0,0,0,0,0,0,0,0
145,9,100,1,11,75,100,25,10,10,10,10,50,10,0,200,0,0,0,0,0,0,0,0,162,0,0,0,0,0,0,0,0
146,1,100,4,0,140,108,110,140,108,10,10,134,134,0,0,0,0,200,65,200,0,100,0,0,0,0,138,36,106,0,52,0
147,1,100,9,0,178,120,40,178,120,10,10,134,134,0,0,0,100,0,0,0,0,200,200,0,0,87,0,0,0,0,170,182
148,0,0,1,12,100,100,100,10,10,10,10,100,10,0,200,0,0,0,0,0,0,0,0,242,0,0,0,0,0,0,0,0
149,24,100,3,0,104,122,60,104,122,130,10,124,124,0,0,0,200,0,200,0,100,0,0,0,0,160,0,92,0,62,0,0
150,0,0,1,13,100,100,100,10,10,10,10,100,10,0,200,0,0,0,0,0,0,0,0,242,0,0,0,0,0,0,0,0
151,2,100,5,0,120,120,60,120,120,10,10,100,100,0,0,0,126,90,200,0,0,0,0,0,0,105,42,92,0,0,0,0
152,0,0,1,12,100,100,100,10,10,10,10,100,10,0,200,0,0,0,0,0,0,0,0,242,0,0,0,0,0,0,0,0
153,0,0,9,0,126,60,60,126,60,10,10,60,60,0,0,0,0,0,0,0,191,200,200,0,0,0,0,0,0,119,66,90
154,17,101,9,0,110,100,40,110,100,10,10,70,70,0,0,0,0,0,0,0,150,100,200,0,0,0,0,0,0,88,21,94
155,0,0,1,12,75,100,25,10,10,10,10,50,10,0,200,0,0,0,0,0,0,0,0,162,0,0,0,0,0,0,0,0
156,0,0,1,12,75,100,25,10,10,10,10,50,10,0,200,0,0,0,0,0,0,0,0,162,0,0,0,0,0,0,0,0
157,0,0,1,12,75,100,25,10,10,10,10,50,10,0,200,0,0,0,0,0,0,0,0,162,0,0,0,0,0,0,0,0
158,10,100,2,0,50,110,40,50,110,110,130,60,60,0,0,200,0,0,158,0,0,0,106,0,125,0,0,27,0,0,0,19
159,2,100,8,0,180,120,60,180,120,10,10,160,160,0,0,0,0,0,200,0,182,200,85,0,0,0,0,140,0,198,177,80
160,0,0,1,12,100,100,100,10,10,10,10,100,10,0,200,0,0,0,0,0,0,0,0,242,0,0,0,0,0,0,0,0
161,0,0,1,12,75,100,25,10,10,10,10,50,10,0,200,0,0,0,0,0,0,0,0,162,0,0,0,0,0,0,0,0
162,18,101,1,12,75,100,25,10,10,10,10,50,10,0,200,0,0,0,0,0,0,0,0,162,0,0,0,0,0,0,0,0
163,0,0,1,12,100,100,100,10,10,10,10,100,10,0,200,0,0,0,0,0,0,0,0,242,0,0,0,0,0,0,0,0
164,0,0,1,12,100,100,100,10,10,10,10,100,10,0,200,0,0,0,0,0,0,0,0,242,0,0,0,0,0,0,0,0
165,9,100,1,12,75,100,25,10,10,10,10,50,10,0,200,0,0,0,0,0,0,0,0,162,0,0,0,0,0,0,0,0
166,0,0,1,12,100,100,100,10,10,10,10,100,10,0,200,0,0,0,0,0,0,0,0,242,0,0,0,0,0,0,0,0
167,0,0,6,0,120,120,80,20,20,10,10,120,10,0,0,0,200,100,106,152,0,0,0,0,0,203,0,0,0,0,0,0
168,0,0,1,12,100,100,100,10,10,10,10,100,10,0,200,0,0,0,0,0,0,0,0,242,0,0,0,0,0,0,0,0
169,0,0,5,0,110,100,100,20,20,10,10,100,10,0,0,0,100,100,200,100,0,0,0,0,0,91,49,78,31,0,0,0
170,0,0,1,13,100,100,100,10,10,10,10,100,10,0,200,0,0,0,0,0,0,0,0,242,0,0,0,0,0,0,0,0
171,3,100,3,0,96,100,40,96,100,10,10,100,100,0,0,0,200,150,0,100,0,0,0,0,0,179,0,0,0,0,0,0
172,0,0,1,13,100,100,100,10,10,10,10,100,10,0,200,0,0,0,0,0,0,0,0,242,0,0,0,0,0,0,0,0
173,25,100,4,0,100,100,100,100,100,10,10,116,116,0,0,0,112,200,156,0,0,0,0,0,0,85,94,60,0,0,0,0
174,24,100,1,11,75,100,25,10,10,10,10,50,10,0,200,0,0,0,0,0,0,0,0,162,0,0,0,0,0,0,0,0
175,0,0,6,0,90,90,60,20,20,10,10,140,10,0,0,0,200,103,102,102,0,0,0,0,0,160,40,34,20,0,0,0
176,0,0,9,0,20,20,20,120,106,10,10,10,120,0,0,0,0,0,0,0,102,108,200,0,0,0,0,0,0,70,36,114
177,0,0,9,0,142,142,40,142,142,10,10,142,142,0,0,0,0,0,0,0,164,100,200,0,0,0,0,0,0,144,55,156
178,0,0,8,0,180,120,60,180,120,10,10,160,160,0,0,0,0,0,0,0,200,200,103,0,0,0,0,0,0,218,177,97
179,0,0,7,0,20,20,20,100,120,10,10,10,110,0,0,0,0,0,0,0,200,102,103,0,0,0,0,0,0,116,17,51
180,1,100,8,0,160,110,60,160,110,10,10,110,110,0,0,0,0,0,0,0,159,200,200,0,0,0,0,0,0,147,135,155
181,0,0,7,0,20,20,20,110,120,10,10,10,110,0,0,0,0,0,0,0,200,130,114,0,0,0,0,0,0,128,32,62
182,0,0,7,0,80,90,20,80,90,10,10,90,90,0,0,0,140,0,0,0,200,0,155,0,0,126,0,0,0,82,0,48
183,0,0,5,0,120,120,80,20,20,10,10,90,10,0,0,0,100,100,200,104,0,0,0,0,0,99,48,91,33,0,0,0
184,0,0,5,0,100,120,100,20,20,10,10,90,10,0,0,0,100,100,200,103,0,0,0,0,0,78,43,83,26,0,0,0
185,10,100,9,0,170,132,60,170,132,130,10,130,130,0,0,0,0,200,165,200,12,12,200,0,0,0,146,111,121,12,9,178
186,0,0,5,0,120,120,120,20,20,10,10,120,10,0,0,0,171,161,200,200,0,0,0,0,0,151,97,105,85,0,0,0
187,0,0,2,0,50,102,40,50,102,102,138,60,60,0,0,200,152,0,106,0,0,0,0,0,125,80,0,15,0,0,0,0
188,0,0,4,0,110,70,100,20,20,10,10,120,10,0,0,0,100,200,100,100,0,3,15,0,0,64,102,0,32,0,0,0
189,0,0,4,0,94,90,90,94,90,90,10,92,92,0,0,100,200,171,0,200,0,0,4,0,0,159,65,0,39,0,0,2
190,0,0,5,0,130,100,60,130,100,10,10,60,60,0,0,0,200,5,200,144,0,0,0,0,0,164,2,71,41,0,0,0
191,0,0,2,0,30,120,20,30,120,120,120,30,30,0,0,200,200,150,3,100,3,0,3,0,125,55,0,0,0,0,0,0
192,24,100,1,13,75,100,25,10,10,10,10,50,10,0,200,0,0,0,0,0,0,0,0,162,0,0,0,0,0,0,0,0
193,0,0,4,0,130,120,70,20,20,10,10,102,10,0,0,0,100,100,200,100,0,2,0,0,0,99,53,99,37,0,0,0
194,0,0,1,12,100,100,100,10,10,10,10,100,10,0,200,0,0,0,0,0,0,0,0,242,0,0,0,0,0,0,0,0
195,0,0,1,13,100,100,100,10,10,10,10,100,10,0,200,0,0,0,0,0,0,0,0,242,0,0,0,0,0,0,0,0
196,0,0,1,12,75,100,25,10,10,10,10,50,10,0,200,0,0,0,0,0,0,0,0,162,0,0,0,0,0,0,0,0
197,0,0,1,11,75,100,25,10,10,10,10,50,10,0,200,0,0,0,0,0,0,0,0,162,0,0,0,0,0,0,0,0
198,3,100,1,12,75,100,25,10,10,10,10,50,10,0,200,0,0,0,0,0,0,0,0,162,0,0,0,0,0,0,0,0
199,0,0,6,0,100,110,100,20,20,10,10,100,10,0,0,0,100,100,100,200,0,0,0,0,0,90,45,40,52,0,0,0
200,24,100,1,11,75,100,25,10,10,10,10,50,10,0,200,0,0,0,0,0,0,0,0,162,0,0,0,0,0,0,0,0
201,0,0,2,0,134,100,60,134,100,10,10,60,60,0,0,0,187,0,200,179,0,0,0,0,0,146,0,73,55,0,0,0
202,0,0,8,0,20,20,20,142,78,10,10,10,86,0,0,0,4,18,0,0,121,200,200,0,0,0,0,0,0,92,98,119
203,3,100,1,11,75,100,25,10,10,10,10,50,10,0,200,0,0,0,0,0,0,0,0,162,0,0,0,0,0,0,0,0
204,3,100,2,0,50,120,40,50,120,120,160,60,60,0,0,200,0,100,0,0,0,150,0,0,156,0,0,0,0,0,0,0
205,0,0,6,0,120,110,100,20,20,10,10,110,10,0,0,0,104,100,100,200,0,0,0,0,0,86,55,46,75,0,0,0
206,2,100,6,0,160,120,130,160,120,10,10,144,144,0,0,0,158,200,131,200,0,197,0,0,0,99,167,88,136,0,138,0
207,0,0,1,11,100,100,100,10,10,10,10,100,10,0,200,0,0,0,0,0,0,0,0,242,0,0,0,0,0,0,0,0
208,10,100,1,11,75,100,25,10,10,10,10,50,10,0,200,0,0,0,0,0,0,0,0,162,0,0,0,0,0,0,0,0
209,0,0,8,0,20,20,20,116,124,10,10,10,118,0,0,0,0,0,0,0,100,200,100,0,0,0,0,0,0,69,61,59
210,0,0,1,12,100,100,100,10,10,10,10,100,10,0,200,0,0,0,0,0,0,0,0,242,0,0,0,0,0,0,0,0
211,0,0,1,11,75,100,25,10,10,10,10,50,10,0,200,0,0,0,0,0,0,0,0,162,0,0,0,0,0,0,0,0
212,0,0,1,11,100,100,100,10,10,10,10,100,10,0,200,0,0,0,0,0,0,0,0,242,0,0,0,0,0,0,0,0
213,0,0,1,13,75,100,25,10,10,10,10,50,10,0,200,0,0,0,0,0,0,0,0,162,0,0,0,0,0,0,0,0
214,0,0,1,12,75,25,25,10,10,10,10,50,10,0,200,0,0,0,0,0,0,0,0,143,0,0,0,0,0,0,0,0
215,0,0,1,13,100,100,100,10,10,10,10,100,10,0,200,0,0,0,0,0,0,0,0,242,0,0,0,0,0,0,0,0
216,0,0,1,12,75,100,25,1,1,1,1,50,1,0,200,0,0,0,0,0,0,0,0,162,0,0,0,0,0,0,0,0
217,0,0,1,12,73,139,137,141,125,9,3,113,119,0,100,0,0,0,0,0,0,0,0,111,0,0,0,0,0,0,0,0
218,9,100,1,12,75,100,25,10,10,10,10,50,10,0,200,0,0,0,0,0,0,0,0,162,0,0,0,0,0,0,0,0
219,0,0,1,12,75,100,25,10,10,10,10,50,10,0,200,0,0,0,0,0,0,0,0,162,0,0,0,0,0,0,0,0
220,0,0,1,12,100,100,100,10,10,10,10,100,10,0,200,0,0,0,0,0,0,0,0,242,0,0,0,0,0,0,0,0
221,0,0,1,11,100,100,100,10,10,10,10,100,10,0,200,0,0,0,0,0,0,0,0,242,0,0,0,0,0,0,0,0
222,0,0,1,11,100,100,100,10,10,10,10,100,10,0,200,0,0,0,0,0,0,0,0,242,0,0,0,0,0,0,0,0
223,9,100,1,11,75,100,25,10,10,10,10,50,10,0,200,0,0,0,0,0,0,0,0,162,0,0,0,0,0,0,0,0
224,0,0,1,11,100,100,100,10,10,10,10,100,10,0,200,0,0,0,0,0,0,0,0,242,0,0,0,0,0,0,0,0
225,0,0,1,12,75,100,25,10,10,10,10,50,10,0,200,0,0,0,0,0,0,0,0,162,0,0,0,0,0,0,0,0
226,0,0,1,11,100,100,100,10,10,10,10,100,10,0,200,0,0,0,0,0,0,0,0,242,0,0,0,0,0,0,0,0
227,10,100,1,11,75,100,25,10,10,10,10,50,10,0,200,0,0,0,0,0,0,0,0,162,0,0,0,0,0,0,0,0
228,0,0,1,11,75,100,25,10,10,10,10,50,10,0,200,0,0,0,0,0,0,0,0,162,0,0,0,0,0,0,0,0
229,0,0,1,11,100,100,100,10,10,10,10,100,10,0,200,0,0,0,0,0,0,0,0,242,0,0,0,0,0,0,0,0
230,0,0,1,11,100,100,100,10,10,10,10,100,10,0,200,0,0,0,0,0,0,0,0,242,0,0,0,0,0,0,0,0
231,0,0,1,11,100,100,100,10,10,10,10,100,10,0,200,0,0,0,0,0,0,0,0,242,0,0,0,0,0,0,0,0
232,0,0,1,12,100,100,100,10,10,10,10,100,10,0,200,0,0,0,0,0,0,0,0,242,0,0,0,0,0,0,0,0
233,0,0,3,0,100,70,80,20,20,10,10,138,10,0,0,0,200,100,100,100,0,0,0,0,0,125,0,0,0,0,0,0
234,0,0,3,0,120,70,60,20,20,10,10,140,10,0,0,0,200,100,100,112,0,0,0,0,0,207,51,0,38,0,0,0
235,0,0,3,0,122,100,102,20,20,10,10,122,10,0,0,0,200,104,158,112,0,0,0,0,0,171,60,72,45,0,0,0
236,0,0,3,0,116,60,62,116,60,10,10,152,152,0,0,0,200,154,0,0,0,0,120,0,0,193,80,0,0,0,0,57
237,9,100,3,0,140,60,60,140,60,10,10,100,100,0,0,0,200,163,0,0,200,0,10,0,0,166,0,0,0,147,0,6
238,0,0,3,0,120,100,106,20,20,10,10,120,10,0,0,0,200,152,100,118,0,0,0,0,0,146,87,45,47,0,0,0
239,10,100,4,0,180,120,140,180,120,10,10,120,120,0,0,0,0,200,200,0,200,0,0,0,0,0,179,139,0,212,0,0
240,0,0,4,0,120,80,120,20,20,10,10,120,10,0,0,0,100,200,106,114,0,0,0,0,0,84,118,41,47,0,0,0
241,0,0,4,0,120,110,102,20,20,10,10,100,10,0,0,0,104,200,114,180,0,0,0,0,0,77,107,51,66,0,0,0
242,0,0,4,0,100,100,106,20,20,10,10,104,10,0,0,0,100,200,100,102,0,0,0,0,0,48,92,37,28,0,0,0
243,0,0,4,0,110,110,106,20,20,10,10,110,10,0,0,0,100,200,110,108,0,0,0,0,0,73,103,49,36,0,0,0
244,24,100,6,0,156,94,120,156,94,10,10,140,140,0,0,0,0,188,105,200,0,0,0,0,0,0,147,59,126,0,0,0
245,0,0,4,0,100,80,60,100,80,10,10,100,100,0,0,0,200,150,8,200,191,0,0,0,0,127,55,2,37,100,0,0
246,9,100,2,0,100,160,80,100,160,160,180,120,120,0,0,200,100,0,157,0,0,11,0,0,203,91,0,92,0,0,2,0
247,25,100,4,0,140,150,128,140,150,10,10,140,140,0,0,0,0,200,200,200,0,0,0,0,0,0,149,143,117,0,0,0
248,0,0,3,0,140,70,80,20,20,10,10,90,10,0,0,0,128,100,108,200,0,0,0,0,0,99,0,0,0,0,0,0
249,0,0,3,0,30,50,20,20,20,100,136,50,10,0,0,200,110,106,115,200,0,0,0,0,122,37,0,0,1,0,0,0
250,0,0,5,0,120,100,106,20,20,10,10,120,10,0,0,0,197,160,200,114,0,1,13,0,0,183,92,90,45,0,0,0
251,0,0,4,0,120,100,90,20,20,10,10,100,10,0,0,0,100,118,200,100,0,0,0,0,0,96,60,82,34,0,0,0
252,0,0,5,0,120,120,80,20,20,10,10,120,10,0,0,0,159,100,200,100,0,0,0,0,0,142,53,100,36,0,0,0
253,0,0,5,0,136,106,80,20,20,10,10,80,10,0,0,0,100,142,200,116,0,0,0,0,0,84,75,87,44,0,0,0
254,0,0,5,0,120,120,80,20,20,10,10,120,10,0,0,0,124,152,200,154,0,0,2,0,0,62,81,100,56,0,0,0
255,11,100,2,0,50,150,40,50,150,150,182,60,60,0,0,200,200,200,150,0,200,121,0,0,197,97,1,46,0,56,0,0
256,0,0,7,0,20,20,20,120,100,10,10,10,120,0,0,0,0,0,0,0,154,120,200,0,0,0,0,0,0,105,40,112
257,0,0,9,0,20,20,20,120,120,10,10,10,100,0,0,0,0,0,0,0,124,100,200,0,0,0,0,0,0,86,33,117
258,9,100,9,0,166,106,60,166,106,10,10,158,158,0,0,0,0,0,0,0,200,182,200,0,0,0,0,0,0,198,138,167
259,0,0,9,0,20,20,20,120,100,10,10,10,72,0,0,0,2,1,0,4,170,152,200,0,0,0,0,0,0,110,46,104
260,0,0,9,0,20,20,20,120,100,10,10,10,120,0,0,0,2,0,0,0,126,118,200,0,0,0,0,0,0,86,39,112
261,0,0,8,0,20,20,20,120,120,10,10,10,100,0,0,0,1,0,0,0,152,152,200,0,0,0,0,0,0,105,50,117
262,0,0,9,0,20,20,20,120,104,10,10,10,120,0,0,0,0,0,0,0,200,200,200,0,0,0,0,0,0,137,67,113
263,0,0,8,0,20,20,20,120,100,10,10,10,120,0,0,0,0,0,0,0,110,200,100,0,0,0,0,0,0,75,67,56
264,2,100,2,0,50,80,40,0,80,80,110,60,60,0,0,200,161,0,100,0,0,0,0,0,86,62,0,0,0,0,0,0
265,0,0,8,0,20,20,20,120,120,10,10,10,100,0,0,0,6,0,1,3,108,200,100,0,0,1,0,0,0,75,65,59
266,3,100,8,0,180,120,60,180,120,10,10,120,120,0,0,0,0,0,0,0,166,200,100,0,0,0,0,0,0,176,171,91
267,0,0,8,0,20,20,20,138,120,10,10,10,120,0,0,0,0,0,0,0,136,200,118,0,0,0,0,0,0,110,99,82
268,24,100,8,0,180,60,60,180,60,10,10,120,120,0,0,0,0,0,0,0,183,200,164,0,0,0,0,0,0,181,167,127
269,0,0,7,0,20,20,20,110,120,10,10,10,100,0,0,0,0,0,0,0,200,106,102,0,0,0,0,0,0,126,26,55
270,9,100,7,0,162,104,60,162,104,10,10,142,142,0,0,0,10,0,10,0,200,120,182,0,0,11,0,6,0,190,85,145
271,25,100,7,0,100,70,60,100,70,10,10,100,100,0,0,0,200,0,0,0,200,0,164,0,0,180,0,0,0,103,0,61
272,0,0,7,0,20,20,20,110,120,10,10,10,100,0,0,0,0,0,0,0,100,0,0,0,0,0,0,0,0,63,0,0
273,24,100,2,12,50,94,40,50,94,94,156,60,60,0,0,200,100,0,162,0,0,0,0,0,133,37,0,19,0,0,0,0
274,0,0,2,0,30,90,20,30,90,90,140,30,30,0,0,200,100,8,10,2,0,0,0,0,117,28,0,0,0,0,0,0
275,1,100,2,0,50,108,40,50,108,108,120,60,60,0,0,200,0,0,0,0,0,0,0,0,116,0,0,0,0,0,0,0
276,0,0,2,0,30,50,20,20,20,120,120,50,10,0,0,200,0,0,0,0,0,0,0,0,125,0,0,0,0,0,0,0
277,17,101,2,0,30,50,20,20,20,60,80,50,10,0,0,200,100,0,0,0,0,0,0,0,47,26,0,0,0,0,0,0
278,17,101,2,0,30,50,20,20,20,60,80,50,10,0,0,200,100,0,0,0,0,0,0,0,47,25,0,0,0,0,0,0
279,17,101,3,0,90,90,60,20,20,10,10,100,10,0,0,0,200,100,100,100,0,0,0,0,0,138,0,0,0,0,0,0
280,18,101,3,0,90,60,60,90,60,10,10,60,60,0,0,0,200,0,100,0,152,0,0,0,0,153,0,0,0,63,0,0
281,17,101,9,0,20,20,20,70,100,10,10,10,70,0,0,0,0,0,0,0,109,100,200,0,0,0,0,0,0,38,0,53
282,0,0,3,0,100,70,80,20,20,10,10,90,10,0,0,0,200,100,100,100,0,0,0,0,0,215,0,0,0,0,0,0
283,17,101,7,0,20,20,20,80,80,10,10,10,80,0,0,0,0,0,0,0,200,100,100,0,0,0,0,0,0,78,0,28
284,19,101,2,0,30,50,20,20,20,60,80,50,10,0,0,200,100,0,0,1,0,0,0,0,47,25,0,0,0,0,0,0
285,17,101,9,0,20,20,10,80,80,10,10,10,80,0,0,0,0,0,0,0,100,100,200,0,0,0,0,0,0,39,0,56
286,17,101,8,0,20,20,20,100,70,10,10,10,70,0,0,0,0,0,0,0,102,200,100,0,0,0,0,0,0,50,23,35
287,17,101,5,0,90,100,70,20,20,10,10,80,10,0,0,0,100,100,200,100,0,0,0,0,0,60,31,58,13,0,0,0
288,17,101,4,0,100,70,80,20,20,10,10,90,10,0,0,0,100,200,100,100,0,0,0,0,0,73,76,0,20,0,0,0
289,17,101,4,0,90,90,60,20,20,10,10,100,10,0,0,0,100,100,100,200,0,0,0,0,0,79,32,28,27,0,0,0
290,18,101,2,0,50,40,40,50,40,40,120,60,50,0,0,200,153,0,0,0,0,0,100,0,63,77,0,0,0,0,0,0
291,19,101,5,0,90,90,60,20,20,10,10,100,10,0,0,0,100,100,100,200,0,0,0,0,0,79,32,28,27,0,0,0
292,19,101,7,0,20,20,20,80,80,10,10,10,80,0,0,0,0,0,0,0,200,100,100,0,0,0,0,0,0,78,0,28
293,19,101,7,0,20,20,20,100,70,10,10,10,70,0,0,0,0,0,0,0,100,200,100,0,0,0,0,0,0,49,23,35
294,0,0,7,0,20,20,20,80,80,10,10,10,80,0,0,0,0,0,0,0,100,200,100,0,0,0,0,0,0,39,1,28
295,19,101,9,0,20,20,10,80,80,10,10,10,80,0,0,0,0,0,0,0,100,100,200,0,0,0,0,0,0,39,0,56
296,19,101,1,11,100,100,100,10,10,10,10,100,10,0,200,0,0,0,0,0,0,0,0,242,0,0,0,0,0,0,0,0
297,19,101,1,11,100,100,100,10,10,10,10,100,10,0,200,0,0,0,0,0,0,0,0,242,0,0,0,0,0,0,0,0
298,19,101,1,12,75,100,25,10,10,10,10,50,10,0,200,0,0,0,0,0,0,0,0,162,0,0,0,0,0,0,0,0
299,19,101,1,12,100,100,100,10,10,10,10,100,10,0,200,0,0,0,0,0,0,0,0,242,0,0,0,0,0,0,0,0
300,19,101,1,12,100,100,100,10,10,10,10,100,10,0,200,0,0,0,0,0,0,0,0,242,0,0,0,0,0,0,0,0
301,19,101,1,12,100,100,100,10,10,10,10,100,10,0,200,0,0,0,0,0,0,0,0,242,0,0,0,0,0,0,0,0
302,19,101,1,12,100,100,100,10,10,10,10,100,10,0,200,0,0,0,0,0,0,0,0,242,0,0,0,0,0,0,0,0
303,19,101,1,12,100,100,100,10,10,10,10,100,10,0,200,0,0,0,0,0,0,0,0,242,0,0,0,0,0,0,0,0
304,0,0,1,12,100,100,100,10,10,10,10,100,10,0,200,0,0,0,0,0,0,0,0,242,0,0,0,0,0,0,0,0
305,0,0,1,12,100,100,100,10,10,10,10,100,10,0,200,0,0,0,0,0,0,0,0,242,0,0,0,0,0,0,0,0
306,0,0,4,0,140,60,100,140,60,10,10,60,60,0,0,0,34,200,161,200,0,0,0,0,0,20,107,0,77,0,0,0
307,0,0,1,11,100,100,100,10,10,10,10,100,10,0,200,0,0,0,0,0,0,0,0,242,0,0,0,0,0,0,0,0
308,0,0,9,0,20,20,20,70,140,10,10,10,70,0,0,0,0,0,0,0,100,100,200,0,0,0,0,0,0,40,0,71
309,17,101,1,12,75,100,25,10,10,10,10,50,10,0,200,0,0,0,0,0,0,0,0,162,0,0,0,0,0,0,0,0
310,10,100,7,0,144,110,60,144,110,10,10,100,100,0,0,0,0,0,0,0,200,200,198,0,0,0,0,0,0,164,106,136
311,1,100,1,12,75,100,25,10,10,10,10,50,10,0,200,0,0,0,0,0,0,0,0,162,0,0,0,0,0,0,0,0
312,18,101,7,0,128,60,60,128,60,10,10,60,60,0,0,0,0,0,0,0,200,200,166,0,0,0,0,0,0,127,69,77
313,0,0,2,0,30,50,20,20,20,110,132,50,10,0,0,200,104,0,0,0,0,0,0,0,127,28,0,0,0,0,0,0
314,0,0,3,0,110,70,60,110,70,10,10,100,100,0,0,0,180,0,200,0,130,0,0,0,0,121,0,1,0,74,0,0
315,25,100,1,11,75,100,25,10,10,10,10,50,10,0,200,0,0,0,0,0,0,0,0,162,0,0,0,0,0,0,0,0
316,0,0,7,0,90,90,60,90,90,10,10,100,100,0,0,0,116,0,0,0,200,0,173,0,0,82,0,0,0,96,0,64
317,0,0,5,0,110,100,40,110,100,10,10,70,70,0,0,0,157,0,200,0,0,0,100,0,0,116,0,61,0,0,0,47
318,17,101,4,0,120,60,60,120,60,10,10,80,80,0,0,0,0,200,110,158,0,1,0,0,0,0,82,0,39,0,0,0
319,0,0,1,12,75,100,25,10,10,10,10,50,10,0,200,0,0,0,0,0,0,0,0,162,0,0,0,0,0,0,0,0
320,18,101,1,13,75,100,25,10,10,10,10,50,10,0,200,0,0,0,0,0,0,0,0,162,0,0,0,0,0,0,0,0
321,1,100,3,0,50,50,40,50,50,10,10,110,110,0,0,0,200,150,0,0,0,0,100,0,0,129,0,0,0,0,0,0
322,16,101,1,12,75,100,25,30,6,1,6,50,10,0,200,0,0,0,0,0,0,0,0,162,0,0,0,0,0,0,0,0
323,19,101,7,0,120,80,60,120,80,10,10,70,70,0,0,0,0,0,0,200,200,0,173,0,0,0,0,0,48,124,0,82
324,1,100,9,0,90,110,40,90,110,10,10,80,80,0,0,0,0,0,100,0,0,183,200,0,0,0,0,30,0,0,10,79
325,0,0,1,12,75,100,25,10,10,10,10,50,10,0,200,0,0,0,0,0,0,0,0,162,0,0,0,0,0,0,0,0
326,9,100,1,13,75,100,25,10,10,10,10,50,10,0,200,0,0,0,0,0,0,0,0,162,0,0,0,0,0,0,0,0
327,2,100,1,11,75,100,25,10,10,10,10,50,10,0,200,0,0,0,0,0,0,0,0,162,0,0,0,0,0,0,0,0
328,1,100,1,12,75,100,25,10,10,10,10,50,10,0,200,0,0,0,0,0,0,0,0,162,0,0,0,0,0,0,0,0
329,3,100,1,11,75,100,25,10,10,10,10,50,10,0,200,0,0,0,0,0,0,0,0,162,0,0,0,0,0,0,0,0
330,18,101,4,0,100,90,60,100,90,10,10,90,90,0,0,0,105,110,200,0,150,0,0,0,0,87,39,58,0,79,0,0
331,11,100,1,11,75,100,25,10,10,10,10,50,10,0,200,0,0,0,0,0,0,0,0,162,0,0,0,0,0,0,0,0
332,19,101,1,11,75,100,25,10,10,10,10,50,10,0,200,0,0,0,0,0,0,0,0,162,0,0,0,0,0,0,0,0
333,11,100,1,12,75,100,25,10,10,10,10,50,10,0,200,0,0,0,0,0,0,0,0,162,0,0,0,0,0,0,0,0
334,25,100,1,11,75,100,25,10,10,10,10,50,10,0,200,0,0,0,0,0,0,0,0,162,0,0,0,0,0,0,0,0
335,25,100,1,11,75,100,25,10,10,10,10,50,10,0,200,0,0,0,0,0,0,0,0,162,0,0,0,0,0,0,0,0
336,2,100,1,12,75,100,25,10,10,10,10,50,10,0,200,0,0,0,0,0,0,0,0,162,0,0,0,0,0,0,0,0
337,2,100,1,12,75,100,25,10,10,10,10,50,10,0,200,0,0,0,0,0,0,0,0,162,0,0,0,0,0,0,0,0
338,19,101,2,0,30,84,20,30,84,84,104,30,30,0,0,200,0,0,0,0,151,0,100,0,84,0,0,0,0,10,0,0
339,0,0,9,0,128,72,60,128,72,10,10,80,80,0,0,0,0,200,0,0,0,104,200,0,0,0,90,0,0,0,38,101
340,17,101,4,0,120,60,60,120,60,10,10,80,80,0,0,0,0,200,100,150,0,0,0,0,0,0,82,0,37,0,0,0
341,19,101,4,0,120,100,80,120,100,10,10,100,100,0,0,0,158,200,0,124,0,0,0,0,0,99,98,0,40,0,0,0
342,2,100,4,0,102,90,90,102,90,10,10,100,100,0,0,0,0,200,0,169,100,10,0,0,0,0,86,0,42,55,2,0
343,16,101,3,0,90,70,60,90,70,10,10,110,110,0,0,0,150,0,200,0,100,0,0,0,0,106,0,1,0,46,0,0
344,24,100,4,0,150,120,100,150,120,10,10,126,126,0,0,0,0,200,112,200,0,0,5,0,0,0,141,67,111,0,0,4
345,0,0,4,0,128,110,100,128,110,10,10,104,104,0,0,0,106,200,0,200,0,0,136,0,0,95,114,0,82,0,0,83
346,3,100,7,0,122,110,60,122,110,110,10,116,116,0,0,0,0,0,195,0,200,0,169,0,0,0,0,88,0,141,0,99
347,17,101,8,0,120,60,60,120,60,10,10,80,80,0,0,0,0,100,0,0,150,200,0,0,0,0,0,0,0,91,58,0
348,19,101,7,0,128,70,60,128,70,10,10,80,80,0,0,0,0,0,0,0,200,200,114,0,0,0,0,0,0,133,73,57
349,10,100,5,0,110,104,40,110,104,10,10,92,92,0,0,0,120,0,200,0,173,0,200,0,0,109,0,70,0,105,0,99
350,19,101,7,0,112,60,60,112,60,10,10,92,92,0,0,0,0,0,0,0,200,110,200,0,0,0,0,0,0,113,26,81
351,17,101,3,0,110,70,60,110,70,10,10,90,90,0,0,0,200,150,100,0,0,0,0,0,0,113,0,0,0,0,0,0
352,0,0,3,0,120,120,80,20,20,10,10,120,10,0,0,0,55,57,200,0,0,0,0,0,0,43,30,100,0,0,0,0
353,1,100,9,0,120,92,60,120,92,10,10,80,80,0,0,0,0,0,0,0,200,155,153,0,0,0,0,0,0,128,47,78
354,0,0,4,0,120,66,100,120,66,10,10,90,90,0,0,0,0,200,0,100,150,0,0,0,0,0,100,0,33,93,0,0
355,11,100,6,0,180,112,100,180,112,10,10,134,134,0,0,0,0,166,112,200,0,0,0,0,0,0,141,74,144,0,0,0
356,9,100,2,0,30,100,20,30,100,100,110,30,30,0,0,200,0,0,150,0,0,0,100,0,102,0,0,0,0,0,0,0
357,0,0,4,0,120,120,80,20,20,10,10,120,10,0,0,0,100,200,100,100,0,0,0,0,0,93,106,50,36,0,0,0
358,1,100,1,11,75,100,25,10,10,10,10,50,10,0,200,0,0,0,0,0,0,0,0,162,0,0,0,0,0,0,0,0
359,1,100,1,12,75,100,25,10,10,10,10,50,10,0,200,0,0,0,0,0,0,0,0,162,0,0,0,0,0,0,0,0
360,2,100,1,11,75,100,25,10,10,10,10,50,10,0,200,0,0,0,0,0,0,0,0,162,0,0,0,0,0,0,0,0
361,9,100,1,11,75,100,25,10,10,10,10,50,10,0,200,0,0,0,0,0,0,0,0,162,0,0,0,0,0,0,0,0
362,2,100,3,0,124,100,80,124,100,10,10,100,100,0,0,0,197,200,168,70,0,0,0,0,0,159,102,69,24,0,0,0
363,18,101,1,12,75,100,25,10,10,10,10,50,10,0,200,0,0,0,0,0,0,0,0,162,0,0,0,0,0,0,0,0
364,1,100,4,0,128,60,60,128,60,10,10,112,112,0,0,0,0,51,0,200,4,0,0,0,0,0,25,0,67,3,0,0
365,9,100,7,0,162,80,60,162,80,60,10,108,108,0,0,0,0,0,0,0,197,200,200,0,0,0,0,0,0,177,136,143
366,11,100,8,0,140,84,60,140,84,80,10,88,88,0,0,0,66,0,0,0,100,200,192,0,0,48,0,0,0,76,96,115
367,11,100,1,11,75,100,25,43,3,4,3,50,48,0,200,0,0,0,0,0,0,0,0,162,0,0,0,0,0,0,0,0
368,10,100,1,11,75,100,25,10,10,10,10,50,10,0,200,0,0,0,0,0,0,0,0,162,0,0,0,0,0,0,0,0
369,18,101,1,11,100,100,100,10,10,10,10,100,10,0,200,0,0,0,0,0,0,0,0,242,0,0,0,0,0,0,0,0
370,16,101,1,11,75,100,25,10,10,10,10,50,10,0,200,0,0,0,0,0,0,0,0,162,0,0,0,0,0,0,0,0
371,10,100,1,12,100,100,100,10,10,10,10,100,10,0,200,0,0,0,0,0,0,0,0,242,0,0,0,0,0,0,0,0
372,19,101,2,0,50,84,40,50,84,84,104,60,60,0,0,200,154,0,0,0,101,0,0,0,84,79,0,0,0,21,0,0
373,18,101,7,0,90,50,40,90,50,50,10,84,84,0,0,0,0,200,0,150,104,106,100,0,0,0,1,0,0,44,4,4
374,16,101,1,12,75,100,50,0,0,1,1,50,1,0,200,0,0,0,0,0,0,0,0,165,0,0,0,0,0,0,0,0
375,11,100,5,0,120,128,40,120,128,10,10,110,110,0,0,0,125,52,200,0,150,0,0,0,0,105,5,97,0,106,0,0
376,18,101,5,0,80,120,40,80,120,120,5,80,80,0,0,0,0,20,200,0,157,0,118,0,0,0,0,62,0,69,0,43
377,9,100,4,0,138,130,100,138,130,124,10,130,130,0,0,0,0,168,0,200,5,106,0,0,0,0,112,0,101,4,54,0
378,16,101,7,0,90,100,40,90,100,10,10,100,100,0,0,0,0,0,0,0,200,100,150,0,0,0,0,0,0,98,6,59
379,24,100,7,0,140,90,60,140,90,88,10,120,120,0,0,0,0,0,0,0,100,167,200,0,0,0,0,0,0,79,84,127
380,0,0,2,0,50,84,40,50,84,120,84,60,60,0,0,200,152,0,103,0,0,0,0,0,97,75,0,8,0,0,0,0
381,16,101,4,0,100,80,80,100,80,1,2,90,90,0,0,0,100,200,0,0,0,150,0,0,0,86,77,0,0,0,20,0
382,0,0,3,0,90,90,60,90,90,10,10,100,100,0,0,0,200,0,0,0,100,0,151,0,0,171,0,0,0,48,0,56
383,17,101,5,0,60,110,60,60,110,20,20,90,90,0,0,0,0,150,200,100,0,0,0,0,0,0,28,51,0,0,0,0
384,17,101,7,0,100,100,60,100,100,10,10,80,80,0,0,0,0,0,0,0,150,200,200,0,0,0,0,0,0,80,27,85
385,17,101,2,0,50,40,40,50,40,40,120,60,60,0,0,200,150,100,0,0,0,0,0,0,63,78,0,0,0,0,0,0
386,19,101,1,12,75,100,25,10,10,10,10,50,10,0,200,0,0,0,0,0,0,0,0,162,0,0,0,0,0,0,0,0
387,19,101,1,12,75,100,25,10,10,10,10,50,10,0,200,0,0,0,0,0,0,0,0,162,0,0,0,0,0,0,0,0
388,19,101,1,12,75,100,25,10,10,10,10,50,10,0,200,0,0,0,0,0,0,0,0,162,0,0,0,0,0,0,0,0
389,19,101,1,12,75,100,25,10,10,10,10,50,10,0,200,0,0,0,0,0,0,0,0,162,0,0,0,0,0,0,0,0
390,19,101,4,0,80,80,64,80,80,80,10,60,60,0,0,0,128,200,146,169,153,100,0,0,0,79,44,24,5,58,0,0
391,18,101,4,0,90,90,80,90,90,90,10,90,90,0,0,0,112,200,153,0,0,0,0,0,0,90,69,42,0,0,0,0
392,25,100,9,0,112,128,40,112,128,120,10,98,98,0,0,0,0,0,0,0,154,102,200,0,0,0,0,0,0,100,26,113
393,18,101,1,12,75,100,25,1,1,1,1,50,1,0,200,0,0,0,0,0,0,0,0,162,0,0,0,0,0,0,0,0
394,3,100,1,11,75,100,25,1,1,1,1,50,1,0,200,0,0,0,0,0,0,0,0,162,0,0,0,0,0,0,0,0
395,16,101,1,12,75,100,25,1,1,9,1,50,1,0,200,0,0,0,0,0,0,0,0,162,0,0,0,0,0,0,0,0
396,11,100,1,11,75,100,25,1,1,1,1,50,1,0,200,0,0,0,0,0,0,0,0,162,0,0,0,0,0,0,0,0
397,19,101,1,12,75,100,25,1,1,8,7,50,1,0,200,0,0,0,0,0,0,0,0,162,0,0,0,0,0,0,0,0
398,1,100,1,11,75,100,25,1,1,1,1,50,1,0,200,0,0,0,0,0,0,0,0,162,0,0,0,0,0,0,0,0
399,24,100,1,11,75,100,25,1,1,1,1,50,1,0,200,0,0,0,0,0,0,0,0,162,0,0,0,0,0,0,0,0
400,11,100,1,11,75,100,25,1,1,1,1,50,1,0,200,0,0,0,0,0,0,0,0,162,0,0,0,0,0,0,0,0
401,11,100,1,11,75,100,25,1,1,1,1,50,1,0,200,0,0,0,0,0,0,0,0,162,0,0,0,0,0,0,0,0
402,3,100,1,12,75,100,25,1,1,1,1,50,1,0,200,0,0,0,0,0,0,0,0,162,0,0,0,0,0,0,0,0
403,19,101,1,13,75,100,25,1,1,1,1,50,1,0,200,0,0,0,0,0,0,0,0,162,0,0,0,0,0,0,0,0
404,11,100,1,13,75,100,25,1,1,1,1,50,1,0,200,0,0,0,0,0,0,0,0,162,0,0,0,0,0,0,0,0
405,10,100,2,0,50,110,40,50,110,110,162,60,60,0,0,200,166,0,151,0,0,0,0,0,150,79,0,26,0,0,0,0
406,0,0,2,0,80,60,40,80,60,60,100,70,70,0,0,200,172,0,0,0,0,0,105,0,63,103,0,0,0,0,0,24
407,11,100,3,0,128,80,60,128,80,10,10,120,120,0,0,0,200,0,52,0,150,0,100,0,0,167,0,19,0,106,0,55
408,24,100,3,0,100,50,40,100,50,50,10,82,82,0,0,0,200,0,150,0,100,0,0,0,0,148,0,0,0,48,0,0
409,11,100,4,0,118,90,120,118,90,10,68,94,94,0,0,100,0,200,60,159,0,0,0,0,0,0,108,23,58,0,0,0
410,19,101,4,0,120,80,108,120,80,80,10,90,90,0,0,0,132,200,0,189,0,0,0,0,0,100,104,0,66,0,0,0
411,3,100,4,0,100,80,60,100,80,80,10,100,100,0,0,0,0,116,200,150,0,0,0,0,0,0,42,54,28,0,0,0
412,16,101,3,0,90,90,80,90,90,90,10,100,100,0,0,0,185,0,200,0,103,0,0,0,0,134,0,0,0,49,0,0
413,18,101,7,0,80,80,60,80,80,80,10,60,60,0,0,0,0,72,152,200,126,100,106,0,0,0,15,24,5,47,0,28
414,18,101,7,0,104,80,60,104,80,80,10,100,100,0,0,0,0,0,0,0,200,102,153,0,0,0,0,0,0,110,18,64
415,19,101,3,0,90,112,40,90,112,112,10,82,82,0,0,0,110,0,0,0,154,0,200,0,0,87,0,0,0,75,0,81
416,0,0,5,0,90,110,42,90,110,110,10,84,84,0,0,0,0,0,104,0,0,153,200,0,0,0,0,32,0,0,8,80
417,3,100,3,0,120,80,60,120,80,62,10,114,114,0,0,0,116,0,0,0,154,0,200,0,0,109,0,0,0,101,0,102
418,3,100,7,0,104,80,60,104,80,80,10,100,100,0,0,0,0,0,0,0,200,190,104,0,0,0,0,0,0,110,33,43
419,3,100,7,0,124,80,60,124,80,80,10,100,100,0,0,0,0,0,0,0,200,160,101,0,0,0,0,0,0,133,56,52
420,19,101,7,0,90,110,50,90,110,110,10,80,80,0,0,0,0,0,0,0,200,169,136,0,0,0,0,0,0,97,9,54
421,1,100,1,13,75,100,25,1,1,46,1,50,1,0,200,0,0,0,0,0,0,0,0,162,0,0,0,0,0,0,0,0
422,17,101,4,0,104,102,80,104,102,102,10,94,94,0,0,0,0,200,108,160,0,0,0,0,0,0,83,39,38,0,0,0
423,1,100,1,11,75,100,25,1,1,1,1,50,1,0,200,0,0,0,0,0,0,0,0,162,0,0,0,0,0,0,0,0
424,1,100,2,0,50,90,40,50,90,90,106,60,60,0,0,200,0,150,0,100,0,0,0,0,91,0,0,0,0,0,0,0
425,25,100,7,0,100,80,60,100,80,80,10,100,100,0,0,0,34,0,0,0,200,163,149,0,0,31,0,0,0,105,23,59
426,25,100,1,11,75,100,25,10,10,3,6,50,10,0,200,0,0,0,0,0,0,0,0,162,0,0,0,0,0,0,0,0
427,25,100,8,0,176,106,60,176,106,106,10,116,116,0,0,0,0,0,0,0,168,200,103,0,0,0,0,0,0,171,163,88
428,25,100,3,0,140,100,100,140,100,100,10,130,130,0,0,0,60,200,159,100,0,0,0,0,0,51,133,81,50,0,0,0
429,25,100,2,0,50,80,74,50,80,80,118,80,80,0,0,200,181,0,101,0,0,0,0,0,92,85,0,12,0,0,0,0
430,25,100,4,0,142,108,82,142,108,10,10,112,112,0,0,0,55,161,120,200,0,0,0,0,0,48,99,61,92,0,0,0
431,0,0,3,0,60,80,50,60,80,80,30,70,70,0,0,100,150,12,157,200,0,0,100,0,0,73,0,18,1,0,0,17
432,25,100,7,0,140,100,60,140,100,10,10,110,110,0,0,0,0,0,0,5,200,200,100,0,0,0,0,0,2,158,100,65
433,18,101,7,0,90,100,80,90,100,100,10,80,80,0,0,0,0,0,0,0,101,200,162,0,0,0,0,0,0,48,10,61
434,18,101,1,11,75,100,50,10,10,10,10,100,10,0,200,0,0,0,0,0,0,0,0,196,0,0,0,0,0,0,0,0
435,25,100,2,0,30,120,20,30,120,120,126,30,30,0,0,200,100,0,150,0,0,0,0,0,130,23,0,0,0,0,0,0
436,3,100,3,0,56,50,40,56,50,10,10,80,80,0,0,200,194,0,0,0,0,150,100,0,1,124,0,0,0,0,0,0
437,11,100,4,0,120,104,62,120,104,86,10,100,100,0,0,0,0,100,157,200,168,0,0,0,0,0,46,63,60,113,0,0
438,16,101,1,12,75,100,25,1,1,1,1,50,1,0,200,0,0,0,0,0,0,0,0,162,0,0,0,0,0,0,0,0
439,18,101,4,0,80,90,100,80,90,90,10,90,80,0,0,0,0,200,200,0,153,0,0,0,0,0,67,53,0,62,0,0
440,19,101,7,0,112,100,40,112,100,10,10,64,64,0,0,0,0,0,0,0,104,150,200,0,0,0,0,0,0,62,34,95
441,16,101,1,11,75,100,25,75,100,1,1,50,50,0,200,0,0,0,0,0,0,0,0,162,0,0,0,0,0,0,0,0
442,2,100,1,11,75,100,25,75,100,1,1,50,50,0,200,0,0,0,0,0,0,0,0,162,0,0,0,0,0,0,0,0
443,17,101,3,0,92,80,70,92,80,80,10,102,102,0,0,0,200,0,150,0,100,0,0,0,0,165,0,39,0,48,0,0
444,19,101,3,0,80,90,60,80,90,90,50,90,90,0,0,150,200,0,114,0,0,0,0,0,35,127,0,27,0,0,0,0
445,3,100,1,13,75,100,25,75,100,10,10,50,50,0,200,0,0,0,0,0,0,0,0,162,0,0,0,0,0,0,0,0
446,11,100,1,13,75,100,25,75,100,10,10,50,50,0,200,0,0,0,0,0,0,0,0,162,0,0,0,0,0,0,0,0
447,18,101,4,0,100,80,100,100,80,80,10,60,60,0,0,0,68,154,200,106,0,0,0,0,0,54,57,47,20,0,0,0
448,17,101,4,0,100,80,80,100,80,80,10,90,90,0,0,0,0,200,0,168,0,0,100,0,0,0,77,0,34,0,0,39
449,16,101,4,0,92,80,60,92,80,80,10,84,84,0,0,0,0,200,152,100,100,100,0,0,0,0,61,34,12,47,6,0
450,16,101,3,0,50,50,40,50,50,50,10,40,40,0,0,0,200,100,150,0,0,0,0,0,0,93,0,0,0,0,0,0
451,19,101,3,0,50,50,40,50,50,50,5,40,40,0,0,0,200,0,150,0,0,0,100,0,0,93,0,0,0,0,0,0
452,16,101,1,12,75,100,25,75,100,100,3,50,50,0,200,0,0,0,0,0,0,0,0,162,0,0,0,0,0,0,0,0
453,19,101,1,12,75,100,25,75,100,100,4,50,50,0,200,0,0,0,0,0,0,0,0,162,0,0,0,0,0,0,0,0
454,19,101,1,12,75,100,25,10,10,10,10,50,10,0,200,0,0,0,0,0,0,0,0,162,0,0,0,0,0,0,0,0
455,10,100,1,12,75,100,25,75,100,10,10,50,50,0,200,0,0,0,0,0,0,0,0,162,0,0,0,0,0,0,0,0
456,16,101,1,12,75,100,25,75,100,100,7,50,50,0,200,0,0,0,0,0,0,0,0,162,0,0,0,0,0,0,0,0
457,3,100,1,11,75,100,25,75,100,100,7,50,50,0,200,0,0,0,0,0,0,0,0,162,0,0,0,0,0,0,0,0
458,10,100,1,11,75,100,25,75,100,100,4,50,50,0,200,0,0,0,0,0,0,0,0,162,0,0,0,0,0,0,0,0
459,17,101,5,0,80,80,40,80,80,80,10,80,80,0,0,0,0,100,200,150,0,100,100,0,0,0,0,35,0,0,0,28
460,10,100,5,0,90,112,40,90,112,112,10,82,82,0,0,0,0,0,102,0,200,0,154,0,0,0,0,32,0,98,0,62
461,18,101,7,0,120,90,60,120,90,84,10,100,100,0,0,0,0,0,0,0,175,200,200,0,0,0,0,0,0,115,63,104
462,0,0,1,12,75,100,1,1,1,1,1,50,1,0,200,0,0,0,0,0,0,0,0,159,0,0,0,0,0,0,0,0
463,3,100,1,11,75,100,25,10,10,10,10,50,10,0,200,0,0,0,0,0,0,0,0,162,0,0,0,0,0,0,0,0
464,17,101,1,12,75,100,25,1,1,1,1,50,1,0,200,0,0,0,0,0,0,0,0,162,0,0,0,0,0,0,0,0
465,3,100,1,11,75,100,25,10,10,10,10,50,10,0,200,0,0,0,0,0,0,0,0,162,0,0,0,0,0,0,0,0
466,25,100,1,12,75,100,25,10,10,10,10,50,10,0,200,0,0,0,0,0,0,0,0,162,0,0,0,0,0,0,0,0
467,11,100,1,12,75,100,25,10,10,10,10,50,10,0,200,0,0,0,0,0,0,0,0,162,0,0,0,0,0,0,0,0
468,19,101,2,0,58,120,20,58,120,120,130,30,30,0,0,200,150,0,0,0,100,0,0,0,133,67,0,0,0,27,0,0
469,18,101,2,0,30,100,20,30,100,100,90,30,30,0,0,200,100,0,0,0,0,0,150,0,86,26,0,0,0,0,0,0
470,19,101,3,0,80,100,60,80,100,100,10,100,100,0,0,0,153,100,200,0,0,0,0,0,0,118,28,57,0,0,0,0
471,17,101,5,0,90,90,80,90,90,90,10,90,90,0,0,0,0,0,150,200,100,0,12,0,0,0,0,41,31,47,0,4
472,16,101,4,0,116,110,100,116,110,10,10,110,110,0,0,0,0,153,100,200,0,0,0,0,0,0,81,45,71,0,0,0
473,16,101,7,0,114,70,60,114,70,70,10,84,84,0,0,100,0,0,0,0,200,0,152,0,0,0,0,0,0,117,0,66
474,19,101,3,0,100,80,60,100,80,80,10,100,100,0,0,0,200,150,101,0,0,0,0,0,0,184,55,27,0,0,0,0
475,19,101,7,0,100,80,60,100,80,80,10,100,100,0,0,0,0,0,0,0,104,200,155,0,0,0,0,0,0,55,28,61
476,17,101,7,0,90,90,80,90,90,10,10,90,90,0,0,0,0,0,0,0,106,200,150,0,0,0,0,0,0,50,10,54
477,19,101,7,0,106,90,80,106,90,10,10,80,80,0,0,0,0,0,0,0,200,150,108,0,0,0,0,0,0,111,27,47
478,19,101,4,0,80,100,90,80,100,92,10,80,80,0,0,0,107,157,200,0,0,0,0,0,0,58,48,55,0,0,0,0
479,1,100,1,12,75,100,25,10,10,10,10,50,10,0,200,0,0,0,0,0,0,0,0,162,0,0,0,0,0,0,0,0
480,18,101,1,11,75,100,25,10,10,10,10,50,10,0,200,0,0,0,0,0,0,0,0,162,0,0,0,0,0,0,0,0
481,18,101,1,11,75,100,25,10,10,10,10,50,10,0,200,0,0,0,0,0,0,0,0,162,0,0,0,0,0,0,0,0
482,18,101,5,0,124,160,76,124,160,10,10,114,114,0,0,0,104,0,200,0,0,0,150,0,0,99,0,127,0,0,0,106
483,16,101,2,0,30,108,20,30,108,108,76,30,30,0,0,200,154,0,0,0,0,0,100,0,81,47,0,0,0,0,0,0
484,19,101,3,0,100,50,40,100,50,50,10,70,70,0,0,0,200,0,100,0,102,100,152,0,0,162,0,0,0,48,11,13
485,16,101,1,12,75,100,50,75,100,100,10,50,50,0,200,0,0,0,0,0,0,0,0,165,0,0,0,0,0,0,0,0
486,17,101,1,11,75,100,25,75,100,100,10,50,50,0,200,0,0,0,0,0,0,0,0,162,0,0,0,0,0,0,0,0
487,0,0,1,11,75,100,25,10,10,10,10,50,10,0,200,0,0,0,0,0,0,0,0,162,0,0,0,0,0,0,0,0
488,18,101,1,12,75,100,25,1,1,1,1,50,1,0,200,0,0,0,0,0,0,0,0,162,0,0,0,0,0,0,0,0
489,18,101,1,13,75,100,25,1,1,1,1,50,1,0,200,0,0,0,0,0,0,0,0,162,0,0,0,0,0,0,0,0
490,18,101,7,0,106,90,62,106,90,90,10,80,80,0,0,0,0,0,0,0,200,156,110,0,0,0,0,0,0,111,28,48
491,18,101,1,12,75,100,25,75,100,100,10,50,50,0,200,0,0,0,0,0,0,0,0,162,0,0,0,0,0,0,0,0
492,19,101,4,0,120,88,100,120,88,10,10,88,88,0,0,0,0,100,0,200,57,153,52,0,0,0,50,0,67,37,47,26
493,19,101,1,11,75,100,25,0,0,0,0,50,0,0,200,0,0,0,0,0,0,0,0,162,0,0,0,0,0,0,0,0
494,16,101,1,11,75,100,25,0,0,0,0,50,0,0,200,0,0,0,0,0,0,0,0,162,0,0,0,0,0,0,0,0
495,16,101,1,11,75,100,25,0,0,0,0,50,0,0,200,0,0,0,0,0,0,0,0,162,0,0,0,0,0,0,0,0
496,16,101,7,0,90,86,84,90,86,86,10,106,106,0,0,0,0,0,166,200,63,0,171,0,0,0,0,48,36,30,0,62
497,18,101,2,0,30,100,20,30,100,100,90,30,30,0,0,200,0,150,0,0,0,100,0,0,86,0,0,0,0,0,0,0
498,16,101,1,13,75,100,25,0,0,0,0,50,0,0,200,0,0,0,0,0,0,0,0,162,0,0,0,0,0,0,0,0
499,16,101,1,13,75,100,25,0,0,0,0,50,0,0,200,0,0,0,0,0,0,0,0,162,0,0,0,0,0,0,0,0
500,17,101,1,13,75,50,25,0,0,0,0,100,0,0,200,0,0,0,0,0,0,0,0,181,0,0,0,0,0,0,0,0
501,19,101,1,13,75,100,25,0,0,6,0,50,0,0,200,0,0,0,0,0,0,0,0,162,0,0,0,0,0,0,0,0
502,19,101,1,13,75,100,25,0,0,0,0,50,0,0,200,0,0,0,0,0,0,0,0,162,0,0,0,0,0,0,0,0
503,19,101,1,12,75,100,25,0,0,0,0,50,0,0,200,0,0,0,0,0,0,0,0,162,0,0,0,0,0,0,0,0
504,18,101,1,12,75,100,25,0,0,0,0,50,0,0,200,0,0,0,0,0,0,0,0,162,0,0,0,0,0,0,0,0
505,17,101,1,13,75,100,25,0,0,0,0,50,0,0,200,0,0,0,0,0,0,0,0,162,0,0,0,0,0,0,0,0
506,19,101,1,13,75,100,25,0,0,0,0,50,0,0,200,0,0,0,0,0,0,0,0,162,0,0,0,0,0,0,0,0
507,0,0,3,0,80,122,40,80,122,10,10,72,72,0,0,0,200,100,0,0,0,0,150,0,0,146,0,0,0,0,0,55
508,16,101,3,0,50,50,40,50,50,10,10,40,40,0,0,0,200,0,0,0,155,0,100,0,0,93,0,0,0,23,0,0
509,18,101,3,0,92,94,60,92,94,94,10,96,96,0,0,0,200,150,102,0,0,0,0,0,0,158,49,30,0,0,0,0
510,16,101,4,0,100,80,90,100,80,10,10,86,86,0,0,0,55,200,120,150,0,0,0,0,0,42,79,32,32,0,0,0
511,18,101,4,0,78,60,60,78,60,10,10,78,78,0,0,100,110,200,100,150,0,0,0,0,0,62,45,0,0,0,0,0
512,16,101,4,0,100,80,80,100,80,10,10,100,100,0,0,0,0,200,100,150,168,0,103,0,0,0,80,28,32,88,0,41
513,17,101,3,0,80,92,50,80,92,10,10,84,84,0,0,0,158,100,200,100,130,0,0,0,0,109,6,46,0,53,0,0
514,17,101,4,0,112,80,70,112,80,10,10,64,64,0,0,0,0,100,200,155,0,0,0,0,0,0,37,51,32,0,0,0
515,0,0,5,0,80,100,80,80,100,10,10,90,90,0,0,0,0,0,200,150,0,100,0,0,0,0,0,57,16,0,0,0
516,17,101,4,0,98,90,80,98,90,10,10,98,98,0,0,0,0,128,200,164,0,0,0,0,0,0,50,62,34,0,0,0
517,19,101,2,0,50,90,40,50,90,90,100,60,60,0,0,200,150,0,100,0,0,0,0,0,86,81,0,10,0,0,0,0
518,0,0,2,0,50,90,20,50,90,90,70,60,60,0,0,200,150,0,0,0,100,0,0,0,63,59,0,0,0,21,0,0
519,17,101,2,0,50,78,40,50,76,76,140,82,82,0,0,200,169,0,0,0,0,0,100,0,106,74,0,0,0,0,0,12
520,18,101,2,0,30,100,20,30,100,100,120,46,46,0,0,200,150,100,0,0,0,0,0,0,109,56,0,0,0,0,0,0
521,17,101,2,0,30,110,20,30,110,112,80,50,50,0,0,200,108,0,154,0,0,0,0,0,88,30,0,0,0,0,0,0
522,18,101,7,0,116,82,60,116,82,82,10,88,88,0,0,0,0,0,0,0,150,200,153,0,0,0,0,0,0,92,54,72
523,16,101,7,0,128,60,60,128,60,10,10,88,88,0,0,0,0,100,0,0,152,200,0,0,0,0,46,0,0,100,73,0
524,17,101,8,0,124,60,60,124,60,10,10,88,88,0,0,0,0,0,0,0,166,200,160,0,0,0,0,0,0,105,66,74
525,16,101,1,12,75,100,25,0,0,0,0,50,0,0,200,0,0,0,0,0,0,0,0,162,0,0,0,0,0,0,0,0
526,17,101,1,12,75,100,25,0,0,0,0,50,0,0,200,0,0,0,0,0,0,0,0,162,0,0,0,0,0,0,0,0
527,18,101,1,11,75,100,25,0,0,0,0,50,0,0,200,0,0,0,0,0,0,0,0,162,0,0,0,0,0,0,0,0
528,17,101,1,11,75,100,25,0,0,0,0,50,0,0,200,0,0,0,0,0,0,0,0,162,0,0,0,0,0,0,0,0
529,16,101,1,12,75,100,25,0,0,0,0,50,0,0,200,0,0,0,0,0,0,0,0,162,0,0,0,0,0,0,0,0
530,17,101,1,11,75,100,25,0,0,0,0,50,0,0,200,0,0,0,0,0,0,0,0,162,0,0,0,0,0,0,0,0
531,18,101,1,12,75,100,25,0,0,0,0,50,0,0,200,0,0,0,0,0,0,0,0,162,0,0,0,0,0,0,0,0
532,17,101,1,12,75,100,25,0,0,0,0,50,0,0,200,0,0,0,0,0,0,0,0,162,0,0,0,0,0,0,0,0
533,16,101,1,13,75,100,25,0,0,0,0,50,0,0,200,0,0,0,0,0,0,0,0,162,0,0,0,0,0,0,0,0
534,16,101,1,13,75,100,25,0,0,0,0,50,0,0,200,0,0,0,0,0,0,0,0,162,0,0,0,0,0,0,0,0
535,19,101,4,0,110,60,90,110,60,10,10,70,70,0,0,0,0,152,100,200,0,0,0,0,0,0,61,0,46,0,0,0
536,18,101,4,0,124,106,80,124,106,106,10,88,88,0,0,0,0,153,150,200,0,0,0,0,0,0,75,62,66,0,0,0
537,19,101,9,0,80,112,40,80,112,112,10,90,90,0,0,0,153,0,100,0,0,0,200,0,0,120,0,30,0,0,0,72
538,18,101,1,11,75,100,25,10,10,10,10,50,10,0,200,0,0,0,0,0,0,0,0,162,0,0,0,0,0,0,0,0
539,18,101,6,0,90,90,80,90,90,90,10,90,90,0,0,0,115,3,150,200,0,0,0,0,0,90,1,41,31,0,0,0
540,18,101,2,0,70,60,40,70,60,60,100,80,80,0,0,200,150,0,0,0,0,0,100,0,63,87,0,0,0,0,0,18
541,17,101,7,0,100,90,60,100,90,90,10,90,90,0,0,0,0,0,0,0,200,150,112,0,0,0,0,0,0,106,21,46
542,16,101,1,13,75,100,25,0,0,0,0,50,0,0,200,0,0,0,0,0,0,0,0,162,0,0,0,0,0,0,0,0
543,17,101,9,0,90,90,60,90,90,10,10,100,100,0,0,0,100,0,0,0,150,0,200,0,0,85,0,0,0,72,0,74
544,17,101,1,11,75,100,25,0,0,0,0,50,0,0,200,0,0,0,0,0,0,0,0,162,0,0,0,0,0,0,0,0
545,16,101,1,11,75,100,25,0,0,0,0,50,0,0,200,0,0,0,0,0,0,0,0,162,0,0,0,0,0,0,0,0
546,19,101,1,13,75,100,25,75,100,1,1,50,50,0,200,0,0,0,0,0,0,0,0,162,0,0,0,0,0,0,0,0
547,16,101,1,13,75,100,25,75,100,5,5,50,50,0,200,0,0,0,0,0,0,0,0,162,0,0,0,0,0,0,0,0
548,18,101,1,11,75,100,25,75,100,5,5,50,50,0,200,0,0,0,0,0,0,0,0,162,0,0,0,0,0,0,0,0
549,17,101,1,11,75,100,25,10,10,10,10,50,10,0,200,0,0,0,0,0,0,0,0,162,0,0,0,0,0,0,0,0
550,18,101,6,11,120,80,60,120,80,80,10,60,60,0,0,0,100,0,150,200,0,0,0,0,0,73,0,0,0,0,0,0
551,18,101,9,0,50,50,40,50,50,50,10,40,40,0,0,0,100,0,0,0,150,0,200,0,0,52,0,0,0,22,0,1
552,19,101,1,13,75,100,25,75,100,100,10,50,50,0,200,0,0,0,0,0,0,0,0,162,0,0,0,0,0,0,0,0
553,16,101,9,0,100,90,60,100,90,10,10,90,90,0,0,0,100,0,0,0,150,0,200,0,0,89,0,0,0,79,0,82
554,16,101,9,0,70,90,40,70,90,10,10,70,70,0,0,100,0,0,100,0,150,100,200,0,0,0,0,0,0,51,0,49
