player_id,team_id,league_id,position,role,pitching_ratings_overall_stuff,pitching_ratings_overall_control,pitching_ratings_overall_movement,pitching_ratings_overall_balk,pitching_ratings_overall_hp,pitching_ratings_overall_wild_pitch,pitching_ratings_vsr_stuff,pitching_ratings_vsr_control,pitching_ratings_vsr_movement,pitching_ratings_vsr_balk,pitching_ratings_vsr_hp,pitching_ratings_vsr_wild_pitch,pitching_ratings_vsl_stuff,pitching_ratings_vsl_control,pitching_ratings_vsl_movement,pitching_ratings_vsl_balk,pitching_ratings_vsl_hp,pitching_ratings_vsl_wild_pitch,pitching_ratings_talent_stuff,pitching_ratings_talent_control,pitching_ratings_talent_movement,pitching_ratings_talent_balk,pitching_ratings_talent_hp,pitching_ratings_talent_wild_pitch,pitching_ratings_pitches_fastball,pitching_ratings_pitches_slider,pitching_ratings_pitches_curveball,pitching_ratings_pitches_screwball,pitching_ratings_pitches_forkball,pitching_ratings_pitches_changeup,pitching_ratings_pitches_sinker,pitching_ratings_pitches_splitter,pitching_ratings_pitches_knuckleball,pitching_ratings_pitches_cutter,pitching_ratings_pitches_circlechange,pitching_ratings_pitches_knucklecurve,pitching_ratings_pitches_talent_fastball,pitching_ratings_pitches_talent_slider,pitching_ratings_pitches_talent_curveball,pitching_ratings_pitches_talent_screwball,pitching_ratings_pitches_talent_forkball,pitching_ratings_pitches_talent_changeup,pitching_ratings_pitches_talent_sinker,pitching_ratings_pitches_talent_splitter,pitching_ratings_pitches_talent_knuckleball,pitching_ratings_pitches_talent_cutter,pitching_ratings_pitches_talent_circlechange,pitching_ratings_pitches_talent_knucklecurve,pitching_ratings_misc_velocity,pitching_ratings_misc_arm_slot,pitching_ratings_misc_stamina,pitching_ratings_misc_ground_fly,pitching_ratings_misc_hold
1,17,101,1,12,113,90,105,1,5,5,112,90,105,1,5,5,114,90,105,1,5,5,113,90,105,1,8,2,0,0,116,0,0,0,0,0,0,0,130,100,0,0,116,0,0,120,100,0,0,0,130,100,10,3,20,59,90
2,0,0,1,12,65,80,65,1,5,5,67,80,64,1,5,5,63,81,66,1,5,5,65,80,65,2,11,5,50,0,0,0,0,100,71,0,0,0,0,0,50,0,0,0,0,100,71,0,0,0,0,0,3,3,20,48,80
3,17,101,1,12,113,90,80,1,5,5,114,90,80,1,5,5,112,90,80,1,5,5,113,90,90,1,10,3,0,0,116,0,0,0,0,0,0,0,130,100,0,0,116,0,0,0,0,0,0,80,130,100,10,3,20,45,90
4,0,0,1,12,69,80,80,1,5,5,70,80,80,1,5,5,68,80,80,1,5,5,69,80,80,2,7,3,50,0,102,0,0,0,0,0,0,0,0,86,50,0,102,0,0,0,0,0,0,0,0,86,3,3,20,56,80
5,17,101,1,12,113,90,105,1,5,5,112,90,105,1,5,5,114,90,105,1,5,5,113,90,105,1,8,2,0,0,116,0,0,0,0,0,0,0,130,100,0,0,116,0,0,120,100,0,0,0,130,100,10,3,20,59,90
6,17,101,1,12,107,100,91,1,5,5,116,100,92,1,5,5,97,100,91,1,5,5,107,100,91,1,4,3,124,99,0,0,0,0,96,0,0,0,0,0,124,99,0,0,0,0,96,0,0,0,0,0,12,4,20,51,80
7,0,0,7,0,1,1,28,30,13,15,1,1,28,30,13,15,1,1,28,30,13,15,1,1,28,30,13,15,12,0,0,0,0,0,0,0,0,0,0,0,12,0,0,0,0,0,0,0,0,0,0,0,2,2,1,44,1
8,11,100,9,0,1,1,23,30,13,15,1,1,23,30,13,15,1,1,23,30,13,15,1,1,23,30,13,15,12,0,0,0,0,0,0,0,0,0,0,0,12,0,0,0,0,0,0,0,0,0,0,0,2,3,1,41,1
9,0,0,7,0,1,1,25,30,13,15,1,1,25,30,13,15,1,1,25,30,13,15,1,1,25,30,13,15,12,0,0,0,0,0,0,0,0,0,0,0,12,0,0,0,0,0,0,0,0,0,0,0,2,4,1,42,1
10,0,0,1,12,133,158,126,1,5,5,125,161,126,1,5,5,157,147,123,1,5,5,133,158,126,2,8,5,0,124,0,0,106,0,113,0,0,111,154,0,0,124,0,0,106,0,113,0,0,111,154,0,9,2,138,59,80
11,0,0,1,11,111,120,115,1,5,5,108,120,115,1,5,5,115,120,115,1,5,5,111,120,115,1,5,2,0,0,118,0,0,128,0,0,0,0,140,0,0,0,118,0,0,128,0,0,0,0,140,0,8,3,100,59,80
12,10,100,1,11,194,169,143,1,5,5,198,171,148,1,5,5,182,165,127,1,5,5,194,169,143,1,3,3,0,0,112,152,0,190,0,0,0,0,180,96,0,0,112,152,0,190,0,0,0,0,180,96,8,4,150,59,80
13,0,0,5,0,1,1,34,30,13,15,1,1,34,30,13,15,1,1,34,30,13,15,1,1,34,30,13,15,12,0,0,0,0,0,0,0,0,0,0,0,12,0,0,0,0,0,0,0,0,0,0,0,2,3,1,47,1
14,26,100,9,0,1,1,23,30,13,15,1,1,23,30,13,15,1,1,23,30,13,15,1,1,23,30,13,15,12,0,0,0,0,0,0,0,0,0,0,0,12,0,0,0,0,0,0,0,0,0,0,0,2,3,1,41,1
15,10,100,8,0,1,1,25,30,13,15,1,1,25,30,13,15,1,1,25,30,13,15,1,1,25,30,13,15,12,0,0,0,0,0,0,0,0,0,0,0,12,0,0,0,0,0,0,0,0,0,0,0,2,3,1,42,1
16,9,100,1,11,142,140,132,1,5,5,140,140,130,1,5,5,144,140,134,1,5,5,142,140,132,1,5,3,0,118,135,138,0,0,0,0,0,0,166,0,0,118,135,138,0,0,0,0,0,0,166,0,9,3,120,59,100
17,1,100,1,11,175,169,143,1,5,5,182,168,141,1,5,5,167,170,146,1,5,5,175,169,143,2,5,3,0,98,0,90,0,0,111,0,0,0,190,162,0,98,0,90,0,0,111,0,0,0,190,162,9,3,150,59,80
18,1,100,1,11,151,141,119,1,5,5,152,141,119,1,5,5,150,140,119,1,5,5,151,141,119,1,4,3,0,128,0,0,0,0,0,0,0,96,200,0,0,128,0,0,0,0,0,0,0,96,200,0,10,4,80,55,80
19,0,0,4,0,1,7,28,30,13,15,1,7,28,30,13,15,1,7,28,30,13,15,1,7,28,30,13,15,12,0,0,0,0,0,0,0,0,0,0,0,12,0,0,0,0,0,0,0,0,0,0,0,2,2,1,44,1
20,2,100,2,0,1,1,23,30,13,15,1,1,23,30,13,15,1,1,23,30,13,15,1,1,23,30,13,15,12,0,0,0,0,0,0,0,0,0,0,0,12,0,0,0,0,0,0,0,0,0,0,0,2,3,1,41,1
21,0,0,7,0,1,6,25,30,13,15,1,6,25,30,13,15,1,6,25,30,13,15,1,6,25,30,13,15,12,0,0,0,0,0,0,0,0,0,0,0,12,0,0,0,0,0,0,0,0,0,0,0,2,3,1,42,1
22,25,100,1,11,92,153,131,1,5,5,91,161,138,1,5,5,94,131,113,1,5,5,92,153,131,2,7,5,0,0,104,0,0,106,120,0,0,0,0,0,0,0,104,0,0,106,120,0,0,0,0,0,12,3,122,59,70
23,19,101,8,0,1,16,28,30,13,15,1,16,28,30,13,15,1,16,28,30,13,15,1,16,28,30,13,15,12,0,0,0,0,0,0,0,0,0,0,0,12,0,0,0,0,0,0,0,0,0,0,0,2,4,1,44,1
24,24,100,3,0,1,1,27,30,13,15,1,1,27,30,13,15,1,1,27,30,13,15,1,1,27,30,13,15,12,0,0,0,0,0,0,0,0,0,0,0,12,0,0,0,0,0,0,0,0,0,0,0,2,4,1,43,1
25,0,0,7,0,1,1,25,30,13,15,1,1,25,30,13,15,1,1,25,30,13,15,1,1,25,30,13,15,12,0,0,0,0,0,0,0,0,0,0,0,12,0,0,0,0,0,0,0,0,0,0,0,2,3,1,42,1
26,0,0,1,12,115,101,91,1,5,5,114,100,91,1,5,5,117,102,91,1,5,5,115,101,91,0,8,4,112,0,104,0,0,0,0,0,0,0,134,0,112,0,104,0,0,0,0,0,0,0,134,0,12,3,20,51,80
27,2,100,1,11,146,167,138,1,5,5,143,167,141,1,5,5,156,169,127,1,5,5,146,167,138,1,3,1,0,0,132,148,0,0,0,0,0,100,170,0,0,0,132,148,0,0,0,0,0,100,170,0,10,1,140,59,80
28,2,100,4,0,1,1,23,30,13,15,1,1,23,30,13,15,1,1,23,30,13,15,1,1,23,30,13,15,12,0,0,0,0,0,0,0,0,0,0,0,12,0,0,0,0,0,0,0,0,0,0,0,2,3,1,41,1
29,1,100,5,0,1,1,25,30,13,15,1,1,25,30,13,15,1,1,25,30,13,15,1,1,25,30,13,15,12,0,0,0,0,0,0,0,0,0,0,0,12,0,0,0,0,0,0,0,0,0,0,0,2,3,1,42,1
30,0,0,2,0,1,1,25,30,13,15,1,1,25,30,13,15,1,1,25,30,13,15,1,1,25,30,13,15,12,0,0,0,0,0,0,0,0,0,0,0,12,0,0,0,0,0,0,0,0,0,0,0,2,3,1,42,1
31,0,0,3,0,1,1,28,30,13,15,1,1,28,30,13,15,1,1,28,30,13,15,1,1,28,30,13,15,12,0,0,0,0,0,0,0,0,0,0,0,12,0,0,0,0,0,0,0,0,0,0,0,2,3,1,44,1
32,0,0,1,11,74,96,94,1,5,5,73,92,89,1,5,5,75,102,99,1,5,5,74,96,94,1,10,4,80,0,96,0,0,0,0,83,0,0,0,0,80,0,96,0,0,0,0,83,0,0,0,0,8,3,100,54,70
33,0,0,1,11,91,88,94,1,5,5,86,91,93,1,5,5,107,81,94,1,5,5,91,90,94,1,7,4,116,90,0,0,0,0,101,0,0,0,0,0,116,90,0,0,0,0,101,0,0,0,0,0,11,3,110,45,70
34,3,100,1,12,96,116,95,1,5,5,98,115,94,1,5,5,93,116,96,1,5,5,96,116,95,0,7,3,88,0,0,0,0,0,104,0,0,0,90,0,88,0,0,0,0,0,104,0,0,0,90,0,8,4,104,59,80
35,0,0,1,11,84,100,100,1,5,5,83,100,101,1,5,5,85,100,99,1,5,5,84,100,100,0,7,5,84,0,98,0,0,0,0,100,0,0,0,0,84,0,98,0,0,0,0,100,0,0,0,0,8,3,100,59,80
36,0,0,1,11,84,90,85,1,5,5,83,90,85,1,5,5,85,90,85,1,5,5,84,90,85,0,4,3,114,0,78,0,0,0,0,0,0,0,90,0,114,0,78,0,0,0,0,0,0,0,90,0,11,3,124,45,94
37,18,101,2,0,1,1,30,30,13,15,1,1,30,30,13,15,1,1,30,30,13,15,1,1,30,30,13,15,12,0,0,0,0,0,0,0,0,0,0,0,12,0,0,0,0,0,0,0,0,0,0,0,2,3,1,45,1
38,17,101,1,12,113,90,80,1,5,5,114,90,80,1,5,5,112,90,80,1,5,5,113,90,90,1,10,3,0,0,116,0,0,0,0,0,0,0,130,100,0,0,116,0,0,0,0,0,0,80,130,100,10,3,20,45,90
39,0,0,5,0,1,15,28,30,13,15,1,15,28,30,13,15,1,15,28,30,13,15,1,15,28,30,13,15,12,0,0,0,0,0,0,0,0,0,0,0,12,0,0,0,0,0,0,0,0,0,0,0,2,3,1,44,1
40,17,101,1,12,52,80,79,1,5,5,52,80,79,1,5,5,53,80,79,1,5,5,52,80,79,1,5,5,28,0,0,0,0,30,0,0,80,0,0,0,28,0,0,0,0,30,0,0,80,0,0,0,2,3,40,53,60
41,17,101,1,11,45,80,98,1,5,5,46,80,98,1,5,5,43,80,98,1,5,5,45,80,98,2,5,2,56,0,0,0,0,0,0,72,0,0,0,72,56,0,0,0,0,0,0,72,0,0,0,72,4,3,100,58,70
42,0,0,1,12,117,134,120,1,5,5,110,132,120,1,5,5,138,142,121,1,5,5,117,134,120,2,3,3,0,0,105,0,0,0,108,0,0,0,148,0,0,0,105,0,0,0,108,0,0,0,148,0,10,1,44,59,90
43,24,100,1,12,162,159,120,1,5,5,163,160,120,1,5,5,162,156,120,1,5,5,162,159,120,1,4,1,0,0,100,0,0,0,108,0,0,0,200,0,0,0,100,0,0,0,108,0,0,0,200,0,10,3,36,59,90
44,0,0,2,0,1,1,27,30,13,15,1,1,27,30,13,15,1,1,27,30,13,15,1,1,27,30,13,15,12,0,0,0,0,0,0,0,0,0,0,0,12,0,0,0,0,0,0,0,0,0,0,0,2,4,1,43,1
45,26,100,1,12,138,135,118,1,5,5,136,140,120,1,5,5,145,120,110,1,5,5,138,135,118,1,4,4,0,94,112,0,0,0,95,0,0,0,170,0,0,94,112,0,0,0,95,0,0,0,170,0,8,3,124,59,80
46,0,0,1,12,121,100,96,1,5,5,130,99,95,1,5,5,111,100,97,1,5,5,121,100,96,2,11,4,112,142,0,0,0,0,0,0,0,103,0,0,112,142,0,0,0,0,0,0,0,103,0,0,12,3,20,51,80
47,0,0,2,0,1,1,32,30,13,15,1,1,32,30,13,15,1,1,32,30,13,15,1,1,32,30,13,15,12,0,0,0,0,0,0,0,0,0,0,0,12,0,0,0,0,0,0,0,0,0,0,0,2,3,1,46,1
48,10,100,6,0,1,21,25,30,13,15,1,21,25,30,13,15,1,20,25,30,13,15,1,21,25,30,13,15,12,0,0,0,0,0,0,0,0,0,0,0,12,0,0,0,0,0,0,0,0,0,0,0,2,3,1,42,1
49,0,0,4,0,1,1,27,30,13,15,1,1,27,30,13,15,1,1,27,30,13,15,1,1,27,30,13,15,12,0,0,0,0,0,0,0,0,0,0,0,12,0,0,0,0,0,0,0,0,0,0,0,2,3,1,43,1
50,0,0,1,12,116,100,96,1,5,5,111,100,96,1,5,5,123,100,96,1,5,5,116,120,96,1,10,5,0,0,0,104,0,0,0,0,0,99,146,0,0,0,0,104,0,0,0,0,0,99,146,0,12,4,30,51,80
51,0,0,7,0,1,1,23,30,13,15,1,1,23,30,13,15,1,1,23,30,13,15,1,1,23,30,13,15,12,0,0,0,0,0,0,0,0,0,0,0,12,0,0,0,0,0,0,0,0,0,0,0,2,3,1,41,1
52,0,0,1,11,100,97,97,1,5,5,96,95,89,1,5,5,105,100,106,1,5,5,100,100,105,0,10,4,0,0,88,0,0,116,0,0,0,0,130,0,0,0,88,0,0,116,0,0,0,0,130,0,8,4,100,59,80
53,0,0,1,12,109,105,98,1,5,5,95,100,98,1,5,5,149,120,98,1,5,5,109,105,98,1,7,5,0,127,0,0,0,0,102,0,0,0,0,86,0,127,0,0,0,0,102,0,0,0,0,86,11,1,20,55,80
54,0,0,3,0,1,1,28,30,13,15,1,1,28,30,13,15,1,1,28,30,13,15,1,1,28,30,13,15,12,0,0,0,0,0,0,0,0,0,0,0,12,0,0,0,0,0,0,0,0,0,0,0,2,4,1,44,1
55,0,0,2,0,1,8,30,30,13,15,1,8,30,30,13,15,1,8,30,30,13,15,1,8,30,30,13,15,12,0,0,0,0,0,0,0,0,0,0,0,12,0,0,0,0,0,0,0,0,0,0,0,2,3,1,45,1
56,2,100,1,12,164,111,104,1,5,5,161,120,104,1,5,5,167,100,104,1,5,5,164,111,104,1,8,5,172,0,116,0,0,0,0,0,0,126,0,0,172,0,116,0,0,0,0,0,0,126,0,0,18,4,30,51,80
57,2,100,1,12,103,118,113,1,5,5,95,117,111,1,5,5,127,123,122,1,5,5,103,118,113,1,6,4,108,0,0,0,0,0,108,0,0,0,110,0,108,0,0,0,0,0,108,0,0,0,110,0,12,1,40,55,80
58,0,0,3,0,1,1,27,30,13,15,1,1,27,30,13,15,1,1,27,30,13,15,1,1,27,30,13,15,12,0,0,0,0,0,0,0,0,0,0,0,12,0,0,0,0,0,0,0,0,0,0,0,2,3,1,43,1
59,0,0,8,0,1,1,30,30,13,15,1,1,30,30,13,15,1,1,30,30,13,15,1,1,30,30,13,15,12,0,0,0,0,0,0,0,0,0,0,0,12,0,0,0,0,0,0,0,0,0,0,0,2,3,1,45,1
60,0,0,2,0,1,8,32,30,13,15,1,8,32,30,13,15,1,8,32,30,13,15,1,8,32,30,13,15,12,0,0,0,0,0,0,0,0,0,0,0,12,0,0,0,0,0,0,0,0,0,0,0,2,3,1,46,1
61,0,0,2,0,1,21,32,30,13,15,1,21,32,30,13,15,1,20,32,30,13,15,1,21,32,30,13,15,12,0,0,0,0,0,0,0,0,0,0,0,12,0,0,0,0,0,0,0,0,0,0,0,2,3,1,46,1
62,24,100,1,11,174,162,137,1,5,5,168,162,137,1,5,5,181,162,137,1,5,5,174,162,137,1,7,3,0,87,160,144,0,0,0,0,0,0,190,0,0,87,160,144,0,0,0,0,0,0,190,0,8,4,138,59,80
63,0,0,7,0,1,1,28,30,13,15,1,1,28,30,13,15,1,1,28,30,13,15,1,1,28,30,13,15,12,0,0,0,0,0,0,0,0,0,0,0,12,0,0,0,0,0,0,0,0,0,0,0,2,3,1,44,1
64,0,0,2,0,1,1,30,30,13,15,1,1,30,30,13,15,1,1,30,30,13,15,1,1,30,30,13,15,12,0,0,0,0,0,0,0,0,0,0,0,12,0,0,0,0,0,0,0,0,0,0,0,2,3,1,45,1
65,11,100,2,0,1,21,30,30,13,15,1,21,30,30,13,15,1,20,30,30,13,15,1,21,30,30,13,15,12,0,0,0,0,0,0,0,0,0,0,0,12,0,0,0,0,0,0,0,0,0,0,0,2,3,1,45,1
66,0,0,7,0,1,11,28,30,13,15,1,11,28,30,13,15,1,11,28,30,13,15,1,11,28,30,13,15,12,0,0,0,0,0,0,0,0,0,0,0,12,0,0,0,0,0,0,0,0,0,0,0,2,4,1,44,1
67,0,0,1,12,102,113,111,1,5,5,116,124,121,1,5,5,86,100,98,1,5,5,102,113,111,2,7,3,102,0,0,0,0,100,110,0,0,0,0,0,102,0,0,0,0,100,110,0,0,0,0,0,10,1,30,59,90
68,0,0,2,0,1,2,28,30,13,15,1,2,28,30,13,15,1,2,28,30,13,15,1,2,28,30,13,15,12,0,0,0,0,0,0,0,0,0,0,0,12,0,0,0,0,0,0,0,0,0,0,0,2,4,1,44,1
69,26,100,1,11,102,118,98,1,5,5,106,118,98,1,5,5,96,118,98,1,5,5,102,118,98,0,4,3,126,0,0,0,0,0,108,0,0,112,0,0,126,0,0,0,0,0,108,0,0,112,0,0,15,3,100,55,80
70,27,100,1,13,173,140,108,1,5,5,166,140,108,1,5,5,193,140,109,1,5,5,173,140,108,1,10,5,104,163,0,0,0,0,0,142,0,0,0,0,104,163,0,0,0,0,0,142,0,0,0,0,10,3,40,55,90
71,0,0,1,12,91,89,92,1,5,5,87,82,84,1,5,5,101,112,115,1,5,5,91,89,92,1,7,5,94,0,0,82,0,0,0,0,0,0,0,98,94,0,0,82,0,0,0,0,0,0,0,98,9,2,100,55,80
72,0,0,1,12,100,75,108,1,5,5,96,80,111,1,5,5,110,60,98,1,5,5,100,80,109,1,7,5,92,114,0,0,0,100,0,0,0,0,0,0,92,114,0,0,0,100,0,0,0,0,0,0,10,3,20,64,80
73,0,0,3,0,1,1,27,30,13,15,1,1,27,30,13,15,1,1,27,30,13,15,1,1,27,30,13,15,12,0,0,0,0,0,0,0,0,0,0,0,12,0,0,0,0,0,0,0,0,0,0,0,2,4,1,43,1
74,0,0,6,0,1,17,27,30,13,15,1,17,27,30,13,15,1,17,27,30,13,15,1,17,27,30,13,15,12,0,0,0,0,0,0,0,0,0,0,0,12,0,0,0,0,0,0,0,0,0,0,0,2,4,1,43,1
75,0,0,6,0,1,1,27,30,13,15,1,1,27,30,13,15,1,1,27,30,13,15,1,1,27,30,13,15,12,0,0,0,0,0,0,0,0,0,0,0,12,0,0,0,0,0,0,0,0,0,0,0,2,4,1,43,1
76,11,100,1,11,194,168,131,1,5,5,194,168,135,1,5,5,193,168,127,1,5,5,194,168,131,1,4,1,83,94,0,0,0,180,0,0,0,0,190,160,83,94,0,0,0,180,0,0,0,0,190,160,8,4,150,59,80
77,0,0,1,11,137,160,138,1,5,5,131,160,139,1,5,5,144,160,138,1,5,5,137,160,138,0,4,0,0,0,0,124,0,0,0,0,180,0,138,0,0,0,0,124,0,0,0,0,180,0,138,0,2,4,128,55,80
78,0,0,5,0,1,10,27,30,13,15,1,10,27,30,13,15,1,10,27,30,13,15,1,10,27,30,13,15,12,0,0,0,0,0,0,0,0,0,0,0,12,0,0,0,0,0,0,0,0,0,0,0,2,3,1,43,1
79,0,0,1,12,108,114,79,1,5,5,105,112,78,1,5,5,119,120,82,1,5,5,108,114,79,0,7,5,104,121,0,0,0,110,0,0,0,0,0,0,104,121,0,0,0,110,0,0,0,0,0,0,10,3,20,40,90
80,0,0,1,12,99,120,99,1,5,5,96,120,97,1,5,5,110,120,104,1,5,5,99,120,99,0,6,2,94,114,0,0,0,0,0,0,0,0,80,0,94,114,0,0,0,0,0,0,0,0,80,0,9,3,100,55,80
81,1,100,6,0,1,1,23,30,13,15,1,1,23,30,13,15,1,1,23,30,13,15,1,1,23,30,13,15,12,0,0,0,0,0,0,0,0,0,0,0,12,0,0,0,0,0,0,0,0,0,0,0,2,3,1,41,1
82,0,0,5,0,1,1,23,30,13,15,1,1,23,30,13,15,1,1,23,30,13,15,1,1,23,30,13,15,12,0,0,0,0,0,0,0,0,0,0,0,12,0,0,0,0,0,0,0,0,0,0,0,2,4,1,41,1
83,0,0,8,0,1,9,32,30,13,15,1,9,32,30,13,15,1,9,32,30,13,15,1,9,32,30,13,15,12,0,0,0,0,0,0,0,0,0,0,0,12,0,0,0,0,0,0,0,0,0,0,0,2,4,1,46,1
84,0,0,3,0,1,1,34,30,13,15,1,1,34,30,13,15,1,1,34,30,13,15,1,1,34,30,13,15,12,0,0,0,0,0,0,0,0,0,0,0,12,0,0,0,0,0,0,0,0,0,0,0,2,3,1,47,1
85,0,0,1,12,140,89,101,1,5,5,136,91,101,1,5,5,153,85,102,1,5,5,140,90,101,1,4,1,152,118,0,0,0,0,0,0,0,0,100,0,152,118,0,0,0,0,0,0,0,0,100,0,16,3,120,54,70
86,0,0,1,11,91,84,101,1,5,5,92,84,101,1,5,5,90,84,101,1,5,5,91,84,101,2,10,5,132,0,100,0,0,60,0,0,0,0,0,0,132,0,100,0,0,60,0,0,0,0,0,0,14,3,100,54,70
87,24,100,7,0,1,1,25,30,13,15,1,1,25,30,13,15,1,1,25,30,13,15,1,1,25,30,13,15,12,0,0,0,0,0,0,0,0,0,0,0,12,0,0,0,0,0,0,0,0,0,0,0,2,4,1,42,1
88,0,0,1,11,76,101,116,1,5,5,75,102,119,1,5,5,77,100,111,1,5,5,76,102,118,0,4,2,76,0,100,0,0,90,0,0,0,0,0,0,76,0,100,0,0,90,0,0,0,0,0,0,6,3,100,64,70
89,0,0,8,0,1,4,21,30,13,15,1,4,21,30,13,15,1,4,21,30,13,15,1,4,21,30,13,15,12,0,0,0,0,0,0,0,0,0,0,0,12,0,0,0,0,0,0,0,0,0,0,0,2,4,1,40,1
90,27,100,1,12,106,90,86,1,5,5,107,80,84,1,5,5,102,120,95,1,5,5,106,98,86,1,7,3,132,0,92,0,0,0,0,0,0,0,80,0,132,0,92,0,0,0,0,0,0,0,80,0,14,4,20,51,80
91,0,0,2,0,1,1,34,30,13,15,1,1,34,30,13,15,1,1,34,30,13,15,1,1,34,30,13,15,12,0,0,0,0,0,0,0,0,0,0,0,12,0,0,0,0,0,0,0,0,0,0,0,2,3,1,47,1
92,2,100,9,0,1,4,36,30,13,15,1,4,36,30,13,15,1,4,36,30,13,15,1,4,36,30,13,15,12,0,0,0,0,0,0,0,0,0,0,0,12,0,0,0,0,0,0,0,0,0,0,0,2,3,1,48,1
93,0,0,6,0,1,1,28,30,13,15,1,1,28,30,13,15,1,1,28,30,13,15,1,1,28,30,13,15,12,0,0,0,0,0,0,0,0,0,0,0,12,0,0,0,0,0,0,0,0,0,0,0,2,4,1,44,1
94,0,0,5,0,1,1,27,30,13,15,1,1,27,30,13,15,1,1,27,30,13,15,1,1,27,30,13,15,12,0,0,0,0,0,0,0,0,0,0,0,12,0,0,0,0,0,0,0,0,0,0,0,2,3,1,43,1
95,0,0,1,13,115,90,90,1,5,5,112,100,90,1,5,5,124,60,89,1,5,5,115,100,90,2,7,5,126,0,0,0,0,0,105,0,0,102,0,0,126,0,0,0,0,0,105,0,0,102,0,0,13,3,20,45,80
96,16,101,1,12,99,109,106,1,5,5,102,116,106,1,5,5,95,100,105,1,5,5,99,116,106,1,5,3,108,0,100,0,0,0,96,0,0,0,0,0,108,0,100,0,0,0,96,0,0,0,0,0,10,3,30,54,80
97,0,0,1,11,62,120,81,1,5,5,62,120,81,1,5,5,60,120,81,1,5,5,62,120,81,0,4,5,68,0,90,0,0,80,0,0,0,0,0,0,68,0,90,0,0,80,0,0,0,0,0,0,5,3,140,54,70
98,0,0,1,12,99,90,87,1,5,5,99,90,87,1,5,5,99,90,87,1,5,5,99,90,87,0,4,0,114,0,86,0,97,0,0,0,0,0,0,0,114,0,86,0,97,0,0,0,0,0,0,0,11,3,120,45,74
99,0,0,7,0,1,18,28,30,13,15,1,17,28,30,13,15,1,19,28,30,13,15,1,18,28,30,13,15,12,0,0,0,0,0,0,0,0,0,0,0,12,0,0,0,0,0,0,0,0,0,0,0,2,3,1,44,1
100,0,0,1,11,111,128,120,1,5,5,109,130,119,1,5,5,112,126,120,1,5,5,111,130,120,0,7,5,40,0,0,0,0,140,0,0,158,0,0,0,40,0,0,0,0,140,0,0,158,0,0,0,2,3,132,60,70
101,0,0,1,11,143,120,116,1,5,5,147,120,116,1,5,5,132,120,116,1,5,5,143,120,116,1,5,3,0,0,0,138,0,0,0,0,0,91,190,0,0,0,0,138,0,0,0,0,0,91,190,0,8,4,120,59,80
102,0,0,1,11,71,100,107,1,5,5,70,100,107,1,5,5,72,100,107,1,5,5,71,100,107,0,4,1,28,0,0,0,0,90,0,0,100,0,0,0,28,0,0,0,0,90,0,0,100,0,0,0,2,4,100,60,80
103,0,0,4,0,1,1,36,30,13,15,1,1,36,30,13,15,1,1,36,30,13,15,1,1,36,30,13,15,12,0,0,0,0,0,0,0,0,0,0,0,12,0,0,0,0,0,0,0,0,0,0,0,2,3,1,48,1
104,0,0,1,11,78,60,90,1,5,5,77,60,90,1,5,5,80,60,90,1,5,5,78,60,90,1,4,4,114,0,78,0,0,60,0,0,0,0,0,0,114,0,78,0,0,60,0,0,0,0,0,0,11,4,100,48,70
105,0,0,7,0,1,1,34,30,13,15,1,1,34,30,13,15,1,1,34,30,13,15,1,1,34,30,13,15,12,0,0,0,0,0,0,0,0,0,0,0,12,0,0,0,0,0,0,0,0,0,0,0,2,4,1,47,1
106,0,0,3,0,1,1,30,30,13,15,1,1,30,30,13,15,1,1,30,30,13,15,1,1,30,30,13,15,12,0,0,0,0,0,0,0,0,0,0,0,12,0,0,0,0,0,0,0,0,0,0,0,2,3,1,45,1
107,0,0,1,12,90,100,105,1,5,5,94,100,105,1,5,5,85,100,105,1,5,5,92,100,105,1,7,3,92,93,96,0,0,0,0,0,0,0,0,0,92,108,96,0,0,0,0,0,0,0,0,0,8,3,100,59,80
108,0,0,8,0,1,18,32,30,13,15,1,19,32,30,13,15,1,17,32,30,13,15,1,18,32,30,13,15,12,0,0,0,0,0,0,0,0,0,0,0,12,0,0,0,0,0,0,0,0,0,0,0,2,3,1,46,1
109,16,101,1,12,70,70,73,1,5,5,70,70,71,1,5,5,70,71,75,1,5,5,70,70,73,30,13,15,36,0,0,0,0,0,0,0,110,0,0,52,36,0,0,0,0,0,0,0,110,0,0,52,2,4,90,47,60
110,0,0,5,0,1,1,21,30,13,15,1,1,21,30,13,15,1,1,21,30,13,15,1,1,21,30,13,15,12,0,0,0,0,0,0,0,0,0,0,0,12,0,0,0,0,0,0,0,0,0,0,0,2,3,1,40,1
111,9,100,5,0,1,1,36,30,13,15,1,1,36,30,13,15,1,1,36,30,13,15,1,1,36,30,13,15,12,0,0,0,0,0,0,0,0,0,0,0,12,0,0,0,0,0,0,0,0,0,0,0,2,3,1,48,1
112,0,0,1,12,116,80,90,1,5,5,124,80,90,1,5,5,106,80,90,1,5,5,116,80,90,1,7,3,126,0,0,0,0,0,105,0,0,106,0,0,126,0,0,0,0,0,105,0,0,106,0,0,13,4,20,45,80
113,0,0,3,0,1,1,28,30,13,15,1,1,28,30,13,15,1,1,28,30,13,15,1,1,28,30,13,15,12,0,0,0,0,0,0,0,0,0,0,0,12,0,0,0,0,0,0,0,0,0,0,0,2,3,1,44,1
114,0,0,7,0,1,1,27,30,13,15,1,1,27,30,13,15,1,1,27,30,13,15,1,1,27,30,13,15,12,0,0,0,0,0,0,0,0,0,0,0,12,0,0,0,0,0,0,0,0,0,0,0,2,4,1,43,1
115,16,101,1,12,83,70,76,1,5,5,87,70,76,1,5,5,78,70,76,1,5,5,86,70,76,0,6,2,100,72,68,0,0,0,0,0,0,0,0,0,100,86,84,0,0,0,0,0,0,0,0,0,10,3,120,51,80
116,0,0,1,12,103,100,106,1,5,5,97,100,105,1,5,5,121,100,106,1,5,5,103,100,106,1,5,4,108,107,0,0,0,0,99,0,0,0,0,0,108,107,0,0,0,0,99,0,0,0,0,0,10,3,30,54,80
117,0,0,1,11,64,90,91,1,5,5,62,90,91,1,5,5,69,90,90,1,5,5,64,90,91,0,7,5,40,62,0,0,0,0,0,0,100,0,0,0,40,62,0,0,0,0,0,0,100,0,0,0,2,3,110,54,60
118,0,0,4,0,1,18,23,30,13,15,1,18,23,30,13,15,1,18,23,30,13,15,1,18,23,30,13,15,12,0,0,0,0,0,0,0,0,0,0,0,12,0,0,0,0,0,0,0,0,0,0,0,2,3,1,41,1
119,10,100,3,0,1,1,23,30,13,15,1,1,23,30,13,15,1,1,23,30,13,15,1,1,23,30,13,15,12,0,0,0,0,0,0,0,0,0,0,0,12,0,0,0,0,0,0,0,0,0,0,0,2,3,1,41,1
120,0,0,9,0,1,1,27,30,13,15,1,1,27,30,13,15,1,1,27,30,13,15,1,1,27,30,13,15,12,0,0,0,0,0,0,0,0,0,0,0,12,0,0,0,0,0,0,0,0,0,0,0,2,3,1,43,1
121,9,100,4,0,1,20,28,30,13,15,1,21,28,30,13,15,1,18,28,30,13,15,1,20,28,30,13,15,12,0,0,0,0,0,0,0,0,0,0,0,12,0,0,0,0,0,0,0,0,0,0,0,2,3,1,44,1
122,1,100,6,0,1,1,34,30,13,15,1,1,34,30,13,15,1,1,34,30,13,15,1,1,34,30,13,15,12,0,0,0,0,0,0,0,0,0,0,0,12,0,0,0,0,0,0,0,0,0,0,0,2,3,1,47,1
123,0,0,1,12,101,100,98,1,5,5,101,100,98,1,5,5,101,100,98,1,5,5,101,100,98,0,7,4,100,0,0,0,0,0,0,0,0,0,114,100,100,0,0,0,0,0,0,0,0,0,114,100,10,4,100,55,88
124,24,100,7,0,1,1,32,30,13,15,1,1,32,30,13,15,1,1,32,30,13,15,1,1,32,0,7,3,12,0,0,0,0,0,0,0,0,0,0,0,12,0,0,0,0,0,0,0,0,0,0,0,2,3,12,46,12
125,0,0,6,0,1,1,25,30,13,15,1,1,25,30,13,15,1,1,25,30,13,15,1,1,25,30,13,15,12,0,0,0,0,0,0,0,0,0,0,0,12,0,0,0,0,0,0,0,0,0,0,0,2,4,1,42,1
126,26,100,1,12,159,131,124,1,5,5,157,128,121,1,5,5,166,140,131,1,5,5,159,131,124,1,7,2,0,94,139,0,0,0,104,0,0,0,180,0,0,94,139,0,0,0,104,0,0,0,180,0,8,3,114,59,80
127,27,100,1,11,114,118,107,1,5,5,115,124,113,1,5,5,109,100,91,1,5,5,114,118,107,1,5,5,0,0,0,0,105,0,0,0,0,91,164,0,0,0,0,0,105,0,0,0,0,91,164,0,9,4,100,55,80
128,0,0,3,0,1,17,25,30,13,15,1,17,25,30,13,15,1,19,25,30,13,15,1,17,25,30,13,15,12,0,0,0,0,0,0,0,0,0,0,0,12,0,0,0,0,0,0,0,0,0,0,0,2,3,1,42,1
129,0,0,7,0,1,1,30,30,13,15,1,1,30,30,13,15,1,1,30,30,13,15,1,1,30,30,13,15,12,0,0,0,0,0,0,0,0,0,0,0,12,0,0,0,0,0,0,0,0,0,0,0,2,3,1,45,1
130,0,0,1,12,97,100,99,1,5,5,110,100,97,1,5,5,82,100,102,1,5,5,97,112,99,1,9,5,94,0,0,0,0,100,103,0,0,0,0,0,94,90,0,0,0,100,103,0,0,0,0,0,9,1,100,55,80
131,0,0,3,0,1,1,36,30,13,15,1,1,36,30,13,15,1,1,36,30,13,15,1,1,36,30,13,15,12,0,0,0,0,0,0,0,0,0,0,0,12,0,0,0,0,0,0,0,0,0,0,0,2,3,1,48,1
132,0,0,1,11,85,138,121,1,5,5,88,153,129,1,5,5,80,120,110,1,5,5,85,152,126,0,7,5,128,0,0,0,0,70,99,0,0,0,0,0,128,0,0,0,0,70,101,0,0,0,0,0,11,3,118,54,70
133,0,0,7,0,1,1,25,30,13,15,1,1,25,30,13,15,1,1,25,30,13,15,1,1,25,30,13,15,12,0,0,0,0,0,0,0,0,0,0,0,12,0,0,0,0,0,0,0,0,0,0,0,2,3,1,42,1
134,17,101,1,11,31,100,72,1,5,5,30,99,72,1,5,5,31,100,73,1,5,5,31,100,72,2,8,3,40,0,0,68,0,0,65,0,0,0,0,0,40,0,0,68,0,0,65,0,0,0,0,0,2,4,100,49,70
135,0,0,5,0,1,1,23,30,21,15,1,1,23,30,21,15,1,1,23,30,21,15,1,1,23,30,21,15,12,0,0,0,0,0,0,0,0,0,0,0,12,0,0,0,0,0,0,0,0,0,0,0,2,3,1,41,1
136,27,100,1,12,106,100,91,1,5,5,106,100,91,1,5,5,107,100,91,1,5,5,106,100,91,1,6,3,112,0,0,0,0,0,0,106,0,0,112,0,112,0,0,0,0,0,0,106,0,0,112,0,12,3,24,51,80
137,2,100,7,0,1,3,30,30,13,15,1,3,30,30,13,15,1,3,30,30,13,15,1,3,30,30,13,15,12,0,0,0,0,0,0,0,0,0,0,0,12,0,0,0,0,0,0,0,0,0,0,0,2,4,1,45,1
138,25,100,1,12,151,120,123,1,5,5,154,120,124,1,5,5,148,120,122,1,5,5,151,120,123,0,7,4,0,100,0,0,0,0,0,0,0,105,190,0,0,100,0,0,0,0,0,0,0,105,190,0,10,3,40,59,90
139,18,101,3,0,1,1,32,30,21,15,1,1,32,30,21,15,1,1,32,30,21,15,1,1,32,30,21,15,12,0,0,0,0,0,0,0,0,0,0,0,12,0,0,0,0,0,0,0,0,0,0,0,2,4,1,46,1
140,25,100,5,0,1,1,25,30,13,15,1,1,25,30,13,15,1,1,25,30,13,15,1,1,25,30,13,15,12,0,0,0,0,0,0,0,0,0,0,0,12,0,0,0,0,0,0,0,0,0,0,0,2,4,1,42,1
141,0,0,8,0,1,1,27,30,13,15,1,1,27,30,13,15,1,1,27,30,13,15,1,1,27,30,13,15,12,0,0,0,0,0,0,0,0,0,0,0,12,0,0,0,0,0,0,0,0,0,0,0,2,3,1,43,1
142,0,0,4,0,1,3,30,30,13,15,1,3,30,30,13,15,1,3,30,30,13,15,1,3,30,30,13,15,12,0,0,0,0,0,0,0,0,0,0,0,12,0,0,0,0,0,0,0,0,0,0,0,2,3,1,45,1
143,0,0,1,12,77,80,96,1,5,5,79,80,95,1,5,5,75,80,96,1,5,5,77,80,96,2,7,5,40,0,0,0,0,0,0,0,100,0,0,68,40,0,0,0,0,0,0,0,100,0,0,68,2,4,50,54,80
144,18,101,1,12,104,100,98,1,5,5,105,100,98,1,5,5,102,100,98,1,5,5,104,100,98,1,7,5,92,0,84,0,0,0,0,0,0,0,130,0,92,0,84,0,0,0,0,0,0,0,130,0,10,3,40,55,80
145,9,100,1,11,180,155,129,1,5,5,176,161,131,1,5,5,194,139,124,1,5,5,180,155,129,1,7,5,0,0,136,0,0,180,100,0,0,0,190,0,0,0,136,0,0,180,100,0,0,0,190,0,8,2,126,59,80
146,1,100,4,0,1,10,27,30,13,15,1,10,27,30,13,15,1,10,27,30,13,15,1,10,27,30,13,15,12,0,0,0,0,0,0,0,0,0,0,0,12,0,0,0,0,0,0,0,0,0,0,0,2,4,1,43,1
147,1,100,2,0,1,18,25,30,13,15,1,18,25,30,13,15,1,18,25,30,13,15,1,18,25,30,13,15,12,0,0,0,0,0,0,0,0,0,0,0,12,0,0,0,0,0,0,0,0,0,0,0,2,4,1,42,1
148,0,0,1,12,61,80,96,1,5,5,60,80,96,1,5,5,63,80,97,1,5,5,61,80,96,2,4,3,46,0,86,0,0,80,0,0,0,0,0,0,46,0,86,0,0,80,0,0,0,0,0,0,3,2,50,54,80
149,24,100,3,0,1,1,28,30,13,15,1,1,28,30,13,15,1,1,28,30,13,15,1,1,28,30,13,15,12,0,0,0,0,0,0,0,0,0,0,0,12,0,0,0,0,0,0,0,0,0,0,0,2,4,1,44,1
150,0,0,1,13,61,80,96,1,5,5,62,80,96,1,5,5,59,80,95,1,5,5,61,80,96,0,10,5,46,0,86,0,0,80,0,0,0,0,0,0,46,0,86,0,0,80,0,0,0,0,0,0,3,2,50,54,80
151,0,0,5,0,1,1,25,30,13,15,1,1,25,30,13,15,1,1,25,30,13,15,1,1,25,30,13,15,12,0,0,0,0,0,0,0,0,0,0,0,12,0,0,0,0,0,0,0,0,0,0,0,2,3,1,42,1
152,0,0,1,12,61,80,96,1,5,5,60,80,95,1,5,5,63,80,96,1,5,5,61,80,96,1,7,5,46,0,86,0,0,80,0,0,0,0,0,0,46,0,86,0,0,80,0,0,0,0,0,0,3,3,50,54,80
153,0,0,9,0,1,1,27,30,13,15,1,1,27,30,13,15,1,1,27,30,13,15,1,1,27,30,13,15,12,0,0,0,0,0,0,0,0,0,0,0,12,0,0,0,0,0,0,0,0,0,0,0,2,3,1,43,1
154,0,0,7,0,1,10,28,30,13,15,1,10,28,30,13,15,1,10,28,30,13,15,1,10,28,30,13,15,12,0,0,0,0,0,0,0,0,0,0,0,12,0,0,0,0,0,0,0,0,0,0,0,2,3,1,44,1
155,0,0,1,12,99,80,86,1,5,5,100,80,86,1,5,5,98,80,86,1,5,5,99,80,86,1,9,5,108,0,0,100,0,0,90,0,0,0,0,0,108,0,0,100,0,0,90,0,0,0,0,0,10,3,120,51,80
156,0,0,1,11,85,100,94,1,5,5,83,100,91,1,5,5,86,100,97,1,5,5,85,120,102,2,5,4,100,0,100,0,0,100,0,0,0,0,0,0,108,80,100,0,0,100,0,0,0,80,0,0,10,3,100,51,82
157,0,0,1,12,88,100,105,1,5,5,86,100,105,1,5,5,94,100,105,1,5,5,88,100,105,1,5,5,89,0,0,0,0,100,97,0,0,0,0,0,89,0,0,0,0,100,97,0,0,0,0,0,8,3,100,59,82
158,10,100,2,0,1,1,34,30,13,15,1,1,34,30,13,15,1,1,34,30,13,15,1,1,34,30,13,15,12,0,0,0,0,0,0,0,0,0,0,0,12,0,0,0,0,0,0,0,0,0,0,0,2,4,1,47,1
159,2,100,8,0,1,1,30,30,13,15,1,1,30,30,13,15,1,1,30,30,13,15,1,1,30,30,13,15,12,0,0,0,0,0,0,0,0,0,0,0,12,0,0,0,0,0,0,0,0,0,0,0,2,3,1,45,1
160,0,0,1,12,66,60,91,1,5,5,65,60,91,1,5,5,68,60,91,1,5,5,66,60,91,1,7,5,62,0,74,0,0,80,0,0,0,0,0,0,62,0,74,0,0,80,0,0,0,0,0,0,5,3,80,54,90
161,0,0,1,12,98,88,96,1,5,5,96,88,96,1,5,5,106,88,96,1,5,5,98,88,96,0,7,3,112,92,88,0,0,0,0,0,0,0,0,0,112,92,88,0,0,0,0,0,0,0,0,0,12,3,28,51,80
162,18,101,1,12,100,100,98,1,5,5,113,100,97,1,5,5,85,100,98,1,5,5,100,100,98,2,6,3,96,114,0,92,0,0,0,0,0,0,0,0,96,114,0,92,0,0,0,0,0,0,0,0,10,1,40,55,80
163,0,0,1,12,66,60,91,1,5,5,65,60,91,1,5,5,68,60,91,1,5,5,66,60,91,0,6,3,62,0,74,0,0,80,0,0,0,0,0,0,62,0,74,0,0,80,0,0,0,0,0,0,5,3,40,54,90
164,0,0,1,12,65,60,91,1,5,5,65,60,91,1,5,5,65,60,91,1,5,5,65,60,91,1,5,5,62,71,74,0,0,0,0,0,0,0,0,0,62,71,74,0,0,0,0,0,0,0,0,0,5,4,40,54,90
165,24,100,1,12,110,120,111,1,5,5,109,120,110,1,5,5,111,120,111,1,5,5,110,120,111,0,7,4,128,0,104,0,0,0,0,0,0,105,0,0,128,0,104,0,0,0,0,0,0,105,0,0,12,3,30,51,80
166,0,0,1,12,101,105,106,1,5,5,102,106,107,1,5,5,98,100,106,1,5,5,101,106,106,2,11,4,112,0,0,84,0,0,0,101,0,0,0,0,112,0,0,84,0,0,0,101,0,0,0,0,10,4,20,54,80
167,0,0,6,0,1,1,25,30,13,15,1,1,25,30,13,15,1,1,25,30,13,15,1,1,25,30,13,15,12,0,0,0,0,0,0,0,0,0,0,0,12,0,0,0,0,0,0,0,0,0,0,0,2,3,1,42,1
168,0,0,1,12,116,100,78,1,5,5,113,100,78,1,5,5,127,100,78,1,5,5,125,100,90,0,6,2,128,98,0,0,0,0,0,112,0,0,0,0,140,112,0,0,0,0,0,118,0,0,0,0,14,3,24,45,80
169,0,0,5,0,1,1,27,30,13,15,1,1,27,30,13,15,1,1,27,30,13,15,1,1,27,30,13,15,12,0,0,0,0,0,0,0,0,0,0,0,12,0,0,0,0,0,0,0,0,0,0,0,2,3,1,43,1
170,0,0,1,13,102,71,86,1,5,5,106,70,87,1,5,5,97,72,86,1,5,5,102,72,86,0,7,5,116,86,100,0,0,0,0,0,0,0,0,0,116,86,100,0,0,0,0,0,0,0,0,0,10,3,30,54,80
171,0,0,3,0,1,15,27,30,13,15,1,15,27,30,13,15,1,15,27,30,13,15,1,15,27,30,13,15,12,0,0,0,0,0,0,0,0,0,0,0,12,0,0,0,0,0,0,0,0,0,0,0,2,4,1,43,1
172,0,0,1,13,103,106,107,1,5,5,108,106,108,1,5,5,96,106,107,1,5,5,103,106,107,1,7,5,102,0,0,0,0,0,103,109,0,0,0,0,102,0,0,0,0,0,103,109,0,0,0,0,10,3,40,60,90
173,0,0,4,0,1,6,34,30,13,15,1,6,34,30,13,15,1,6,34,30,13,15,1,6,34,30,13,15,12,0,0,0,0,0,0,0,0,0,0,0,12,0,0,0,0,0,0,0,0,0,0,0,2,4,1,47,1
174,26,100,1,11,177,163,132,1,5,5,179,170,136,1,5,5,172,140,119,1,5,5,177,163,132,0,5,5,0,80,141,80,0,180,0,0,0,0,180,0,0,80,141,80,0,180,0,0,0,0,180,0,8,3,150,59,80
175,0,0,6,0,1,1,32,30,13,15,1,1,32,30,13,15,1,1,32,30,13,15,1,1,32,30,13,15,12,0,0,0,0,0,0,0,0,0,0,0,12,0,0,0,0,0,0,0,0,0,0,0,2,4,1,46,1
176,0,0,9,0,1,1,23,30,13,15,1,1,23,30,13,15,1,1,23,30,13,15,1,1,23,30,13,15,12,0,0,0,0,0,0,0,0,0,0,0,12,0,0,0,0,0,0,0,0,0,0,0,2,4,1,41,1
177,0,0,9,0,1,1,23,30,13,15,1,1,23,30,13,15,1,1,23,30,13,15,1,1,23,30,13,15,12,0,0,0,0,0,0,0,0,0,0,0,12,0,0,0,0,0,0,0,0,0,0,0,2,3,1,41,1
178,0,0,8,0,1,3,21,30,13,15,1,3,21,30,13,15,1,3,21,30,13,15,1,3,21,30,13,15,12,0,0,0,0,0,0,0,0,0,0,0,12,0,0,0,0,0,0,0,0,0,0,0,2,4,1,40,1
179,0,0,7,0,1,8,32,30,13,15,1,8,32,30,13,15,1,8,32,30,13,15,1,8,32,30,13,15,12,0,0,0,0,0,0,0,0,0,0,0,12,0,0,0,0,0,0,0,0,0,0,0,2,4,1,46,1
180,0,0,8,0,1,5,32,30,13,15,1,5,32,30,13,15,1,5,32,30,13,15,1,5,32,30,13,15,12,0,0,0,0,0,0,0,0,0,0,0,12,0,0,0,0,0,0,0,0,0,0,0,2,4,1,46,1
181,0,0,7,0,1,17,21,30,13,15,1,18,21,30,13,15,1,16,21,30,13,15,1,17,21,30,13,15,12,0,0,0,0,0,0,0,0,0,0,0,12,0,0,0,0,0,0,0,0,0,0,0,2,3,1,40,1
182,0,0,7,0,1,1,34,30,13,15,1,1,34,30,13,15,1,1,34,30,13,15,1,1,34,30,13,15,12,0,0,0,0,0,0,0,0,0,0,0,12,0,0,0,0,0,0,0,0,0,0,0,2,3,1,47,1
183,0,0,5,0,1,1,23,30,13,15,1,1,23,30,13,15,1,1,23,30,13,15,1,1,23,30,13,15,12,0,0,0,0,0,0,0,0,0,0,0,12,0,0,0,0,0,0,0,0,0,0,0,2,4,1,41,1
184,0,0,5,0,1,1,28,30,13,15,1,1,28,30,13,15,1,1,28,30,13,15,1,1,28,30,13,15,12,0,0,0,0,0,0,0,0,0,0,0,12,0,0,0,0,0,0,0,0,0,0,0,2,3,1,44,1
185,10,100,9,0,1,13,32,30,13,15,1,13,32,30,13,15,1,13,32,30,13,15,1,13,32,30,13,15,12,0,0,0,0,0,0,0,0,0,0,0,12,0,0,0,0,0,0,0,0,0,0,0,2,3,1,46,1
186,0,0,5,0,1,6,28,30,13,15,1,6,28,30,13,15,1,6,28,30,13,15,1,6,28,30,13,15,12,0,0,0,0,0,0,0,0,0,0,0,12,0,0,0,0,0,0,0,0,0,0,0,2,4,1,44,1
187,0,0,2,0,1,1,25,30,13,15,1,1,25,30,13,15,1,1,25,30,13,15,1,1,25,30,13,15,12,0,0,0,0,0,0,0,0,0,0,0,12,0,0,0,0,0,0,0,0,0,0,0,2,3,1,42,1
188,0,0,4,0,1,15,30,30,13,15,1,15,30,30,13,15,1,15,30,30,13,15,1,15,30,30,13,15,12,0,0,0,0,0,0,0,0,0,0,0,12,0,0,0,0,0,0,0,0,0,0,0,2,3,1,45,1
189,0,0,6,0,1,1,27,30,13,15,1,1,27,30,13,15,1,1,27,30,13,15,1,1,27,30,13,15,12,0,0,0,0,0,0,0,0,0,0,0,12,0,0,0,0,0,0,0,0,0,0,0,2,2,1,43,1
190,0,0,5,0,1,1,28,30,13,15,1,1,28,30,13,15,1,1,28,30,13,15,1,1,28,30,13,15,12,0,0,0,0,0,0,0,0,0,0,0,12,0,0,0,0,0,0,0,0,0,0,0,2,3,1,44,1
191,0,0,2,0,1,1,23,30,13,15,1,1,23,30,13,15,1,1,23,30,13,15,1,1,23,30,13,15,6,0,0,0,0,0,0,0,0,0,0,0,6,0,0,0,0,0,0,0,0,0,0,0,1,3,1,41,1
192,24,100,1,13,195,140,105,1,5,5,197,140,105,1,5,5,192,140,105,1,5,5,195,140,105,0,6,5,0,0,0,0,133,0,102,0,0,0,200,0,0,0,0,0,133,0,102,0,0,0,200,0,10,3,40,59,90
193,0,0,4,0,1,17,25,30,13,15,1,17,25,30,13,15,1,17,25,30,13,15,1,17,25,30,13,15,12,0,0,0,0,0,0,0,0,0,0,0,12,0,0,0,0,0,0,0,0,0,0,0,2,4,1,42,1
194,0,0,1,12,95,100,86,1,5,5,93,100,86,1,5,5,97,100,86,1,5,5,95,100,86,0,5,1,68,0,108,0,0,100,0,0,0,0,0,0,68,0,108,0,0,100,0,0,0,0,0,0,6,3,20,54,80
195,0,0,1,13,120,110,97,1,5,5,120,120,100,1,5,5,119,80,86,1,5,5,120,120,100,2,6,4,134,0,0,0,0,120,0,0,0,119,0,0,134,0,0,0,0,120,0,0,0,120,0,0,13,3,20,45,80
196,0,0,1,12,88,100,105,1,5,5,87,100,105,1,5,5,90,100,105,1,5,5,92,100,105,2,7,5,88,0,96,0,0,100,0,0,0,0,0,0,88,0,96,0,0,114,0,0,0,0,0,0,8,3,100,59,90
197,0,0,1,11,126,139,117,1,5,5,129,146,123,1,5,5,121,130,110,1,5,5,126,139,117,2,6,3,0,128,151,0,0,0,113,0,0,95,0,0,0,128,151,0,0,0,113,0,0,95,0,0,10,4,140,55,80
198,0,0,1,11,77,100,91,1,5,5,78,100,91,1,5,5,76,100,91,1,5,5,77,100,91,0,8,3,100,0,84,0,0,0,0,0,0,0,80,0,100,0,84,0,0,0,0,0,0,0,80,0,10,3,110,51,80
199,0,0,6,0,1,1,21,30,13,15,1,1,21,30,13,15,1,1,21,30,13,15,1,1,21,30,13,15,12,0,0,0,0,0,0,0,0,0,0,0,12,0,0,0,0,0,0,0,0,0,0,0,2,3,1,40,1
200,26,100,1,11,164,135,98,1,5,5,166,140,102,1,5,5,159,120,86,1,5,5,164,135,98,1,10,5,141,0,0,140,0,0,0,124,0,156,0,0,141,0,0,140,0,0,0,124,0,156,0,0,18,3,120,51,80
201,0,0,2,0,1,1,32,30,13,15,1,1,32,30,13,15,1,1,32,30,13,15,1,1,32,30,13,15,12,0,0,0,0,0,0,0,0,0,0,0,12,0,0,0,0,0,0,0,0,0,0,0,2,4,1,46,1
202,0,0,8,0,1,1,23,30,13,15,1,1,24,30,13,15,1,1,22,30,13,15,1,1,23,30,13,15,12,0,0,0,0,0,0,0,0,0,0,0,12,0,0,0,0,0,0,0,0,0,0,0,2,3,1,41,1
203,0,0,1,11,138,133,123,1,5,5,129,132,123,1,5,5,165,134,123,1,5,5,138,133,123,1,8,4,140,0,118,0,133,0,133,0,0,0,110,0,140,0,118,0,133,0,133,0,0,0,110,0,14,1,120,55,92
204,3,100,2,0,1,1,28,30,13,15,1,1,29,30,13,15,1,1,28,30,13,15,1,1,28,30,13,15,12,0,0,0,0,0,0,0,0,0,0,0,12,0,0,0,0,0,0,0,0,0,0,0,2,4,1,44,1
205,0,0,6,0,1,1,32,30,13,15,1,1,33,30,13,15,1,1,31,30,13,15,1,1,32,30,13,15,12,0,0,0,0,0,0,0,0,0,0,0,12,0,0,0,0,0,0,0,0,0,0,0,2,3,1,46,1
206,2,100,6,0,1,1,32,30,13,15,1,1,33,30,13,15,1,1,31,30,13,15,1,1,32,30,13,15,12,0,0,0,0,0,0,0,0,0,0,0,12,0,0,0,0,0,0,0,0,0,0,0,2,3,1,46,1
207,0,0,1,11,99,142,122,1,5,5,106,144,123,1,5,5,92,140,120,1,5,5,99,144,123,0,11,5,102,118,0,0,0,0,0,116,0,0,0,0,102,118,0,0,0,0,0,117,0,0,0,0,9,3,144,64,70
208,1,100,1,11,132,158,131,1,5,5,131,160,133,1,5,5,133,150,125,1,5,5,132,158,131,1,5,3,0,80,80,80,0,0,0,0,0,0,160,139,0,80,80,80,0,0,0,0,0,0,160,139,8,3,140,59,80
209,0,0,8,0,1,2,25,30,13,15,1,2,24,30,13,15,1,2,26,30,13,15,1,2,25,30,13,15,12,0,0,0,0,0,0,0,0,0,0,0,12,0,0,0,0,0,0,0,0,0,0,0,2,3,1,42,1
210,0,0,1,12,77,110,102,1,5,5,75,120,109,1,5,5,82,80,81,1,5,5,77,120,106,0,7,4,56,89,96,0,0,0,0,0,0,0,0,0,56,89,96,0,0,0,0,0,0,0,0,0,4,3,100,54,70
211,0,0,1,11,172,150,116,1,5,5,179,142,110,1,5,5,164,160,124,1,5,5,172,150,116,1,5,3,177,138,0,0,0,0,0,143,0,143,0,0,177,138,0,0,0,0,0,143,0,143,0,0,18,3,150,51,80
212,0,0,1,11,42,120,89,1,5,5,42,120,94,1,5,5,43,120,84,1,5,5,42,120,91,1,7,5,40,0,84,0,0,0,0,0,0,0,100,0,40,0,84,0,0,0,0,0,0,0,100,0,2,3,100,54,70
213,0,0,1,13,140,140,121,1,5,5,137,140,121,1,5,5,144,140,121,1,5,5,140,140,121,1,7,2,154,0,126,0,0,0,0,0,0,0,140,0,154,0,126,0,0,0,0,0,0,0,140,0,14,4,28,51,80
214,0,0,1,12,114,120,98,1,5,5,115,120,98,1,5,5,113,120,98,1,5,5,114,120,98,1,6,4,102,0,0,0,0,0,0,0,0,96,140,0,102,0,0,0,0,0,0,0,0,96,140,0,11,3,40,55,80
215,0,0,1,13,117,127,109,1,5,5,113,136,117,1,5,5,131,100,86,1,5,5,117,136,114,1,5,3,119,127,0,0,119,0,0,0,0,0,0,0,119,127,0,0,120,0,0,0,0,0,0,0,11,3,40,54,80
216,0,0,1,12,98,89,101,1,5,5,108,90,102,1,5,5,87,88,101,1,5,5,98,89,101,0,7,5,116,0,88,0,0,0,100,0,0,0,0,0,116,0,88,0,0,0,100,0,0,0,0,0,12,2,20,51,100
217,0,0,1,12,118,63,98,2,7,5,117,63,98,2,7,5,119,63,98,2,7,5,118,63,98,2,7,5,132,0,94,0,0,0,0,0,0,113,0,0,132,0,94,0,0,0,0,0,0,113,0,0,12,3,38,55,100
218,0,0,1,12,94,115,98,1,5,5,93,120,98,1,5,5,97,100,97,1,5,5,94,115,98,1,7,5,36,0,0,0,0,0,0,0,138,0,0,68,36,0,0,0,0,0,0,0,138,0,0,68,2,3,58,55,60
219,0,0,1,12,202,141,130,1,5,5,199,140,130,1,5,5,205,142,130,1,5,5,202,141,130,1,6,5,0,0,0,0,141,0,0,0,0,106,200,0,0,0,0,0,141,0,0,0,0,106,200,0,10,3,40,59,90
220,0,0,1,12,103,120,117,1,5,5,101,120,111,1,5,5,105,120,123,1,5,5,103,120,119,1,9,4,96,0,118,0,0,120,0,0,0,0,0,0,96,0,118,0,0,120,0,0,0,0,0,0,8,3,40,64,80
221,0,0,1,11,104,140,111,1,5,5,107,140,117,1,5,5,101,140,103,1,5,5,104,140,115,0,3,3,40,0,0,0,0,0,0,0,160,0,0,116,40,0,0,0,0,0,0,0,160,0,0,116,2,4,120,54,60
222,0,0,1,11,74,100,89,1,5,5,73,100,89,1,5,5,75,100,89,1,5,5,74,100,89,1,7,5,76,0,96,0,0,0,0,0,0,82,0,0,76,0,96,0,0,0,0,0,0,82,0,0,8,3,100,54,70
223,9,100,1,11,121,117,112,1,5,5,119,120,116,1,5,5,128,108,97,1,5,5,121,117,112,2,5,5,0,94,112,0,0,0,99,0,0,0,160,0,0,94,112,0,0,0,99,0,0,0,160,0,8,3,120,59,80
224,0,0,1,11,59,100,96,1,5,5,61,100,96,1,5,5,56,100,96,1,5,5,59,100,96,0,4,3,58,71,90,0,0,0,0,0,0,0,0,0,58,71,90,0,0,0,0,0,0,0,0,0,5,4,100,54,70
225,0,0,1,11,94,100,98,1,5,5,91,100,98,1,5,5,98,100,98,1,5,5,94,100,98,2,10,5,0,0,98,0,0,0,0,0,0,88,130,0,0,0,98,0,0,0,0,0,0,88,130,0,9,4,100,55,80
226,0,0,1,11,109,126,107,1,5,5,108,126,107,1,5,5,110,126,107,1,5,5,109,126,107,0,7,5,132,0,117,0,0,0,0,124,0,0,0,0,132,0,117,0,0,0,0,124,0,0,0,0,13,3,124,60,70
227,0,0,1,11,181,168,132,1,5,5,184,171,136,1,5,5,173,161,120,1,5,5,181,168,132,0,7,5,0,0,104,80,0,180,101,0,0,0,190,0,0,0,104,80,0,180,101,0,0,0,190,0,8,4,140,59,80
228,0,0,1,11,82,100,105,1,5,5,86,100,105,1,5,5,78,100,105,1,5,5,82,100,105,1,6,3,88,94,104,0,0,0,0,0,0,0,0,0,88,94,104,0,0,0,0,0,0,0,0,0,8,3,100,59,82
229,0,0,1,11,136,100,101,1,5,5,132,100,102,1,5,5,147,100,101,1,5,5,136,100,101,0,7,3,156,0,0,0,0,0,117,0,0,116,0,0,156,0,0,0,0,0,117,0,0,116,0,0,18,3,100,54,70
230,0,0,1,11,81,100,96,1,5,5,86,100,96,1,5,5,76,100,96,1,5,5,81,100,96,2,4,5,88,98,0,0,0,0,0,0,0,0,100,0,88,98,0,0,0,0,0,0,0,0,100,0,8,2,100,54,72
231,0,0,1,11,74,110,96,1,5,5,74,110,97,1,5,5,72,110,96,1,5,5,74,110,96,0,7,4,70,0,90,0,0,120,0,0,0,0,0,0,70,0,90,0,0,120,0,0,0,0,0,0,5,3,100,54,74
232,0,0,1,12,95,110,90,1,5,5,94,120,95,1,5,5,97,80,74,1,5,5,95,120,96,2,5,1,100,0,0,0,0,0,90,0,0,0,100,0,100,0,0,0,0,0,92,0,0,0,100,0,10,4,100,51,80
233,0,0,3,0,1,1,28,30,13,15,1,1,28,30,13,15,1,1,30,30,13,15,1,1,28,30,13,15,12,0,0,0,0,0,0,0,0,0,0,0,12,0,0,0,0,0,0,0,0,0,0,0,2,3,1,44,1
234,0,0,3,0,1,1,25,30,13,15,1,1,26,30,13,15,1,1,24,30,13,15,1,1,25,30,13,15,12,0,0,0,0,0,0,0,0,0,0,0,12,0,0,0,0,0,0,0,0,0,0,0,2,3,1,42,1
235,0,0,3,0,1,3,21,30,13,15,1,3,22,30,13,15,1,3,21,30,13,15,1,3,21,30,13,15,12,0,0,0,0,0,0,0,0,0,0,0,12,0,0,0,0,0,0,0,0,0,0,0,2,4,1,40,1
236,0,0,3,0,1,1,30,30,13,15,1,1,31,30,13,15,1,1,29,30,13,15,1,1,30,30,13,15,12,0,0,0,0,0,0,0,0,0,0,0,12,0,0,0,0,0,0,0,0,0,0,0,2,3,1,45,1
237,9,100,3,0,1,2,30,30,13,15,1,2,30,30,13,15,1,2,32,30,13,15,1,2,30,30,13,15,12,0,0,0,0,0,0,0,0,0,0,0,12,0,0,0,0,0,0,0,0,0,0,0,2,3,1,45,1
238,0,0,3,0,1,1,32,30,13,15,1,1,33,30,13,15,1,1,32,30,13,15,1,1,32,30,13,15,12,0,0,0,0,0,0,0,0,0,0,0,12,0,0,0,0,0,0,0,0,0,0,0,2,4,1,46,1
239,26,100,5,0,1,1,25,30,13,15,1,1,26,30,13,15,1,1,24,30,13,15,1,1,25,30,13,15,12,0,0,0,0,0,0,0,0,0,0,0,12,0,0,0,0,0,0,0,0,0,0,0,2,3,1,42,1
240,0,0,4,0,1,1,27,30,13,15,1,1,28,30,13,15,1,1,26,30,13,15,1,1,27,30,13,15,12,0,0,0,0,0,0,0,0,0,0,0,12,0,0,0,0,0,0,0,0,0,0,0,2,3,1,43,1
241,0,0,4,0,1,1,28,30,13,15,1,1,29,30,13,15,1,1,28,30,13,15,1,1,28,30,13,15,12,0,0,0,0,0,0,0,0,0,0,0,12,0,0,0,0,0,0,0,0,0,0,0,2,4,1,44,1
242,0,0,4,0,1,1,23,30,13,15,1,1,24,30,13,15,1,1,22,30,13,15,1,1,23,30,13,15,12,0,0,0,0,0,0,0,0,0,0,0,12,0,0,0,0,0,0,0,0,0,0,0,2,3,1,41,1
243,0,0,4,0,1,1,23,30,13,15,1,1,24,30,13,15,1,1,22,30,13,15,1,1,23,30,13,15,12,0,0,0,0,0,0,0,0,0,0,0,12,0,0,0,0,0,0,0,0,0,0,0,2,3,1,41,1
244,24,100,6,0,1,1,28,30,13,15,1,1,29,30,13,15,1,1,27,30,13,15,1,1,28,30,13,15,12,0,0,0,0,0,0,0,0,0,0,0,12,0,0,0,0,0,0,0,0,0,0,0,2,3,1,44,1
245,0,0,6,0,1,5,32,30,13,15,1,5,33,30,13,15,1,4,31,30,13,15,1,5,32,30,13,15,12,0,0,0,0,0,0,0,0,0,0,0,12,0,0,0,0,0,0,0,0,0,0,0,2,3,1,46,1
246,9,100,2,0,1,1,27,30,13,15,1,1,28,30,13,15,1,1,26,30,13,15,1,1,27,30,13,15,12,0,0,0,0,0,0,0,0,0,0,0,12,0,0,0,0,0,0,0,0,0,0,0,2,3,1,43,1
247,10,100,3,0,1,1,28,30,13,15,1,1,29,30,13,15,1,1,27,30,13,15,1,1,28,30,13,15,12,0,0,0,0,0,0,0,0,0,0,0,12,0,0,0,0,0,0,0,0,0,0,0,2,3,1,44,1
248,0,0,3,0,1,2,27,30,13,15,1,2,26,30,13,15,1,2,28,30,13,15,1,2,27,30,13,15,12,0,0,0,0,0,0,0,0,0,0,0,12,0,0,0,0,0,0,0,0,0,0,0,2,3,1,43,1
249,0,0,3,0,1,1,30,30,13,15,1,1,31,30,13,15,1,1,29,30,13,15,1,1,30,30,13,15,12,0,0,0,0,0,0,0,0,0,0,0,12,0,0,0,0,0,0,0,0,0,0,0,2,3,1,45,1
250,0,0,5,0,1,1,27,30,13,15,1,1,28,30,13,15,1,1,26,30,13,15,1,1,27,30,13,15,12,0,0,0,0,0,0,0,0,0,0,0,12,0,0,0,0,0,0,0,0,0,0,0,2,3,1,43,1
251,0,0,4,0,1,1,25,30,13,15,1,1,26,30,13,15,1,1,25,30,13,15,1,1,25,30,13,15,12,0,0,0,0,0,0,0,0,0,0,0,12,0,0,0,0,0,0,0,0,0,0,0,2,4,1,42,1
252,0,0,5,0,1,1,25,30,13,15,1,1,26,30,13,15,1,1,24,30,13,15,1,1,25,30,13,15,12,0,0,0,0,0,0,0,0,0,0,0,12,0,0,0,0,0,0,0,0,0,0,0,2,3,1,42,1
253,0,0,5,0,1,1,32,30,13,15,1,1,33,30,13,15,1,1,31,30,13,15,1,1,32,30,13,15,12,0,0,0,0,0,0,0,0,0,0,0,12,0,0,0,0,0,0,0,0,0,0,0,2,3,1,46,1
254,0,0,5,0,1,5,28,30,13,15,1,5,29,30,13,15,1,5,27,30,13,15,1,5,28,30,13,15,12,0,0,0,0,0,0,0,0,0,0,0,12,0,0,0,0,0,0,0,0,0,0,0,2,3,1,44,1
255,26,100,2,0,1,1,25,1,5,5,1,1,25,1,5,5,1,1,25,1,5,5,1,1,25,30,13,15,12,0,0,0,0,0,0,0,0,0,0,0,12,0,0,0,0,0,0,0,0,0,0,0,2,3,1,42,1
256,0,0,7,0,1,3,27,30,13,15,1,2,28,30,13,15,1,3,26,30,13,15,1,3,27,30,13,15,12,0,0,0,0,0,0,0,0,0,0,0,12,0,0,0,0,0,0,0,0,0,0,0,2,3,1,43,1
257,0,0,9,0,1,3,25,30,13,15,1,3,26,30,13,15,1,3,24,30,13,15,1,3,25,30,13,15,12,0,0,0,0,0,0,0,0,0,0,0,12,0,0,0,0,0,0,0,0,0,0,0,2,3,1,42,1
258,9,100,9,0,1,1,25,30,13,15,1,1,26,30,13,15,1,1,25,30,13,15,1,1,25,30,13,15,12,0,0,0,0,0,0,0,0,0,0,0,12,0,0,0,0,0,0,0,0,0,0,0,2,4,1,42,1
259,0,0,9,0,1,1,21,30,13,15,1,1,20,30,13,15,1,1,21,30,13,15,1,1,21,30,13,15,12,0,0,0,0,0,0,0,0,0,0,0,12,0,0,0,0,0,0,0,0,0,0,0,2,4,1,40,1
260,0,0,9,0,1,1,27,30,13,15,1,1,28,30,13,15,1,1,26,30,13,15,1,1,27,30,13,15,12,0,0,0,0,0,0,0,0,0,0,0,12,0,0,0,0,0,0,0,0,0,0,0,2,3,1,43,1
261,0,0,8,0,1,5,34,30,13,15,1,5,35,30,13,15,1,4,33,30,13,15,1,5,34,30,13,15,12,0,0,0,0,0,0,0,0,0,0,0,12,0,0,0,0,0,0,0,0,0,0,0,2,3,1,47,1
262,0,0,9,0,1,3,32,30,13,15,1,3,33,30,13,15,1,3,31,30,13,15,1,3,32,30,13,15,12,0,0,0,0,0,0,0,0,0,0,0,12,0,0,0,0,0,0,0,0,0,0,0,2,3,1,46,1
263,0,0,8,0,1,1,27,30,13,15,1,1,28,30,13,15,1,1,26,30,13,15,1,1,27,30,13,15,12,0,0,0,0,0,0,0,0,0,0,0,12,0,0,0,0,0,0,0,0,0,0,0,2,3,1,43,1
264,0,0,8,0,1,1,30,30,13,15,1,1,30,30,13,15,1,1,31,30,13,15,1,1,30,30,13,15,12,0,0,0,0,0,0,0,0,0,0,0,12,0,0,0,0,0,0,0,0,0,0,0,2,4,1,45,1
265,0,0,8,0,1,1,30,30,13,15,1,1,31,30,13,15,1,1,30,30,13,15,1,1,30,30,13,15,12,0,0,0,0,0,0,0,0,0,0,0,12,0,0,0,0,0,0,0,0,0,0,0,2,4,1,45,1
266,0,0,8,0,1,1,32,30,13,15,1,1,33,30,13,15,1,1,31,30,13,15,1,1,32,30,13,15,12,0,0,0,0,0,0,0,0,0,0,0,12,0,0,0,0,0,0,0,0,0,0,0,2,3,1,46,1
267,0,0,8,0,1,1,23,30,13,15,1,1,22,30,13,15,1,1,23,30,13,15,1,1,23,30,13,15,12,0,0,0,0,0,0,0,0,0,0,0,12,0,0,0,0,0,0,0,0,0,0,0,2,4,1,41,1
268,24,100,8,0,1,1,30,30,13,15,1,1,31,30,13,15,1,1,30,30,13,15,1,1,30,30,13,15,12,0,0,0,0,0,0,0,0,0,0,0,12,0,0,0,0,0,0,0,0,0,0,0,2,4,1,45,1
269,0,0,7,0,1,1,30,30,13,15,1,1,31,30,13,15,1,1,29,30,13,15,1,1,30,30,13,15,12,0,0,0,0,0,0,0,0,0,0,0,12,0,0,0,0,0,0,0,0,0,0,0,2,3,1,45,1
270,26,100,7,0,1,1,34,30,13,15,1,1,35,30,13,15,1,1,34,30,13,15,1,1,34,30,13,15,12,0,0,0,0,0,0,0,0,0,0,0,12,0,0,0,0,0,0,0,0,0,0,0,2,4,1,47,1
271,0,0,7,0,1,1,21,30,13,15,1,1,22,30,13,15,1,1,20,30,13,15,1,1,21,30,13,15,12,0,0,0,0,0,0,0,0,0,0,0,12,0,0,0,0,0,0,0,0,0,0,0,2,3,1,40,1
272,0,0,7,0,1,1,30,30,13,15,1,1,31,30,13,15,1,1,29,30,13,15,1,1,30,30,13,15,12,0,0,0,0,0,0,0,0,0,0,0,12,0,0,0,0,0,0,0,0,0,0,0,2,3,1,45,1
273,2,100,2,12,3,4,16,29,22,35,3,4,16,29,22,35,3,4,16,29,22,35,3,4,16,2,6,3,12,0,0,0,0,0,0,0,0,0,0,0,12,0,0,0,0,0,0,0,0,0,0,0,2,3,1,37,1
274,0,0,2,0,1,3,30,30,13,15,1,3,31,30,13,15,1,3,30,30,13,15,1,3,30,30,13,15,12,0,0,0,0,0,0,0,0,0,0,0,12,0,0,0,0,0,0,0,0,0,0,0,2,4,1,45,1
275,3,100,2,0,1,3,32,30,13,15,1,3,32,30,13,15,1,3,33,30,13,15,1,3,32,30,13,15,12,0,0,0,0,0,0,0,0,0,0,0,12,0,0,0,0,0,0,0,0,0,0,0,2,4,1,46,1
276,0,0,2,0,1,2,23,30,13,15,1,2,24,30,13,15,1,2,22,30,13,15,1,2,23,30,13,15,12,0,0,0,0,0,0,0,0,0,0,0,12,0,0,0,0,0,0,0,0,0,0,0,2,3,1,41,1
277,17,101,2,0,1,1,34,30,21,15,1,1,34,30,21,15,1,1,34,30,21,15,1,1,34,30,21,15,12,0,0,0,0,0,0,0,0,0,0,0,12,0,0,0,0,0,0,0,0,0,0,0,2,3,1,47,1
278,17,101,2,0,1,1,25,30,21,15,1,1,25,30,21,15,1,1,25,30,21,15,1,1,25,30,21,15,12,0,0,0,0,0,0,0,0,0,0,0,12,0,0,0,0,0,0,0,0,0,0,0,2,3,1,42,1
279,17,101,3,0,1,1,34,30,21,15,1,1,34,30,21,15,1,1,34,30,21,15,1,1,34,30,21,15,12,0,0,0,0,0,0,0,0,0,0,0,12,0,0,0,0,0,0,0,0,0,0,0,2,3,1,47,1
280,18,101,4,0,1,1,32,30,21,15,1,1,32,30,21,15,1,1,32,30,21,15,1,1,32,30,21,15,12,0,0,0,0,0,0,0,0,0,0,0,12,0,0,0,0,0,0,0,0,0,0,0,2,2,1,46,1
281,0,0,7,0,1,1,21,30,21,15,1,1,21,30,21,15,1,1,21,30,21,15,1,1,21,30,21,15,12,0,0,0,0,0,0,0,0,0,0,0,12,0,0,0,0,0,0,0,0,0,0,0,2,4,1,40,1
282,0,0,3,0,1,1,34,30,21,15,1,1,34,30,21,15,1,1,34,30,21,15,1,1,34,30,21,15,12,0,0,0,0,0,0,0,0,0,0,0,12,0,0,0,0,0,0,0,0,0,0,0,2,4,1,47,1
283,17,101,7,0,1,1,34,30,21,15,1,1,34,30,21,15,1,1,34,30,21,15,1,1,34,30,21,15,12,0,0,0,0,0,0,0,0,0,0,0,12,0,0,0,0,0,0,0,0,0,0,0,2,4,1,47,1
284,19,101,2,0,1,1,25,30,21,15,1,1,25,30,21,15,1,1,25,30,21,15,1,1,25,30,21,15,12,0,0,0,0,0,0,0,0,0,0,0,12,0,0,0,0,0,0,0,0,0,0,0,2,3,1,42,1
285,17,101,9,0,1,1,23,30,21,15,1,1,23,30,21,15,1,1,23,30,21,15,1,1,23,30,21,15,12,0,0,0,0,0,0,0,0,0,0,0,12,0,0,0,0,0,0,0,0,0,0,0,2,2,1,41,1
286,0,0,8,0,1,1,32,30,21,15,1,1,32,30,21,15,1,1,32,30,21,15,1,1,32,30,21,15,12,0,0,0,0,0,0,0,0,0,0,0,12,0,0,0,0,0,0,0,0,0,0,0,2,3,1,46,1
287,0,0,5,0,1,1,23,30,21,15,1,1,23,30,21,15,1,1,23,30,21,15,1,1,23,30,21,15,12,0,0,0,0,0,0,0,0,0,0,0,12,0,0,0,0,0,0,0,0,0,0,0,2,3,1,41,1
288,0,0,4,0,1,1,32,30,21,15,1,1,32,30,21,15,1,1,32,30,21,15,1,1,32,30,21,15,12,0,0,0,0,0,0,0,0,0,0,0,12,0,0,0,0,0,0,0,0,0,0,0,2,3,1,46,1
289,17,101,4,0,1,1,36,30,21,15,1,1,36,30,21,15,1,1,36,30,21,15,1,1,36,30,21,15,12,0,0,0,0,0,0,0,0,0,0,0,12,0,0,0,0,0,0,0,0,0,0,0,2,3,1,48,1
290,18,101,2,0,1,1,28,30,13,15,1,1,28,30,13,15,1,1,28,30,13,15,1,1,28,30,21,15,12,0,0,0,0,0,0,0,0,0,0,0,12,0,0,0,0,0,0,0,0,0,0,0,2,3,1,44,1
291,19,101,5,0,1,1,36,30,21,15,1,1,36,30,21,15,1,1,36,30,21,15,1,1,36,30,21,15,12,0,0,0,0,0,0,0,0,0,0,0,12,0,0,0,0,0,0,0,0,0,0,0,2,4,1,48,1
292,19,101,7,0,1,1,34,30,21,15,1,1,34,30,21,15,1,1,34,30,21,15,1,1,34,30,21,15,12,0,0,0,0,0,0,0,0,0,0,0,12,0,0,0,0,0,0,0,0,0,0,0,2,3,1,47,1
293,0,0,8,0,1,1,32,30,21,15,1,1,32,30,21,15,1,1,32,30,21,15,1,1,32,30,21,15,12,0,0,0,0,0,0,0,0,0,0,0,12,0,0,0,0,0,0,0,0,0,0,0,2,3,1,46,1
294,0,0,7,0,1,1,21,30,21,15,1,1,21,30,21,15,1,1,21,30,21,15,1,1,21,30,21,15,12,0,0,0,0,0,0,0,0,0,0,0,12,0,0,0,0,0,0,0,0,0,0,0,2,3,1,40,1
295,19,101,9,0,1,1,23,30,21,15,1,1,23,30,21,15,1,1,23,30,21,15,1,1,23,30,21,15,12,0,0,0,0,0,0,0,0,0,0,0,12,0,0,0,0,0,0,0,0,0,0,0,2,3,1,41,1
296,19,101,1,11,45,80,98,1,5,5,46,80,98,1,5,5,43,80,98,1,5,5,45,80,98,2,5,2,56,0,0,0,0,0,0,72,0,0,0,72,56,0,0,0,0,0,0,72,0,0,0,72,4,3,100,58,70
297,19,101,1,11,31,100,72,1,5,5,31,100,71,1,5,5,31,101,73,1,5,5,31,100,72,2,8,3,40,0,0,68,0,0,65,0,0,0,0,0,40,0,0,68,0,0,65,0,0,0,0,0,2,3,100,49,70
298,19,101,1,12,99,100,98,1,5,5,98,100,98,1,5,5,99,100,98,1,5,5,99,100,98,1,4,4,0,0,0,0,0,0,93,0,0,92,120,0,0,0,0,0,0,0,93,0,0,92,120,0,10,4,80,55,80
299,0,0,1,12,65,80,65,1,5,5,67,80,64,1,5,5,63,81,66,1,5,5,65,80,65,2,11,5,50,0,0,0,0,100,71,0,0,0,0,0,50,0,0,0,0,100,71,0,0,0,0,0,3,3,20,48,80
300,0,0,1,11,44,80,79,1,5,5,43,80,79,1,5,5,45,80,79,1,5,5,44,80,79,1,5,5,28,0,0,0,0,30,0,0,80,0,0,0,28,0,0,0,0,30,0,0,80,0,0,0,2,4,40,53,60
301,0,0,1,13,100,50,117,1,5,5,103,50,118,1,5,5,96,50,117,1,5,5,100,50,117,1,8,5,108,86,0,0,0,0,0,0,0,103,0,0,108,86,0,0,0,0,0,0,0,103,0,0,10,4,20,60,80
302,19,101,1,12,99,100,98,1,5,5,98,100,98,1,5,5,100,100,98,1,5,5,99,100,98,1,8,2,0,0,0,0,0,0,93,0,0,92,120,0,0,0,0,0,0,0,93,0,0,92,120,0,10,4,80,55,80
303,0,0,1,12,69,80,80,1,5,5,69,80,80,1,5,5,70,80,80,1,5,5,69,80,80,2,7,3,50,0,102,0,0,0,0,0,0,0,0,86,50,0,102,0,0,0,0,0,0,0,0,86,3,4,20,56,80
304,0,0,1,12,108,65,90,1,5,5,113,70,90,1,5,5,91,50,90,1,5,5,108,65,90,1,10,3,120,106,0,0,0,0,96,0,0,0,0,0,120,106,0,0,0,0,96,0,0,0,0,0,12,3,20,45,80
305,0,0,1,12,108,65,90,1,5,5,102,70,90,1,5,5,127,50,90,1,5,5,108,70,90,1,10,3,120,106,0,0,0,0,96,0,0,0,0,0,120,106,0,0,0,0,96,0,0,0,0,0,12,3,20,45,80
306,0,0,4,0,1,1,30,30,13,15,1,1,30,30,13,15,1,1,30,30,13,15,1,1,30,30,13,15,12,0,0,0,0,0,0,0,0,0,0,0,12,0,0,0,0,0,0,0,0,0,0,0,2,3,1,45,1
307,0,0,1,11,87,92,101,1,5,5,92,92,101,1,5,5,81,92,100,1,5,5,87,92,101,0,5,5,120,92,0,0,0,80,0,0,0,0,0,0,120,92,0,0,0,80,0,0,0,0,0,0,12,3,114,54,70
308,0,0,9,0,1,1,34,30,13,15,1,1,34,30,13,15,1,1,34,30,13,15,1,1,34,30,13,15,12,0,0,0,0,0,0,0,0,0,0,0,12,0,0,0,0,0,0,0,0,0,0,0,2,3,1,47,1
309,17,101,1,12,95,82,82,1,5,5,108,100,100,1,5,5,79,60,60,1,5,5,95,82,82,1,7,5,88,93,0,0,0,110,0,0,0,0,0,0,88,93,0,0,0,110,0,0,0,0,0,0,10,1,100,51,80
310,10,100,7,0,1,1,23,30,13,15,1,1,23,30,13,15,1,1,23,30,13,15,1,1,23,30,13,15,12,0,0,0,0,0,0,0,0,0,0,0,12,0,0,0,0,0,0,0,0,0,0,0,2,4,1,41,1
311,1,100,1,12,125,126,115,1,5,5,139,131,114,1,5,5,109,121,115,1,5,5,125,126,115,0,7,3,108,142,126,0,0,0,0,0,0,0,0,0,108,142,126,0,0,0,0,0,0,0,0,0,10,2,40,59,90
312,18,101,7,0,1,1,28,30,13,15,1,1,28,30,13,15,1,1,28,30,13,15,1,1,28,30,21,15,12,0,0,0,0,0,0,0,0,0,0,0,12,0,0,0,0,0,0,0,0,0,0,0,2,3,1,44,1
313,0,0,2,0,1,1,27,30,13,15,1,1,27,30,13,15,1,1,27,30,13,15,1,1,27,30,13,15,12,0,0,0,0,0,0,0,0,0,0,0,12,0,0,0,0,0,0,0,0,0,0,0,2,4,1,43,1
314,0,0,3,0,1,1,25,30,13,15,1,1,25,30,13,15,1,1,25,30,13,15,1,1,25,30,13,15,12,0,0,0,0,0,0,0,0,0,0,0,12,0,0,0,0,0,0,0,0,0,0,0,2,3,1,42,1
315,9,100,1,12,111,136,114,1,5,5,119,136,115,1,5,5,102,136,114,1,5,5,111,136,114,1,5,3,104,86,0,0,0,0,0,0,0,0,0,130,104,86,0,0,0,0,0,0,0,0,0,130,9,4,100,55,84
316,27,100,7,0,1,8,34,30,13,15,1,8,34,30,13,15,1,8,34,30,13,15,1,8,34,30,13,15,12,0,0,0,0,0,0,0,0,0,0,0,12,0,0,0,0,0,0,0,0,0,0,0,2,4,1,47,1
317,0,0,5,0,1,2,27,30,13,15,1,2,27,30,13,15,1,2,27,30,13,15,1,2,27,30,13,15,12,0,0,0,0,0,0,0,0,0,0,0,12,0,0,0,0,0,0,0,0,0,0,0,2,3,1,43,1
318,0,0,4,0,1,21,27,30,13,15,1,21,27,30,13,15,1,20,27,30,13,15,1,21,27,30,13,15,12,0,0,0,0,0,0,0,0,0,0,0,12,0,0,0,0,0,0,0,0,0,0,0,2,3,1,43,1
319,0,0,1,12,97,110,95,1,5,5,98,110,95,1,5,5,93,110,95,1,5,5,97,110,95,0,8,4,0,0,88,0,0,120,0,0,0,87,0,0,0,0,88,0,0,120,0,0,0,87,0,0,8,3,100,59,80
320,0,0,1,12,93,100,81,1,5,5,92,99,81,1,5,5,98,100,82,1,5,5,93,100,81,1,7,3,88,0,0,0,0,0,80,0,0,0,110,0,88,0,0,0,0,0,80,0,0,0,110,0,10,3,100,51,80
321,27,100,3,0,1,1,30,30,13,15,1,1,30,30,13,15,1,1,30,30,13,15,1,1,30,30,13,15,12,0,0,0,0,0,0,0,0,0,0,0,12,0,0,0,0,0,0,0,0,0,0,0,2,4,1,45,1
322,16,101,1,12,72,100,103,1,5,5,70,100,103,1,5,5,78,100,104,1,5,5,72,100,103,0,9,5,76,0,0,0,0,0,83,0,0,77,0,0,76,10,0,0,34,39,83,0,0,77,0,0,6,3,60,55,90
323,19,101,7,0,1,1,28,30,13,15,1,1,28,30,13,15,1,1,28,30,13,15,1,1,28,30,13,15,12,0,0,0,0,0,0,0,0,0,0,0,12,0,0,0,0,0,0,0,0,0,0,0,2,3,1,44,1
324,1,100,9,0,1,1,30,30,13,15,1,1,30,30,13,15,1,1,30,30,13,15,1,1,30,30,13,15,12,0,0,0,0,0,0,0,0,0,0,0,12,0,0,0,0,0,0,0,0,0,0,0,2,3,1,45,1
325,0,0,1,12,104,106,108,1,5,5,101,100,102,1,5,5,113,124,126,1,5,5,104,106,108,0,7,5,102,0,100,116,0,0,0,0,0,0,0,0,102,0,100,116,0,0,0,0,0,0,0,0,10,1,30,59,90
326,9,100,1,13,107,120,91,1,5,5,106,120,91,1,5,5,107,120,91,1,5,5,107,120,91,2,6,9,120,0,0,0,0,80,0,0,0,102,0,0,120,0,0,0,0,80,0,0,0,102,0,0,12,3,28,51,80
327,27,100,1,11,109,100,95,1,5,5,99,100,95,1,5,5,138,100,95,1,5,5,109,100,95,1,13,3,80,108,134,0,0,0,98,0,0,0,0,0,80,108,134,0,0,0,98,0,0,0,0,0,8,1,100,59,80
328,3,100,1,11,80,102,104,1,5,5,91,120,108,1,5,5,66,80,99,1,5,5,80,102,104,2,7,4,103,87,0,0,0,0,0,0,0,0,80,0,103,87,0,0,0,0,0,0,0,0,80,0,10,1,100,51,80
329,27,100,1,11,94,134,125,1,5,5,95,136,125,1,5,5,91,128,125,1,5,5,94,134,125,1,9,3,112,0,109,0,0,0,0,0,0,113,0,0,112,0,109,0,0,0,0,0,0,113,0,0,12,4,100,59,80
330,18,101,4,0,1,1,32,30,13,15,1,1,32,30,13,15,1,1,32,30,13,15,1,1,32,30,13,15,12,0,0,0,0,0,0,0,0,0,0,0,12,0,0,0,0,0,0,0,0,0,0,0,2,3,1,46,1
331,9,100,1,12,179,140,123,1,5,5,183,142,130,1,5,5,168,136,105,1,5,5,179,140,123,0,12,5,0,0,100,0,0,180,0,0,0,0,180,0,0,0,100,0,0,180,0,0,0,0,180,0,10,4,40,59,90
332,27,100,1,11,94,100,96,1,5,5,92,100,97,1,5,5,97,100,95,1,5,5,94,100,96,2,15,5,0,0,88,0,0,138,0,0,0,87,0,0,0,0,88,0,0,138,0,0,0,87,0,0,8,3,100,59,80
333,27,100,1,12,113,128,119,1,5,5,115,123,115,1,5,5,104,142,132,1,5,5,113,128,119,0,8,2,0,0,0,108,0,0,0,0,0,104,136,0,0,0,0,108,0,0,0,0,0,104,136,0,10,4,40,59,90
334,3,100,1,12,111,110,107,1,5,5,108,110,105,1,5,5,114,110,109,1,5,5,111,110,107,1,15,5,123,0,112,0,0,112,0,0,0,0,0,0,123,0,112,0,0,112,0,0,0,0,0,0,12,4,102,55,80
335,25,100,1,11,177,145,105,1,5,5,171,146,106,1,5,5,192,142,103,1,5,5,177,145,105,2,13,4,164,110,0,0,0,0,126,125,0,148,0,0,164,110,0,0,0,0,126,125,0,148,0,0,18,3,124,51,80
336,2,100,1,12,154,157,134,1,5,5,148,160,136,1,5,5,175,148,127,1,5,5,154,157,134,0,12,5,137,0,149,0,0,0,0,0,0,0,172,0,137,0,149,0,0,0,0,0,0,0,172,0,13,1,40,59,110
337,2,100,1,11,149,160,118,1,5,5,153,160,118,1,5,5,145,160,118,1,5,5,149,160,118,1,8,3,120,0,0,0,0,0,110,0,0,0,160,164,120,0,0,0,0,0,110,0,0,0,160,164,10,4,120,55,80
338,19,101,2,0,1,1,64,1,5,5,1,1,64,1,5,5,1,1,64,1,5,5,1,1,64,30,21,15,12,0,0,0,0,0,0,0,0,0,0,0,12,0,0,0,0,0,0,0,0,0,0,0,2,3,1,64,1
339,0,0,9,0,1,1,64,1,5,5,1,1,64,1,5,5,1,1,64,1,5,5,1,1,64,30,21,15,12,0,0,0,0,0,0,0,0,0,0,0,12,0,0,0,0,0,0,0,0,0,0,0,2,3,1,64,1
340,17,101,4,0,1,1,34,1,5,5,1,1,34,1,5,5,1,1,34,1,5,5,1,1,34,30,21,15,12,0,0,0,0,0,0,0,0,0,0,0,12,0,0,0,0,0,0,0,0,0,0,0,2,3,1,47,1
341,19,101,4,0,1,1,64,1,5,5,1,1,64,1,5,5,1,1,64,1,5,5,1,1,64,30,21,15,12,0,0,0,0,0,0,0,0,0,0,0,12,0,0,0,0,0,0,0,0,0,0,0,2,3,1,64,1
342,0,0,4,0,1,1,64,1,5,5,1,1,64,1,5,5,1,1,64,1,5,5,1,1,64,30,21,15,12,0,0,0,0,0,0,0,0,0,0,0,12,0,0,0,0,0,0,0,0,0,0,0,2,4,1,64,1
343,0,0,3,0,1,1,64,1,5,5,1,1,64,1,5,5,1,1,64,1,5,5,1,1,64,30,21,15,12,0,0,0,0,0,0,0,0,0,0,0,12,0,0,0,0,0,0,0,0,0,0,0,2,3,1,64,1
344,27,100,6,0,1,1,64,1,5,5,1,1,64,1,5,5,1,1,64,1,5,5,1,1,64,30,21,15,12,0,0,0,0,0,0,0,0,0,0,0,12,0,0,0,0,0,0,0,0,0,0,0,2,3,1,64,1
345,0,0,4,0,1,1,64,1,5,5,1,1,64,1,5,5,1,1,64,1,5,5,1,1,64,30,21,15,12,0,0,0,0,0,0,0,0,0,0,0,12,0,0,0,0,0,0,0,0,0,0,0,2,3,1,64,1
346,3,100,5,0,1,1,64,1,5,5,1,1,64,1,5,5,1,1,64,1,5,5,1,1,64,30,21,15,12,0,0,0,0,0,0,0,0,0,0,0,12,0,0,0,0,0,0,0,0,0,0,0,2,3,1,64,1
347,0,0,7,0,1,1,64,1,5,5,1,1,64,1,5,5,1,1,64,1,5,5,1,1,64,30,21,15,12,0,0,0,0,0,0,0,0,0,0,0,12,0,0,0,0,0,0,0,0,0,0,0,2,2,1,64,1
348,19,101,7,0,1,1,64,1,5,5,1,1,64,1,5,5,1,1,64,1,5,5,1,1,64,30,21,15,12,0,0,0,0,0,0,0,0,0,0,0,12,0,0,0,0,0,0,0,0,0,0,0,2,3,1,64,1
349,10,100,5,0,1,1,64,1,5,5,1,1,64,1,5,5,1,1,64,1,5,5,1,1,64,30,21,15,12,0,0,0,0,0,0,0,0,0,0,0,12,0,0,0,0,0,0,0,0,0,0,0,2,4,1,64,1
350,19,101,7,0,1,1,64,1,5,5,1,1,64,1,5,5,1,1,64,1,5,5,1,1,64,30,21,15,12,0,0,0,0,0,0,0,0,0,0,0,12,0,0,0,0,0,0,0,0,0,0,0,2,3,1,64,1
351,0,0,3,0,1,1,23,30,21,15,1,1,23,30,21,15,1,1,23,30,21,15,1,1,23,30,21,15,12,0,0,0,0,0,0,0,0,0,0,0,12,0,0,0,0,0,0,0,0,0,0,0,2,3,1,41,1
352,0,0,3,0,1,1,27,30,21,15,1,1,27,30,21,15,1,1,27,30,21,15,1,1,27,30,21,15,12,0,0,0,0,0,0,0,0,0,0,0,12,0,0,0,0,0,0,0,0,0,0,0,2,3,1,43,1
353,27,100,7,0,1,1,32,30,21,15,1,1,32,30,21,15,1,1,32,30,21,15,1,1,32,30,21,15,12,0,0,0,0,0,0,0,0,0,0,0,12,0,0,0,0,0,0,0,0,0,0,0,2,3,1,46,1
354,27,100,4,0,1,1,28,30,21,15,1,1,28,30,21,15,1,1,28,30,21,15,1,1,28,30,21,15,12,0,0,0,0,0,0,0,0,0,0,0,12,0,0,0,0,0,0,0,0,0,0,0,2,3,1,44,1
355,26,100,6,0,1,1,30,30,21,15,1,1,30,30,21,15,1,1,30,30,21,15,1,1,30,30,21,15,12,0,0,0,0,0,0,0,0,0,0,0,12,0,0,0,0,0,0,0,0,0,0,0,2,3,1,45,1
356,0,0,2,0,1,1,32,30,21,15,1,1,32,30,21,15,1,1,32,30,21,15,1,1,32,30,21,15,12,0,0,0,0,0,0,0,0,0,0,0,12,0,0,0,0,0,0,0,0,0,0,0,2,3,1,46,1
357,0,0,4,0,1,1,32,30,21,15,1,1,32,30,21,15,1,1,32,30,21,15,1,1,32,30,21,15,12,0,0,0,0,0,0,0,0,0,0,0,12,0,0,0,0,0,0,0,0,0,0,0,2,3,1,46,1
358,26,100,1,12,102,118,98,1,5,5,105,120,98,1,5,5,98,116,98,1,5,5,102,118,98,1,11,5,86,90,0,0,0,0,0,0,0,88,120,0,86,90,0,0,0,0,0,0,0,88,120,0,9,3,100,55,80
359,0,0,1,11,97,100,96,1,5,5,95,100,95,1,5,5,100,100,97,1,5,5,97,100,96,1,14,3,0,0,96,0,0,0,0,0,0,91,138,0,0,0,96,0,0,0,0,0,0,91,138,0,8,3,100,59,80
360,24,100,1,11,161,151,121,1,5,5,164,154,123,1,5,5,154,140,116,1,5,5,161,151,121,1,12,5,0,0,0,134,0,180,0,0,0,0,150,150,0,0,0,134,0,180,0,0,0,0,150,150,11,4,146,55,80
361,9,100,1,12,109,120,98,1,5,5,112,120,98,1,5,5,105,120,97,1,5,5,109,120,98,1,12,5,92,0,0,0,0,0,93,0,0,0,140,0,92,0,0,0,0,0,93,0,0,0,140,0,10,3,80,55,80
362,0,0,3,0,1,1,32,30,21,15,1,1,32,30,21,15,1,1,32,30,21,15,1,1,32,30,21,15,12,0,0,0,0,0,0,0,0,0,0,0,12,0,0,0,0,0,0,0,0,0,0,0,2,3,1,46,1
363,1,100,1,12,104,100,81,1,5,5,103,100,81,1,5,5,105,100,81,1,5,5,104,100,81,1,7,5,88,0,0,0,0,0,0,0,0,80,132,0,88,0,0,0,0,0,0,0,0,80,132,0,10,3,100,51,80
364,1,100,4,0,1,1,34,1,1,1,1,1,34,1,1,1,1,1,34,1,1,1,1,1,34,1,12,4,0,0,0,0,0,0,0,0,0,0,0,0,0,0,0,0,0,0,0,0,0,0,0,0,7,4,1,47,1
365,9,100,7,0,1,1,28,30,13,15,1,1,28,30,13,15,1,1,28,30,13,15,1,1,28,30,13,15,12,0,0,0,0,0,0,0,0,0,0,0,12,0,0,0,0,0,0,0,0,0,0,0,2,4,1,44,1
366,27,100,8,0,1,1,28,30,13,15,1,1,28,30,13,15,1,1,28,30,13,15,1,1,28,18,13,9,12,0,0,0,0,0,0,0,0,0,0,0,12,0,0,0,0,0,0,0,0,0,0,0,2,3,1,44,1
367,0,0,1,12,75,94,101,1,5,5,73,100,103,1,5,5,78,86,98,1,5,5,75,94,101,1,12,5,46,0,0,52,0,0,0,0,110,0,0,0,46,0,0,52,0,0,0,7,110,0,0,0,2,4,80,55,60
368,10,100,1,11,154,153,125,1,5,5,151,154,125,1,5,5,157,152,125,1,5,5,154,153,125,2,10,4,0,0,140,84,0,0,116,0,0,0,180,84,0,0,140,84,0,0,116,0,0,0,180,84,10,4,132,55,80
369,0,0,1,12,84,90,98,1,5,5,82,90,98,1,5,5,86,90,98,1,5,5,84,90,98,2,12,5,95,0,82,0,0,82,0,0,0,0,0,0,95,0,82,0,0,82,0,0,0,0,0,0,9,4,110,55,90
370,26,100,1,12,92,80,71,1,5,5,91,80,71,1,5,5,93,80,71,1,5,5,92,80,71,0,7,5,108,0,84,0,0,80,0,0,0,0,0,0,108,0,84,0,0,80,0,0,0,0,0,0,10,3,120,51,80
371,10,100,1,12,101,108,108,1,5,5,110,108,108,1,5,5,89,108,109,1,5,5,101,108,108,1,5,1,93,118,0,0,0,0,0,0,0,0,0,84,93,118,0,0,0,0,0,0,0,0,0,84,10,3,40,55,80
372,19,101,2,0,1,1,48,1,5,5,1,1,48,1,5,5,1,1,48,1,5,5,1,1,48,30,21,15,12,0,0,0,0,0,0,0,0,0,0,0,12,0,0,0,0,0,0,0,0,0,0,0,2,3,1,55,1
373,18,101,7,0,1,1,48,1,5,5,1,1,48,1,5,5,1,1,48,1,5,5,1,1,48,30,21,15,12,0,0,0,0,0,0,0,0,0,0,0,12,0,0,0,0,0,0,0,0,0,0,0,2,4,1,55,1
374,16,101,1,12,98,88,96,1,5,5,107,88,96,1,5,5,86,88,96,1,5,5,98,88,96,30,21,15,112,92,0,0,0,0,98,0,0,0,0,0,112,92,0,0,0,0,98,0,0,0,0,0,12,3,1,51,1
375,11,100,5,0,1,1,48,1,5,5,1,1,48,1,5,5,1,1,48,1,5,5,1,1,48,30,21,15,12,0,0,0,0,0,0,0,0,0,0,0,12,0,0,0,0,0,0,0,0,0,0,0,2,3,1,55,1
376,18,101,5,0,1,1,48,1,5,5,1,1,48,1,5,5,1,1,48,1,5,5,1,1,48,30,21,15,12,0,0,0,0,0,0,0,0,0,0,0,12,0,0,0,0,0,0,0,0,0,0,0,2,3,1,55,1
377,9,100,4,0,1,1,48,1,5,5,1,1,48,1,5,5,1,1,48,1,5,5,1,1,48,30,21,15,12,0,0,0,0,0,0,0,0,0,0,0,12,0,0,0,0,0,0,0,0,0,0,0,2,3,1,55,1
378,26,100,7,0,1,1,48,1,5,5,1,1,48,1,5,5,1,1,48,1,5,5,1,1,48,30,21,15,12,0,0,0,0,0,0,0,0,0,0,0,12,0,0,0,0,0,0,0,0,0,0,0,2,3,1,55,1
379,24,100,7,0,1,1,30,30,21,15,1,1,30,30,21,15,1,1,30,30,21,15,1,1,30,30,21,15,12,0,0,0,0,0,0,0,0,0,0,0,12,0,0,0,0,0,0,0,0,0,0,0,2,3,1,45,1
380,0,0,2,0,1,1,23,30,13,15,1,1,23,30,13,15,1,1,23,30,13,15,1,1,23,30,13,15,12,0,0,0,0,0,0,0,0,0,0,0,12,0,0,0,0,0,0,0,0,0,0,0,2,3,1,41,1
381,0,0,3,0,1,1,48,1,1,5,1,1,48,1,1,5,1,1,48,1,1,5,1,1,48,1,12,5,0,0,0,0,0,0,0,0,0,0,0,0,0,0,0,0,0,0,0,0,0,0,0,0,8,3,1,55,1
382,0,0,3,0,1,1,25,30,21,15,1,1,25,30,21,15,1,1,25,30,21,15,1,1,25,30,21,15,12,0,0,0,0,0,0,0,0,0,0,0,12,0,0,0,0,0,0,0,0,0,0,0,2,3,1,42,1
383,0,0,5,0,1,1,32,30,21,15,1,1,32,30,21,15,1,1,32,30,21,15,1,1,32,30,21,15,12,0,0,0,0,0,0,0,0,0,0,0,12,0,0,0,0,0,0,0,0,0,0,0,2,3,1,46,1
384,0,0,7,0,1,1,30,30,21,15,1,1,30,30,21,15,1,1,30,30,21,15,1,1,30,30,21,15,12,0,0,0,0,0,0,0,0,0,0,0,12,0,0,0,0,0,0,0,0,0,0,0,2,3,1,45,1
385,17,101,2,0,1,1,21,30,21,15,1,1,21,30,21,15,1,1,21,30,21,15,1,1,21,30,21,15,12,0,0,0,0,0,0,0,0,0,0,0,12,0,0,0,0,0,0,0,0,0,0,0,2,4,1,40,1
386,0,0,1,11,88,100,98,1,5,5,89,100,98,1,5,5,88,100,98,1,5,5,88,100,98,1,4,4,0,0,0,0,0,0,93,0,0,92,120,0,0,0,100,0,0,0,93,0,0,92,120,0,10,4,80,55,80
387,19,101,1,12,99,100,98,1,5,5,107,100,99,1,5,5,90,100,98,1,5,5,99,100,98,1,4,4,0,0,0,0,0,0,93,0,0,92,120,0,0,0,0,0,0,0,93,0,0,92,120,0,10,2,80,55,80
388,19,101,1,12,99,100,98,1,5,5,100,100,98,1,5,5,99,100,98,1,5,5,99,100,98,1,4,4,0,0,0,0,0,0,93,0,0,92,120,0,0,0,100,0,0,0,93,0,0,92,120,0,10,4,80,55,80
389,19,101,1,12,99,100,98,1,5,5,100,100,98,1,5,5,99,100,98,1,5,5,99,100,98,1,4,4,0,0,0,0,0,0,93,0,0,92,120,0,0,0,0,0,0,0,93,0,0,92,120,0,10,4,80,55,80
390,19,101,4,0,1,1,32,30,13,15,1,1,32,30,13,15,1,1,32,30,13,15,1,1,32,30,13,15,12,0,0,0,0,0,0,0,0,0,0,0,12,0,0,0,0,0,0,0,0,0,0,0,2,2,1,46,1
391,18,101,4,0,1,1,28,1,5,5,1,1,28,1,5,5,1,1,28,1,5,5,1,1,28,30,21,15,12,0,0,0,0,0,0,0,0,0,0,0,12,0,0,0,0,0,0,0,0,0,0,0,2,3,1,44,1
392,25,100,9,0,1,1,28,30,13,15,1,1,28,30,13,15,1,1,28,30,13,15,1,1,28,30,21,15,12,0,0,0,0,0,0,0,0,0,0,0,12,0,0,0,0,0,0,0,0,0,0,0,2,3,1,44,1
393,28,101,1,12,92,108,106,1,5,5,91,106,103,1,5,5,93,110,109,1,5,5,92,108,106,0,5,5,108,0,84,0,0,80,0,0,0,0,0,0,108,0,84,0,0,80,0,0,0,0,0,0,10,3,42,55,80
394,3,100,1,11,77,131,101,1,5,5,84,156,107,1,5,5,69,100,95,1,5,5,77,131,101,0,9,5,94,90,0,0,0,0,0,0,0,0,0,82,94,90,0,0,0,0,0,0,0,0,0,82,9,3,100,55,80
395,3,100,1,12,88,92,83,1,5,5,87,92,83,1,5,5,92,92,83,1,5,5,88,92,83,0,6,4,104,0,0,0,0,0,0,0,0,0,80,84,104,0,0,0,0,0,0,0,0,0,80,84,10,3,114,51,80
396,11,100,1,11,148,141,119,1,5,5,150,142,121,1,5,5,143,138,113,1,5,5,148,141,119,1,4,4,0,0,86,134,0,180,0,0,0,0,0,126,0,0,86,134,0,180,0,0,0,0,0,126,11,3,128,55,80
397,19,101,1,12,88,92,100,1,5,5,92,94,100,1,5,5,82,90,100,1,5,5,88,92,100,2,3,3,88,94,0,0,0,100,0,0,0,0,0,0,88,94,0,0,0,100,0,0,0,0,0,0,8,3,120,59,90
398,9,100,1,12,104,100,114,1,5,5,107,100,114,1,5,5,95,100,114,1,5,5,104,100,114,0,7,5,0,0,125,91,0,0,0,0,0,0,100,0,0,0,125,91,0,0,0,0,0,0,100,0,8,4,100,59,80
399,24,100,1,11,133,149,119,1,5,5,128,150,119,1,5,5,139,148,119,1,5,5,133,149,119,0,6,4,0,0,148,0,0,140,0,120,0,0,140,0,0,0,148,0,0,140,0,120,0,0,140,0,10,4,120,55,80
400,11,100,1,11,84,120,106,1,5,5,89,120,106,1,5,5,79,120,106,1,5,5,84,120,106,0,9,5,96,97,0,0,0,0,0,0,0,0,102,0,96,97,0,0,0,0,0,0,0,0,102,0,9,3,104,55,80
401,11,100,1,11,150,143,120,1,5,5,149,144,120,1,5,5,151,142,120,1,5,5,150,143,120,0,9,5,0,0,0,0,0,120,0,0,180,0,140,100,0,0,0,1,0,120,0,0,180,0,140,100,2,3,130,55,60
402,3,100,1,12,102,118,107,1,5,5,104,120,110,1,5,5,98,110,100,1,5,5,102,118,107,2,6,4,110,0,0,84,105,0,0,0,0,0,0,0,110,0,0,84,105,0,0,0,0,0,0,0,10,4,60,55,80
403,19,101,1,13,100,107,103,1,5,5,93,106,102,1,5,5,119,110,106,1,5,5,100,107,103,0,7,4,114,96,0,0,0,0,0,0,0,0,90,0,114,96,0,0,0,0,0,0,0,0,90,0,11,2,20,55,80
404,11,100,1,13,125,137,106,1,5,5,126,140,106,1,5,5,122,128,107,1,5,5,125,137,106,1,7,5,0,86,0,164,0,0,0,0,0,93,0,0,0,86,0,164,0,0,0,0,0,93,0,0,10,3,50,55,80
405,10,100,2,0,1,1,21,30,13,15,1,1,21,30,13,15,1,1,21,30,13,15,1,1,21,30,13,15,12,0,0,0,0,0,0,0,0,0,0,0,12,0,0,0,0,0,0,0,0,0,0,0,2,4,1,40,1
406,0,0,2,0,1,1,25,30,13,15,1,1,25,30,13,15,1,1,25,30,13,15,1,1,25,30,13,15,12,0,0,0,0,0,0,0,0,0,0,0,12,0,0,0,0,0,0,0,0,0,0,0,2,3,1,42,1
407,11,100,3,0,1,1,28,30,13,15,1,1,28,30,13,15,1,1,28,30,13,15,1,1,28,30,13,15,12,0,0,0,0,0,0,0,0,0,0,0,12,0,0,0,0,0,0,0,0,0,0,0,2,3,1,44,1
408,26,100,3,0,1,17,25,30,13,15,1,16,25,30,13,15,1,18,25,30,13,15,1,17,25,30,13,15,12,0,0,0,0,0,0,0,0,0,0,0,12,0,0,0,0,0,0,0,0,0,0,0,2,4,1,42,1
409,3,100,4,0,1,1,32,30,13,15,1,1,32,30,13,15,1,1,32,30,13,15,1,1,32,30,13,15,12,0,0,0,0,0,0,0,0,0,0,0,12,0,0,0,0,0,0,0,0,0,0,0,2,4,1,46,1
410,3,100,4,0,1,1,32,30,13,15,1,1,32,30,13,15,1,1,32,30,13,15,1,1,32,30,13,15,12,0,0,0,0,0,0,0,0,0,0,0,12,0,0,0,0,0,0,0,0,0,0,0,2,3,1,46,1
411,0,0,5,0,1,16,30,30,13,15,1,16,30,30,13,15,1,15,30,30,13,15,1,16,30,30,13,15,12,0,0,0,0,0,0,0,0,0,0,0,12,0,0,0,0,0,0,0,0,0,0,0,2,3,1,45,1
412,16,101,5,0,1,1,34,30,13,15,1,1,34,30,13,15,1,1,34,30,13,15,1,1,34,30,13,15,12,0,0,0,0,0,0,0,0,0,0,0,12,0,0,0,0,0,0,0,0,0,0,0,2,3,1,47,1
413,18,101,7,0,1,18,32,30,13,15,1,18,32,30,13,15,1,18,32,30,13,15,1,18,32,30,13,15,12,0,0,0,0,0,0,0,0,0,0,0,12,0,0,0,0,0,0,0,0,0,0,0,2,4,1,46,1
414,18,101,7,0,1,1,25,30,21,15,1,1,25,30,21,15,1,1,25,30,21,15,1,1,25,30,21,15,12,0,0,0,0,0,0,0,0,0,0,0,12,0,0,0,0,0,0,0,0,0,0,0,2,3,1,42,1
415,19,101,3,0,1,1,27,30,13,15,1,1,27,30,13,15,1,1,27,30,13,15,1,1,27,30,13,15,12,0,0,0,0,0,0,0,0,0,0,0,12,0,0,0,0,0,0,0,0,0,0,0,2,4,1,43,1
416,28,101,9,0,1,6,27,30,13,15,1,6,27,30,13,15,1,6,27,30,13,15,1,6,27,30,13,15,12,0,0,0,0,0,0,0,0,0,0,0,12,0,0,0,0,0,0,0,0,0,0,0,2,4,1,43,1
417,3,100,3,0,1,1,27,30,13,15,1,1,27,30,13,15,1,1,27,30,13,15,1,1,27,30,13,15,12,0,0,0,0,0,0,0,0,0,0,0,12,0,0,0,0,0,0,0,0,0,0,0,2,3,1,43,1
418,3,100,7,0,1,14,32,30,13,15,1,14,32,30,13,15,1,14,32,30,13,15,1,14,32,30,13,15,12,0,0,0,0,0,0,0,0,0,0,0,12,0,0,0,0,0,0,0,0,0,0,0,2,3,1,46,1
419,26,100,2,0,1,1,27,30,13,15,1,1,27,30,13,15,1,1,27,30,13,15,1,1,27,30,13,15,12,0,0,0,0,0,0,0,0,0,0,0,12,0,0,0,0,0,0,0,0,0,0,0,2,4,1,43,1
420,19,101,7,0,1,1,32,30,13,15,1,1,32,30,13,15,1,1,32,30,13,15,1,1,32,30,13,15,12,0,0,0,0,0,0,0,0,0,0,0,12,0,0,0,0,0,0,0,0,0,0,0,2,3,1,46,1
421,1,100,1,13,102,106,106,30,13,15,101,110,110,30,13,15,103,102,101,30,13,15,102,106,106,30,13,15,117,0,100,0,0,80,0,0,0,0,0,0,117,0,100,0,0,80,0,0,0,0,0,0,10,3,60,55,100
422,27,100,4,0,1,1,27,30,13,15,1,1,27,30,13,15,1,1,27,30,13,15,1,1,27,30,13,15,12,0,0,0,0,0,0,0,0,0,0,0,12,0,0,0,0,0,0,0,0,0,0,0,2,4,1,43,1
423,1,100,1,12,115,120,98,1,5,5,127,120,99,1,5,5,100,120,98,1,5,5,115,120,98,30,13,15,132,113,0,0,0,0,0,0,0,0,112,0,132,113,0,0,0,0,0,0,0,0,112,0,14,2,28,51,80
424,27,100,2,0,1,12,28,30,13,15,1,12,28,30,13,15,1,12,28,30,13,15,1,12,28,30,13,15,12,0,0,0,0,0,0,0,0,0,0,0,12,0,0,0,0,0,0,0,0,0,0,0,2,3,1,44,1
425,0,0,7,0,1,1,25,30,13,15,1,1,25,30,13,15,1,1,25,30,13,15,1,1,25,30,13,15,12,0,0,0,0,0,0,0,0,0,0,0,12,0,0,0,0,0,0,0,0,0,0,0,2,3,1,42,1
426,2,100,1,12,100,112,90,1,5,5,102,112,92,1,5,5,95,110,86,1,5,5,100,112,90,0,10,5,114,0,0,94,0,0,0,0,0,94,0,0,114,0,0,94,0,0,0,0,0,94,0,0,11,4,100,51,80
427,25,100,8,0,1,5,25,30,13,15,1,5,25,30,13,15,1,5,25,30,13,15,1,5,25,30,13,15,12,0,0,0,0,0,0,0,0,0,0,0,12,0,0,0,0,0,0,0,0,0,0,0,2,3,1,42,1
428,26,100,4,0,1,1,23,30,13,15,1,1,23,30,13,15,1,1,23,30,13,15,1,1,23,30,13,15,12,0,0,0,0,0,0,0,0,0,0,0,12,0,0,0,0,0,0,0,0,0,0,0,2,4,1,41,1
429,0,0,2,0,1,9,34,30,13,15,1,9,34,30,13,15,1,9,34,30,13,15,1,9,34,30,13,15,12,0,0,0,0,0,0,0,0,0,0,0,12,0,0,0,0,0,0,0,0,0,0,0,2,4,1,47,1
430,25,100,6,0,1,1,30,30,13,15,1,1,30,30,13,15,1,1,30,30,13,15,1,1,30,30,13,15,12,0,0,0,0,0,0,0,0,0,0,0,12,0,0,0,0,0,0,0,0,0,0,0,2,3,1,45,1
431,0,0,3,0,1,16,32,30,13,15,1,16,32,30,13,15,1,16,32,30,13,15,1,16,32,30,13,15,12,0,0,0,0,0,0,0,0,0,0,0,12,0,0,0,0,0,0,0,0,0,0,0,2,4,1,46,1
432,25,100,7,0,1,1,28,30,21,15,1,1,28,30,21,15,1,1,28,30,21,15,1,1,28,30,21,15,12,0,0,0,0,0,0,0,0,0,0,0,12,0,0,0,0,0,0,0,0,0,0,0,2,3,1,44,1
433,18,101,7,0,1,1,25,30,21,15,1,1,25,30,21,15,1,1,25,30,21,15,1,1,25,30,21,15,12,0,0,0,0,0,0,0,0,0,0,0,12,0,0,0,0,0,0,0,0,0,0,0,2,3,1,42,1
434,18,101,1,11,79,102,79,1,5,5,87,120,83,1,5,5,70,80,73,1,5,5,79,102,79,1,7,4,108,0,0,84,0,0,0,0,0,0,0,71,108,0,0,84,0,0,0,0,0,0,0,71,10,1,100,51,80
435,3,100,2,0,1,1,30,30,21,15,1,1,30,30,21,15,1,1,30,30,21,15,1,1,30,30,21,15,12,0,0,0,0,0,0,0,0,0,0,0,12,0,0,0,0,0,0,0,0,0,0,0,2,4,1,45,1
436,25,100,3,0,1,1,27,30,21,15,1,1,27,30,21,15,1,1,27,30,21,15,1,1,27,30,21,15,12,0,0,0,0,0,0,0,0,0,0,0,12,0,0,0,0,0,0,0,0,0,0,0,2,4,1,43,1
437,11,100,4,0,1,1,25,30,21,15,1,1,25,30,21,15,1,1,25,30,21,15,1,1,25,30,21,15,12,0,0,0,0,0,0,0,0,0,0,0,12,0,0,0,0,0,0,0,0,0,0,0,2,3,1,42,1
438,0,0,1,12,89,100,88,30,13,15,89,100,88,30,13,15,87,100,88,30,13,15,89,100,88,0,5,2,99,0,87,0,0,88,0,0,0,0,0,0,99,0,87,0,0,88,0,0,0,0,0,0,9,3,112,55,80
439,18,101,4,0,1,1,34,30,13,15,1,1,34,30,13,15,1,1,34,30,13,15,1,1,34,30,13,15,12,0,0,0,0,0,0,0,0,0,0,0,12,0,0,0,0,0,0,0,0,0,0,0,2,3,1,47,1
440,28,101,9,0,1,1,30,30,13,15,1,1,30,30,13,15,1,1,30,30,13,15,1,1,30,30,13,15,12,0,0,0,0,0,0,0,0,0,0,0,12,0,0,0,0,0,0,0,0,0,0,0,2,4,1,45,1
441,0,0,1,12,88,80,103,1,5,5,86,80,103,1,5,5,89,80,103,1,5,5,88,80,103,2,15,5,94,0,90,0,0,90,0,0,0,0,0,0,94,0,90,0,0,90,0,0,0,0,0,0,9,3,100,55,80
442,2,100,1,11,107,138,121,1,5,5,107,140,124,1,5,5,107,136,118,1,5,5,107,138,121,0,6,2,0,0,122,0,0,0,105,0,0,0,140,0,0,0,122,0,0,0,105,0,0,0,140,0,9,3,112,59,80
443,0,0,3,0,1,1,28,30,13,15,1,1,28,30,13,15,1,1,28,30,13,15,1,1,28,30,21,15,12,0,0,0,0,0,0,0,0,0,0,0,12,0,0,0,0,0,0,0,0,0,0,0,2,3,1,44,1
444,19,101,3,0,1,1,28,30,13,15,1,1,28,30,13,15,1,1,28,30,13,15,1,1,28,30,21,15,12,0,0,0,0,0,0,0,0,0,0,0,12,0,0,0,0,0,0,0,0,0,0,0,2,3,1,44,1
445,26,100,1,13,120,136,113,1,5,5,120,140,122,1,5,5,119,124,87,1,5,5,120,136,113,0,5,5,0,0,0,0,0,80,0,0,0,0,170,84,1,1,0,0,0,80,0,0,0,0,170,84,10,3,80,55,80
446,11,100,1,11,153,147,122,1,5,5,152,148,122,1,5,5,155,146,122,1,5,5,153,147,122,1,8,4,0,0,0,0,0,164,0,0,0,0,190,88,0,0,0,0,0,164,0,0,0,0,190,88,8,3,126,59,80
447,18,101,4,0,1,1,28,30,13,15,1,1,28,30,13,15,1,1,28,30,13,15,1,1,28,30,21,15,12,0,0,0,0,0,0,0,0,0,0,0,12,0,0,0,0,0,0,0,0,0,0,0,2,3,1,44,1
448,17,101,4,0,1,1,28,30,13,15,1,1,28,30,13,15,1,1,28,30,13,15,1,1,28,30,21,15,12,0,0,0,0,0,0,0,0,0,0,0,12,0,0,0,0,0,0,0,0,0,0,0,2,3,1,44,1
449,24,100,4,0,1,1,28,30,13,15,1,1,28,30,13,15,1,1,28,30,13,15,1,1,28,30,21,15,12,0,0,0,0,0,0,0,0,0,0,0,12,0,0,0,0,0,0,0,0,0,0,0,2,3,1,44,1
450,16,101,3,0,1,1,28,30,13,15,1,1,28,30,13,15,1,1,28,30,13,15,1,1,28,30,21,15,12,0,0,0,0,0,0,0,0,0,0,0,12,0,0,0,0,0,0,0,0,0,0,0,2,3,1,44,1
451,25,100,3,0,1,1,28,30,13,15,1,1,28,30,13,15,1,1,28,30,13,15,1,1,28,30,21,15,12,0,0,0,0,0,0,0,0,0,0,0,12,0,0,0,0,0,0,0,0,0,0,0,2,3,1,44,1
452,16,101,1,12,83,121,98,1,5,5,81,128,98,1,5,5,90,100,98,1,5,5,83,121,98,2,6,3,88,83,82,0,0,0,0,0,0,0,0,0,88,83,82,0,0,0,0,0,0,0,0,0,9,3,110,55,80
453,2,100,1,11,122,121,110,1,5,5,127,120,110,1,5,5,116,122,109,1,5,5,122,121,110,1,7,2,100,111,119,0,0,132,101,0,0,0,0,0,100,111,119,0,0,132,101,0,0,0,0,0,9,3,120,55,100
454,3,100,1,12,92,108,108,1,5,5,93,104,108,1,5,5,88,120,108,1,5,5,92,108,108,1,4,5,100,0,94,84,0,0,0,0,0,0,0,0,100,0,94,84,0,0,0,0,0,0,0,0,10,3,72,55,80
455,10,100,1,12,103,110,98,1,5,5,102,110,98,1,5,5,105,110,98,1,5,5,103,110,98,2,8,0,100,0,110,0,0,0,0,0,0,92,80,0,100,0,110,0,0,0,0,0,0,92,80,0,10,3,80,55,80
456,3,100,1,11,139,130,110,1,5,5,142,140,120,1,5,5,130,100,80,1,5,5,139,130,110,0,9,4,0,0,112,0,0,130,0,0,0,0,184,0,0,0,112,0,0,130,0,0,0,0,184,0,8,4,110,59,80
457,3,100,1,11,96,123,108,1,5,5,101,122,108,1,5,5,91,124,108,1,5,5,96,123,108,1,7,3,100,101,0,0,0,128,0,0,0,0,0,0,100,101,0,0,0,128,0,0,0,0,0,0,9,3,100,55,90
458,10,100,1,11,117,141,113,1,5,5,121,144,116,1,5,5,113,138,109,1,5,5,117,141,113,0,5,5,126,0,0,0,0,0,120,107,0,123,0,0,126,0,0,0,0,0,120,107,0,123,0,0,13,3,102,51,80
459,17,101,2,0,1,1,28,30,13,15,1,1,28,30,13,15,1,1,28,30,13,15,1,1,28,30,21,15,12,0,0,0,0,0,0,0,0,0,0,0,12,0,0,0,0,0,0,0,0,0,0,0,2,3,1,44,1
460,26,100,1,12,88,80,103,1,5,5,87,80,103,1,5,5,89,80,103,1,5,5,88,80,103,0,4,1,94,0,90,0,0,90,0,0,0,0,0,0,94,0,90,0,0,90,0,0,0,0,0,0,9,3,100,55,80
461,18,101,7,0,1,1,28,30,13,15,1,1,28,30,13,15,1,1,28,30,13,15,1,1,28,30,21,15,12,0,0,0,0,0,0,0,0,0,0,0,12,0,0,0,0,0,0,0,0,0,0,0,2,3,1,44,1
462,16,101,1,12,107,108,109,1,5,5,109,110,111,1,5,5,100,100,101,1,5,5,107,108,109,0,4,1,0,0,0,96,0,102,0,0,0,0,130,0,0,0,0,96,0,102,0,0,0,0,130,0,8,4,130,59,80
463,0,0,1,12,94,100,100,1,5,5,95,100,100,1,5,5,90,100,100,1,5,5,94,100,100,0,2,5,88,0,96,0,0,110,0,0,0,0,0,0,88,0,96,0,0,110,0,0,0,0,0,0,8,4,100,59,80
464,26,100,1,12,92,95,93,1,5,5,93,96,93,1,5,5,92,94,93,1,5,5,92,95,93,0,11,5,94,97,0,98,0,0,0,0,0,0,0,0,94,97,0,98,0,0,0,0,0,0,0,0,9,4,100,55,80
465,3,100,1,11,121,144,119,1,5,5,119,144,120,1,5,5,127,144,119,1,5,5,121,144,119,0,9,7,0,111,0,0,0,0,112,109,0,0,154,0,0,111,0,0,0,0,112,109,0,0,154,0,9,4,126,59,100
466,25,100,1,12,202,117,101,1,5,5,200,116,100,1,5,5,207,119,103,1,5,5,202,117,101,2,7,3,140,0,0,194,0,0,0,0,0,125,0,0,140,0,0,194,0,0,0,0,0,125,0,0,17,2,30,51,80
467,11,100,1,12,135,116,96,1,5,5,135,120,103,1,5,5,135,110,86,1,5,5,135,120,101,0,11,5,136,0,0,0,0,0,0,129,0,111,0,0,136,0,0,0,0,0,0,129,0,111,0,0,15,3,24,51,80
468,28,101,2,0,1,3,23,30,13,15,1,3,23,30,13,15,1,3,23,30,13,15,1,3,23,30,13,15,12,0,0,0,0,0,0,0,0,0,0,0,12,0,0,0,0,0,0,0,0,0,0,0,2,3,1,41,1
469,18,101,2,0,1,1,28,30,13,15,1,1,28,30,13,15,1,1,28,30,13,15,1,1,28,30,13,15,12,0,0,0,0,0,0,0,0,0,0,0,12,0,0,0,0,0,0,0,0,0,0,0,2,4,1,44,1
470,19,101,3,0,1,8,30,30,13,15,1,8,30,30,13,15,1,8,30,30,13,15,1,8,30,30,13,15,12,0,0,0,0,0,0,0,0,0,0,0,12,0,0,0,0,0,0,0,0,0,0,0,2,3,1,45,1
471,0,0,5,0,1,1,27,30,13,15,1,1,27,30,13,15,1,1,27,30,13,15,1,1,27,30,13,15,12,0,0,0,0,0,0,0,0,0,0,0,12,0,0,0,0,0,0,0,0,0,0,0,2,4,1,43,1
472,25,100,6,0,1,1,21,30,13,15,1,1,21,30,13,15,1,1,21,30,13,15,1,1,21,30,13,15,12,0,0,0,0,0,0,0,0,0,0,0,12,0,0,0,0,0,0,0,0,0,0,0,2,3,1,40,1
473,0,0,7,0,1,12,27,30,13,15,1,12,27,30,13,15,1,12,27,30,13,15,1,12,27,30,13,15,12,0,0,0,0,0,0,0,0,0,0,0,12,0,0,0,0,0,0,0,0,0,0,0,2,3,1,43,1
474,19,101,3,0,1,18,28,30,13,15,1,18,28,30,13,15,1,18,28,30,13,15,1,18,28,30,13,15,12,0,0,0,0,0,0,0,0,0,0,0,12,0,0,0,0,0,0,0,0,0,0,0,2,3,1,44,1
475,9,100,7,0,1,1,25,30,13,15,1,1,25,30,13,15,1,1,25,30,13,15,1,1,25,30,13,15,12,0,0,0,0,0,0,0,0,0,0,0,12,0,0,0,0,0,0,0,0,0,0,0,2,3,1,42,1
476,17,101,7,0,1,1,28,30,13,15,1,1,28,30,13,15,1,1,28,30,13,15,1,1,28,30,13,15,12,0,0,0,0,0,0,0,0,0,0,0,12,0,0,0,0,0,0,0,0,0,0,0,2,3,1,44,1
477,0,0,7,0,1,8,32,30,13,15,1,8,32,30,13,15,1,8,32,30,13,15,1,8,32,30,13,15,12,0,0,0,0,0,0,0,0,0,0,0,12,0,0,0,0,0,0,0,0,0,0,0,2,3,1,46,1
478,3,100,4,0,1,1,25,30,13,15,1,1,25,30,13,15,1,1,25,30,13,15,1,1,25,30,13,15,12,0,0,0,0,0,0,0,0,0,0,0,12,0,0,0,0,0,0,0,0,0,0,0,2,3,1,42,1
479,27,100,1,12,125,140,130,1,5,5,132,140,126,1,5,5,116,140,135,1,5,5,125,140,130,0,5,4,0,100,0,0,0,0,0,0,0,0,140,132,0,100,0,0,0,0,0,0,0,0,140,132,10,3,40,59,90
480,28,101,1,11,82,90,98,1,5,5,85,90,98,1,5,5,80,90,98,1,5,5,82,90,98,0,7,5,103,0,0,0,0,92,0,0,0,0,0,87,103,0,0,0,0,92,0,0,0,0,0,87,10,3,108,58,80
481,27,100,1,11,133,148,99,1,5,5,129,154,101,1,5,5,138,140,97,1,5,5,133,148,99,0,7,5,0,0,0,0,0,120,0,0,180,0,120,0,0,0,0,0,0,120,0,0,180,0,120,0,2,4,140,55,60
482,25,100,2,0,1,1,25,30,13,15,1,1,25,30,13,15,1,1,25,30,13,15,1,1,25,30,13,15,12,0,0,0,0,0,0,0,0,0,0,0,12,0,0,0,0,0,0,0,0,0,0,0,2,4,1,42,1
483,16,101,2,0,1,1,27,30,13,15,1,1,27,30,13,15,1,1,27,30,13,15,1,1,27,30,13,15,12,0,0,0,0,0,0,0,0,0,0,0,12,0,0,0,0,0,0,0,0,0,0,0,2,3,1,43,1
484,29,101,3,0,1,1,28,30,13,15,1,1,28,30,13,15,1,1,28,30,13,15,1,1,28,30,21,15,12,0,0,0,0,0,0,0,0,0,0,0,12,0,0,0,0,0,0,0,0,0,0,0,2,3,1,44,1
485,27,100,1,12,101,80,103,1,5,5,98,80,103,1,5,5,109,80,103,1,5,5,101,80,103,1,12,4,118,92,88,0,0,0,0,0,0,0,0,0,118,92,88,0,0,0,0,0,0,0,0,0,12,3,20,51,80
486,17,101,1,11,80,90,93,1,5,5,84,90,91,1,5,5,76,90,95,1,5,5,80,90,93,0,5,5,98,90,90,0,0,0,0,0,0,0,0,0,98,90,90,0,0,0,0,0,0,0,0,0,9,4,110,55,80
487,0,0,1,11,84,104,107,1,5,5,87,104,108,1,5,5,81,104,106,1,5,5,84,104,107,2,12,3,0,0,0,99,0,100,0,0,0,0,0,93,0,0,0,99,0,100,0,0,0,0,0,93,8,2,100,59,90
488,25,100,1,11,94,114,112,1,5,5,94,121,120,1,5,5,93,104,102,1,5,5,94,114,112,1,7,4,0,0,104,0,0,124,107,0,0,0,0,0,0,0,104,0,0,124,107,0,0,0,0,0,8,3,124,59,108
489,29,101,1,13,105,110,110,1,5,5,110,110,110,1,5,5,99,110,110,1,5,5,105,110,110,1,11,5,0,101,0,121,0,0,105,0,0,0,0,0,0,101,0,121,0,0,105,0,0,0,0,0,10,3,20,59,100
490,18,101,7,0,1,1,25,30,21,15,1,1,25,30,21,15,1,1,25,30,21,15,1,1,25,30,21,15,12,0,0,0,0,0,0,0,0,0,0,0,12,0,0,0,0,0,0,0,0,0,0,0,2,3,1,42,1
491,25,100,1,12,101,116,108,1,5,5,101,120,108,1,5,5,102,110,108,1,5,5,101,116,108,0,10,5,112,0,0,0,0,100,0,0,0,106,0,0,112,0,0,0,0,100,0,0,0,106,0,0,11,3,22,55,94
492,3,100,6,0,1,1,46,1,5,5,1,1,46,1,5,5,1,1,46,1,5,5,1,1,46,30,21,15,12,0,0,0,0,0,0,0,0,0,0,0,12,0,0,0,0,0,0,0,0,0,0,0,2,3,1,54,1
493,28,101,1,11,88,120,96,1,5,5,87,120,97,1,5,5,89,120,95,1,5,5,88,120,96,1,4,5,0,0,0,0,0,116,0,0,0,87,0,96,0,0,0,0,0,116,0,0,0,87,0,96,8,4,100,59,80
494,16,101,1,11,80,94,80,1,5,5,79,100,81,1,5,5,81,86,79,1,5,5,80,94,80,1,12,3,108,0,84,0,0,0,0,0,0,0,80,0,108,0,84,0,0,0,0,0,0,0,80,0,10,3,110,51,80
495,26,100,1,12,92,60,71,1,5,5,105,60,71,1,5,5,76,60,70,1,5,5,92,60,71,0,8,2,114,75,0,0,0,0,79,0,0,0,0,0,114,75,0,0,0,1,79,0,0,0,0,0,11,2,112,51,82
496,0,0,7,0,1,1,28,30,13,15,1,1,28,30,13,15,1,1,28,30,13,15,1,1,28,30,21,15,12,0,0,0,0,0,0,0,0,0,0,0,12,0,0,0,0,0,0,0,0,0,0,0,2,3,1,44,1
497,0,0,2,0,1,1,28,30,13,15,1,1,28,30,13,15,1,1,28,30,13,15,1,1,28,30,21,15,12,0,0,0,0,0,0,0,0,0,0,0,12,0,0,0,0,0,0,0,0,0,0,0,2,3,1,44,1
498,16,101,1,12,109,80,91,1,5,5,120,80,91,1,5,5,97,80,91,1,5,5,109,80,91,0,7,5,130,0,0,0,0,100,0,110,0,0,0,0,130,0,0,0,0,100,0,110,0,0,0,0,13,1,30,51,80
499,25,100,1,12,108,110,105,1,5,5,106,110,105,1,5,5,110,110,105,1,5,5,108,110,105,2,5,5,100,0,124,0,0,110,0,0,0,0,0,0,100,0,124,0,0,110,0,0,0,0,0,0,10,3,30,59,100
500,27,100,1,12,119,113,125,1,5,5,114,110,125,1,5,5,125,116,125,1,5,5,119,113,125,0,10,5,0,0,118,100,0,0,0,0,0,0,140,0,0,0,118,100,0,0,0,0,0,0,140,0,10,3,40,59,90
501,26,100,1,12,132,135,106,1,5,5,126,134,106,1,5,5,138,136,106,1,5,5,132,135,106,1,9,3,0,0,100,100,0,0,0,0,0,0,172,0,0,0,100,100,0,0,0,0,0,0,172,0,10,3,80,59,80
502,2,100,1,11,136,142,117,1,5,5,139,148,123,1,5,5,125,122,102,1,5,5,136,142,117,1,6,2,0,0,84,84,0,0,0,0,0,0,200,0,0,0,84,84,0,0,0,0,0,0,200,0,10,4,80,55,80
503,3,100,1,12,177,143,108,1,5,5,168,144,108,1,5,5,203,140,108,1,5,5,177,143,108,0,11,6,0,0,0,0,0,140,0,0,0,0,200,84,0,0,0,0,0,140,0,0,0,0,200,84,10,1,80,55,80
504,10,100,1,12,152,124,113,1,5,5,159,124,114,1,5,5,144,124,113,1,5,5,152,124,113,0,7,5,143,0,0,0,0,0,120,0,0,131,0,0,143,0,0,0,0,0,120,0,0,131,0,0,17,3,30,51,80
505,11,100,1,12,135,149,121,1,5,5,129,152,123,1,5,5,142,146,119,1,5,5,135,149,121,0,7,3,0,0,124,140,0,152,0,0,0,0,0,0,0,0,124,140,0,152,0,0,0,0,0,0,10,3,40,59,96
506,25,100,1,13,122,130,115,1,5,5,127,130,115,1,5,5,117,130,115,1,5,5,122,130,115,1,4,1,106,0,124,0,0,140,0,0,0,0,0,0,106,0,124,0,0,140,0,0,0,0,0,0,10,2,38,59,90
507,0,0,3,0,1,1,30,30,13,15,1,1,30,30,13,15,1,1,30,30,13,15,1,1,30,30,13,15,12,0,0,0,0,0,0,0,0,0,0,0,12,0,0,0,0,0,0,0,0,0,0,0,2,4,1,45,1
508,1,100,3,0,1,1,34,30,13,15,1,1,34,30,13,15,1,1,34,30,13,15,1,1,34,30,13,15,12,0,0,0,0,0,0,0,0,0,0,0,12,0,0,0,0,0,0,0,0,0,0,0,2,3,1,47,1
509,18,101,3,0,1,1,32,30,13,15,1,1,32,30,13,15,1,1,32,30,13,15,1,1,32,30,13,15,12,0,0,0,0,0,0,0,0,0,0,0,12,0,0,0,0,0,0,0,0,0,0,0,2,3,1,46,1
510,16,101,4,0,1,18,34,30,13,15,1,19,34,30,13,15,1,16,34,30,13,15,1,18,34,30,13,15,12,0,0,0,0,0,0,0,0,0,0,0,12,0,0,0,0,0,0,0,0,0,0,0,2,2,1,47,1
511,18,101,4,0,1,1,30,30,13,15,1,1,30,30,13,15,1,1,30,30,13,15,1,1,30,30,13,15,12,0,0,0,0,0,0,0,0,0,0,0,12,0,0,0,0,0,0,0,0,0,0,0,2,3,1,45,1
512,3,100,2,0,1,1,27,30,13,15,1,1,27,30,13,15,1,1,27,30,13,15,1,1,27,30,13,15,12,0,0,0,0,0,0,0,0,0,0,0,12,0,0,0,0,0,0,0,0,0,0,0,2,4,1,43,1
513,0,0,3,0,1,1,30,30,13,15,1,1,30,30,13,15,1,1,30,30,13,15,1,1,30,30,13,15,12,0,0,0,0,0,0,0,0,0,0,0,12,0,0,0,0,0,0,0,0,0,0,0,2,3,1,45,1
514,17,101,4,0,1,1,25,30,13,15,1,1,25,30,13,15,1,1,25,30,13,15,1,1,25,30,13,15,12,0,0,0,0,0,0,0,0,0,0,0,12,0,0,0,0,0,0,0,0,0,0,0,2,3,1,42,1
515,18,101,10,0,1,1,32,1,5,5,1,1,32,1,5,5,1,1,32,1,5,5,1,1,32,30,13,15,12,0,0,0,0,0,0,0,0,0,0,0,12,0,0,0,0,0,0,0,0,0,0,0,2,3,1,46,1
516,11,100,5,0,1,18,32,30,13,15,1,18,32,30,13,15,1,18,32,30,13,15,1,18,32,30,13,15,12,0,0,0,0,0,0,0,0,0,0,0,12,0,0,0,0,0,0,0,0,0,0,0,2,4,1,46,1
517,19,101,2,0,1,1,27,30,13,15,1,1,27,30,13,15,1,1,27,30,13,15,1,1,27,30,13,15,12,0,0,0,0,0,0,0,0,0,0,0,12,0,0,0,0,0,0,0,0,0,0,0,2,4,1,43,1
518,17,101,2,0,1,1,25,30,13,15,1,1,25,30,13,15,1,1,25,30,13,15,1,1,25,30,13,15,12,0,0,0,0,0,0,0,0,0,0,0,12,0,0,0,0,0,0,0,0,0,0,0,2,4,1,42,1
519,24,100,2,0,1,1,28,30,13,15,1,1,28,30,13,15,1,1,28,30,13,15,1,1,28,30,13,15,12,0,0,0,0,0,0,0,0,0,0,0,12,0,0,0,0,0,0,0,0,0,0,0,2,3,1,44,1
520,18,101,2,0,1,1,25,30,13,15,1,1,25,30,13,15,1,1,25,30,13,15,1,1,25,30,13,15,12,0,0,0,0,0,0,0,0,0,0,0,12,0,0,0,0,0,0,0,0,0,0,0,2,3,1,42,1
521,27,100,2,0,1,1,23,30,21,15,1,1,23,30,21,15,1,1,23,30,21,15,1,1,23,30,21,15,12,0,0,0,0,0,0,0,0,0,0,0,12,0,0,0,0,0,0,0,0,0,0,0,2,3,1,41,1
522,18,101,7,0,1,1,25,30,13,15,1,1,25,30,13,15,1,1,25,30,13,15,1,1,25,30,13,15,12,0,0,0,0,0,0,0,0,0,0,0,12,0,0,0,0,0,0,0,0,0,0,0,2,3,1,42,1
523,3,100,4,0,1,1,28,30,13,15,1,1,28,30,13,15,1,1,28,30,13,15,1,1,28,30,13,15,12,0,0,0,0,0,0,0,0,0,0,0,12,0,0,0,0,0,0,0,0,0,0,0,2,4,1,44,1
524,11,100,8,0,1,1,36,30,13,15,1,1,36,30,13,15,1,1,36,30,13,15,1,1,36,30,13,15,12,0,0,0,0,0,0,0,0,0,0,0,12,0,0,0,0,0,0,0,0,0,0,0,2,3,1,48,1
525,1,100,1,11,118,120,117,1,5,5,121,120,115,1,5,5,113,120,118,1,5,5,118,120,117,1,11,5,0,0,0,0,0,0,104,103,0,0,146,115,0,0,0,0,0,0,104,103,0,0,146,115,8,3,102,59,84
526,10,100,1,11,91,138,120,1,5,5,95,136,120,1,5,5,85,140,120,1,5,5,91,138,120,1,8,3,104,108,0,0,0,112,0,0,0,0,0,0,104,108,0,0,0,112,0,0,0,0,0,0,9,3,128,55,92
527,24,100,1,11,110,140,103,1,5,5,106,140,108,1,5,5,115,140,97,1,5,5,110,140,103,0,9,4,0,0,98,0,0,132,0,0,0,0,140,0,0,0,98,0,0,132,0,0,0,0,140,0,9,4,100,59,80
528,17,101,1,11,77,60,71,1,5,5,75,60,71,1,5,5,85,60,72,1,5,5,77,60,71,0,3,5,112,78,0,0,0,0,0,0,0,0,60,0,112,78,0,0,0,0,0,0,0,0,60,0,12,3,100,51,80
529,25,100,1,11,113,138,119,1,5,5,122,146,125,1,5,5,103,128,111,1,5,5,113,138,119,1,5,3,0,111,0,0,0,0,109,0,0,0,140,101,0,111,0,0,0,0,109,0,0,0,140,101,8,3,122,59,80
530,26,100,1,12,91,60,71,1,5,5,88,60,71,1,5,5,98,60,71,1,5,5,91,60,71,1,10,4,112,78,72,0,0,0,0,0,0,0,0,0,112,78,72,0,0,0,0,0,0,0,0,0,12,3,100,51,80
531,18,101,1,12,92,80,93,1,5,5,97,80,93,1,5,5,86,80,93,1,5,5,92,80,93,1,7,4,102,90,0,0,0,80,0,0,0,0,0,0,102,90,0,0,0,80,0,0,0,0,0,0,9,3,120,55,80
532,0,0,1,11,88,75,72,1,5,5,86,80,72,1,5,5,95,60,70,1,5,5,88,75,72,0,6,5,100,86,0,0,0,0,0,0,0,86,0,84,100,86,0,0,0,0,0,0,0,86,0,84,10,4,120,51,80
533,3,100,1,13,168,140,106,1,5,5,166,140,106,1,5,5,171,140,106,1,5,5,168,140,106,0,6,5,0,0,0,0,0,80,0,0,0,0,200,116,0,0,0,0,0,80,0,0,0,0,200,116,10,4,80,55,80
534,10,100,1,12,106,124,108,1,5,5,112,124,107,1,5,5,98,124,108,1,5,5,106,124,108,1,5,4,0,0,0,0,0,0,109,0,0,0,100,116,0,0,0,0,0,0,109,0,0,0,100,116,10,3,80,55,80
535,19,101,4,0,1,15,30,30,13,15,1,15,30,30,13,15,1,15,30,30,13,15,1,15,30,30,13,15,12,0,0,0,0,0,0,0,0,0,0,0,12,0,0,0,0,0,0,0,0,0,0,0,2,3,1,45,1
536,26,100,8,0,1,1,27,30,13,15,1,1,27,30,13,15,1,1,27,30,13,15,1,1,27,30,13,15,12,0,0,0,0,0,0,0,0,0,0,0,12,0,0,0,0,0,0,0,0,0,0,0,2,3,1,43,1
537,2,100,3,0,1,1,28,30,13,15,1,1,28,30,13,15,1,1,28,30,13,15,1,1,28,30,13,15,12,0,0,0,0,0,0,0,0,0,0,0,12,0,0,0,0,0,0,0,0,0,0,0,2,3,1,44,1
538,24,100,1,11,107,135,122,0,5,5,108,141,127,0,5,5,105,129,115,0,5,5,107,135,122,0,10,5,0,108,128,0,0,0,0,0,0,0,130,0,0,108,128,0,0,0,0,0,0,0,130,0,8,3,100,59,80
539,18,101,3,0,1,1,25,30,21,15,1,1,25,30,21,15,1,1,25,30,21,15,1,1,25,30,21,15,12,0,0,0,0,0,0,0,0,0,0,0,12,0,0,0,0,0,0,0,0,0,0,0,2,4,1,42,1
540,11,100,2,0,1,1,32,30,21,15,1,1,32,30,21,15,1,1,32,30,21,15,1,1,32,30,21,15,12,0,0,0,0,0,0,0,0,0,0,0,12,0,0,0,0,0,0,0,0,0,0,0,2,3,1,46,1
541,1,100,7,0,1,1,27,30,21,15,1,1,27,30,21,15,1,1,27,30,21,15,1,1,27,30,21,15,12,0,0,0,0,0,0,0,0,0,0,0,12,0,0,0,0,0,0,0,0,0,0,0,2,3,1,43,1
542,25,100,1,12,103,113,116,1,5,5,105,120,123,1,5,5,98,90,95,1,5,5,103,113,116,1,7,4,0,0,0,0,0,100,0,0,0,103,124,0,0,0,0,0,0,100,0,0,0,103,124,0,10,4,40,59,90
543,17,101,7,0,1,1,32,30,21,15,1,1,32,30,21,15,1,1,32,30,21,15,1,1,32,30,21,15,12,0,0,0,0,0,0,0,0,0,0,0,12,0,0,0,0,0,0,0,0,0,0,0,2,4,1,46,1
544,25,100,1,11,101,120,97,1,5,5,111,121,104,1,5,5,89,120,89,1,5,5,101,120,97,2,3,5,129,0,0,0,0,0,97,0,0,111,0,0,129,0,0,0,0,0,97,0,0,111,0,0,13,2,100,51,80
545,11,100,1,11,81,108,81,1,5,5,82,114,82,1,5,5,79,100,80,1,5,5,81,108,81,0,4,3,104,0,0,0,88,0,0,0,0,0,0,90,104,0,0,0,88,0,0,0,0,0,0,90,10,4,120,51,80
546,24,100,1,12,108,102,113,1,5,5,107,102,116,1,5,5,110,102,107,1,5,5,108,102,113,0,18,4,108,0,119,100,0,0,0,0,0,0,0,0,108,0,119,100,0,0,0,0,0,0,0,0,10,2,34,59,120
547,16,101,1,13,95,80,106,1,5,5,94,80,106,1,5,5,96,80,106,1,5,5,95,80,106,0,15,5,112,0,88,0,0,80,0,0,0,0,0,0,112,0,88,0,0,80,0,0,0,0,0,0,12,3,20,51,80
548,3,100,1,11,97,127,91,1,5,5,92,140,91,1,5,5,111,86,91,1,5,5,97,127,91,1,7,3,112,0,72,0,0,0,0,0,0,0,132,0,112,0,72,0,0,0,0,0,0,0,132,0,12,1,112,51,80
549,1,100,1,11,93,121,107,1,5,5,92,122,105,1,5,5,94,120,109,1,5,5,93,121,107,2,12,2,0,0,0,78,0,0,0,0,142,0,0,84,0,0,0,78,0,0,0,0,142,0,0,84,2,3,100,55,60
550,18,101,3,11,19,1,48,1,5,5,19,1,48,1,5,5,20,1,48,1,5,5,19,1,48,1,5,4,72,0,0,0,0,0,0,0,0,0,0,0,72,0,0,0,0,0,0,0,0,0,0,0,12,3,1,55,1
551,0,0,3,0,1,1,46,1,5,5,1,1,46,1,5,5,1,1,46,1,5,5,1,1,46,30,21,15,12,0,0,0,0,0,0,0,0,0,0,0,12,0,0,0,0,0,0,0,0,0,0,0,2,3,1,54,1
552,11,100,1,12,133,123,105,1,5,5,134,124,109,1,5,5,129,120,91,1,5,5,133,123,105,0,5,2,0,0,0,0,93,120,0,0,0,0,166,0,0,0,0,0,93,120,0,0,0,0,166,0,10,3,80,55,80
553,11,100,4,0,1,1,32,1,5,5,1,1,32,1,5,5,1,1,32,1,5,5,1,1,32,30,21,15,12,0,0,0,0,0,0,0,0,0,0,0,12,0,0,0,0,0,0,0,0,0,0,0,2,3,1,46,1
554,16,101,7,0,1,1,28,1,5,5,1,1,28,1,5,5,1,1,28,1,5,5,1,1,28,30,21,15,12,0,0,0,0,0,0,0,0,0,0,0,12,0,0,0,0,0,0,0,0,0,0,0,2,3,1,44,1
555,19,101,3,0,1,1,27,30,21,15,1,1,27,30,21,15,1,1,27,30,21,15,1,1,27,30,21,15,12,0,0,0,0,0,0,0,0,0,0,0,12,0,0,0,0,0,0,0,0,0,0,0,2,3,1,43,1
556,29,101,1,11,98,152,114,1,5,5,99,168,127,1,5,5,96,102,78,1,5,5,98,152,114,0,4,5,0,0,0,0,0,116,0,0,0,0,124,93,0,0,0,0,0,116,0,0,120,0,124,93,8,4,100,59,80
557,16,101,5,0,1,1,28,1,5,5,1,1,28,1,5,5,1,1,28,1,5,5,1,1,28,30,21,15,12,0,0,0,0,0,0,0,0,0,0,0,12,0,0,0,0,0,0,0,0,0,0,0,2,3,1,44,1
558,16,101,3,0,1,1,23,1,5,5,1,1,23,1,5,5,1,1,23,1,5,5,1,1,23,30,21,15,12,0,0,0,0,0,0,0,0,0,0,0,12,0,0,0,0,0,0,0,0,0,0,0,2,3,1,41,1
559,9,100,1,11,82,80,81,1,5,5,86,80,81,1,5,5,77,80,80,1,5,5,82,80,81,1,12,5,0,86,0,0,0,0,0,0,0,104,0,84,0,86,0,0,0,0,0,0,0,104,0,84,10,4,120,51,80
560,19,101,2,0,1,1,25,1,5,5,1,1,25,1,5,5,1,1,25,1,5,5,1,1,25,30,21,15,12,0,0,0,0,0,0,0,0,0,0,0,12,0,0,0,0,0,0,0,0,0,0,0,2,3,1,42,1
561,2,100,5,0,1,1,28,1,5,5,1,1,28,1,5,5,1,1,28,1,5,5,1,1,28,30,21,15,12,0,0,0,0,0,0,0,0,0,0,0,12,0,0,0,0,0,0,0,0,0,0,0,2,3,1,44,1
562,18,101,7,0,1,1,27,1,5,5,1,1,27,1,5,5,1,1,27,1,5,5,1,1,27,30,21,15,12,0,0,0,0,0,0,0,0,0,0,0,12,0,0,0,0,0,0,0,0,0,0,0,2,3,1,43,1
563,19,101,3,0,1,1,34,1,5,5,1,1,34,1,5,5,1,1,34,1,5,5,1,1,34,30,21,15,12,0,0,0,0,0,0,0,0,0,0,0,12,0,0,0,0,0,0,0,0,0,0,0,2,4,1,47,1
564,2,100,7,0,1,1,28,1,5,5,1,1,28,1,5,5,1,1,28,1,5,5,1,1,28,30,21,15,12,0,0,0,0,0,0,0,0,0,0,0,12,0,0,0,0,0,0,0,0,0,0,0,2,3,1,44,1
565,25,100,9,0,1,1,27,1,5,5,1,1,27,1,5,5,1,1,27,1,5,5,1,1,27,30,21,15,12,0,0,0,0,0,0,0,0,0,0,0,12,0,0,0,0,0,0,0,0,0,0,0,2,3,1,43,1
566,1,100,1,12,114,120,115,1,5,5,116,126,115,1,5,5,109,100,115,1,5,5,114,120,115,30,21,15,0,0,0,100,0,0,0,0,0,0,144,102,0,0,0,100,0,0,0,0,0,0,144,102,10,4,20,59,90
567,17,101,4,0,1,1,23,1,5,5,1,1,23,1,5,5,1,1,23,1,5,5,1,1,23,30,21,15,12,0,0,0,0,0,0,0,0,0,0,0,12,0,0,0,0,0,0,0,0,0,0,0,2,4,1,41,1
568,19,101,4,0,1,1,34,1,5,5,1,1,34,1,5,5,1,1,34,1,5,5,1,1,34,30,21,15,12,0,0,0,0,0,0,0,0,0,0,0,12,0,0,0,0,0,0,0,0,0,0,0,2,3,1,47,1
569,19,101,9,0,1,1,28,1,5,5,1,1,28,1,5,5,1,1,28,1,5,5,1,1,28,30,21,15,12,0,0,0,0,0,0,0,0,0,0,0,12,0,0,0,0,0,0,0,0,0,0,0,2,2,1,44,1
570,29,101,1,12,90,80,84,1,5,5,89,80,83,1,5,5,91,80,86,1,5,5,90,80,84,1,8,4,51,0,0,0,0,96,0,0,134,0,0,0,51,0,0,0,0,96,0,0,134,0,0,0,2,3,154,55,130
571,17,101,3,0,1,1,32,1,5,5,1,1,32,1,5,5,1,1,32,1,5,5,1,1,32,30,21,15,12,0,0,0,0,0,0,0,0,0,0,0,12,0,0,0,0,0,0,0,0,0,0,0,2,4,1,46,1
572,18,101,7,0,1,1,36,1,5,5,1,1,36,1,5,5,1,1,36,1,5,5,1,1,36,30,21,15,12,0,0,0,0,0,0,0,0,0,0,0,12,0,0,0,0,0,0,0,0,0,0,0,2,3,1,48,1
573,19,101,1,11,103,136,109,1,5,5,105,140,109,1,5,5,96,124,109,1,5,5,103,136,109,2,12,4,0,0,96,96,0,0,0,0,0,0,150,0,0,0,96,96,0,0,0,0,0,0,150,0,8,4,112,59,80
574,9,100,1,13,112,114,97,1,5,5,109,120,99,1,5,5,123,96,90,1,5,5,112,114,97,0,7,5,127,95,0,0,0,0,0,0,0,105,0,0,127,95,0,0,0,0,0,0,0,105,0,0,13,3,24,51,80
575,11,100,1,12,126,123,105,1,5,5,124,126,113,1,5,5,129,120,96,1,5,5,126,123,105,2,10,2,92,0,122,0,0,0,0,0,0,0,152,0,92,0,122,0,0,0,0,0,0,0,152,0,10,3,74,55,80
576,9,100,8,0,1,1,27,1,5,5,1,1,27,1,5,5,1,1,27,1,5,5,1,1,27,30,21,15,12,0,0,0,0,0,0,0,0,0,0,0,12,0,0,0,0,0,0,0,0,0,0,0,2,4,1,43,1
577,10,100,1,12,114,122,102,1,5,5,112,122,102,1,5,5,121,122,101,1,5,5,114,122,102,2,8,3,118,0,0,0,104,0,113,0,0,0,0,0,118,0,0,0,104,0,113,0,0,0,0,0,13,4,30,51,106
578,0,0,4,0,1,1,25,1,5,5,1,1,25,1,5,5,1,1,25,1,5,5,1,1,25,30,21,15,12,0,0,0,0,0,0,0,0,0,0,0,12,0,0,0,0,0,0,0,0,0,0,0,2,3,1,42,1
579,16,101,4,0,1,1,28,1,5,5,1,1,28,1,5,5,1,1,28,1,5,5,1,1,28,30,21,15,12,0,0,0,0,0,0,0,0,0,0,0,12,0,0,0,0,0,0,0,0,0,0,0,2,4,1,44,1
580,19,101,1,12,116,145,121,1,5,5,116,147,124,1,5,5,115,141,110,1,5,5,116,145,121,1,12,5,0,0,0,126,0,120,0,0,0,0,126,0,0,0,0,126,0,120,120,0,0,0,126,0,10,2,40,59,92
581,26,100,1,12,115,140,112,1,5,5,115,146,116,1,5,5,114,120,97,1,5,5,115,140,112,0,3,5,0,107,129,0,0,0,0,0,0,0,120,0,0,107,129,0,0,0,0,0,0,0,120,0,10,4,20,59,100
582,29,101,6,0,1,1,30,1,5,5,1,1,30,1,5,5,1,1,30,1,5,5,1,1,30,30,21,15,12,0,0,0,0,0,0,0,0,0,0,0,12,0,0,0,0,0,0,0,0,0,0,0,2,3,1,45,1
583,19,101,4,0,1,1,28,30,21,15,1,1,28,30,21,15,1,1,28,30,21,15,1,1,28,30,21,15,12,0,0,0,0,0,0,0,0,0,0,0,12,0,0,0,0,0,0,0,0,0,0,0,2,3,1,44,1
584,17,101,1,11,95,115,88,1,5,5,95,116,89,1,5,5,96,114,87,1,5,5,95,115,88,1,7,2,104,0,0,0,0,0,0,100,0,0,120,0,104,0,0,0,0,0,0,100,0,0,120,0,10,3,114,51,80
585,17,101,5,0,1,1,32,30,13,15,1,1,32,30,13,15,1,1,32,30,13,15,1,1,32,30,13,15,12,0,0,0,0,0,0,0,0,0,0,0,12,0,0,0,0,0,0,0,0,0,0,0,2,3,1,46,1
586,16,101,3,0,1,1,32,30,13,15,1,1,32,30,13,15,1,1,32,30,13,15,1,1,32,30,13,15,12,0,0,0,0,0,0,0,0,0,0,0,12,0,0,0,0,0,0,0,0,0,0,0,2,3,1,46,1
587,18,101,1,12,106,100,95,1,5,5,118,100,95,1,5,5,91,100,95,1,5,5,108,100,95,0,2,3,0,0,0,0,0,0,104,0,0,112,0,107,0,0,0,0,0,0,104,0,0,112,0,107,12,2,30,51,88
588,26,100,1,12,80,63,52,0,6,5,79,63,51,0,6,5,82,62,53,0,6,5,80,63,52,0,3,5,91,0,84,0,0,0,0,0,0,0,0,0,91,0,84,0,0,0,0,0,0,0,0,0,10,4,53,57,44
589,16,101,1,12,117,100,91,1,5,5,117,100,91,1,5,5,117,100,91,1,5,5,117,100,91,0,3,5,131,0,0,0,0,80,0,113,0,0,0,0,131,0,0,0,0,80,0,113,0,0,0,0,13,4,30,51,100
590,0,0,1,12,97,98,104,1,5,5,105,98,104,1,5,5,87,98,104,1,5,5,97,98,104,1,12,4,0,94,112,0,0,0,0,93,0,0,0,0,0,94,112,0,0,0,0,93,0,0,0,0,8,2,120,59,84
591,17,101,8,0,1,1,28,1,5,5,1,1,28,1,5,5,1,1,28,1,5,5,1,1,28,30,21,15,12,0,0,0,0,0,0,0,0,0,0,0,12,0,0,0,0,0,0,0,0,0,0,0,2,3,1,44,1
592,16,101,5,0,1,1,28,1,5,5,1,1,28,1,5,5,1,1,28,1,5,5,1,1,28,30,21,15,12,0,0,0,0,0,0,0,0,0,0,0,12,0,0,0,0,0,0,0,0,0,0,0,2,3,1,44,1
593,17,101,2,0,1,1,28,1,5,5,1,1,28,1,5,5,1,1,28,1,5,5,1,1,28,30,21,15,12,0,0,0,0,0,0,0,0,0,0,0,12,0,0,0,0,0,0,0,0,0,0,0,2,3,1,44,1
594,16,101,1,12,90,110,85,1,5,5,96,110,100,1,5,5,83,110,68,1,5,5,90,110,85,1,15,4,0,0,76,0,0,60,0,0,120,0,0,0,0,0,76,0,0,60,0,0,120,0,0,0,2,1,40,55,60
595,19,101,1,12,99,120,106,1,5,5,96,120,106,1,5,5,102,120,106,1,5,5,99,120,106,0,4,1,0,0,96,0,0,100,0,0,0,0,116,0,0,0,96,0,0,100,0,0,0,0,116,0,8,3,102,59,80
596,27,100,5,0,1,1,28,30,13,15,1,1,28,30,13,15,1,1,28,30,13,15,1,1,28,30,21,15,12,0,0,0,0,0,0,0,0,0,0,0,12,0,0,0,0,0,0,0,0,0,0,0,2,3,1,44,1
597,26,100,5,0,1,1,28,30,13,15,1,1,28,30,13,15,1,1,28,30,13,15,1,1,28,30,21,15,12,0,0,0,0,0,0,0,0,0,0,0,12,0,0,0,0,0,0,0,0,0,0,0,2,3,1,44,1
598,18,101,3,0,1,1,28,1,5,5,1,1,28,1,5,5,1,1,28,1,5,5,1,1,28,30,21,15,12,0,0,0,0,0,0,0,0,0,0,0,12,0,0,0,0,0,0,0,0,0,0,0,2,3,1,44,1
599,27,100,8,0,1,1,28,30,13,15,1,1,28,30,13,15,1,1,28,30,13,15,1,1,28,30,21,15,12,0,0,0,0,0,0,0,0,0,0,0,12,0,0,0,0,0,0,0,0,0,0,0,2,3,1,44,1
600,28,101,1,11,92,122,105,1,5,5,91,122,105,1,5,5,93,122,105,1,5,5,92,122,105,0,4,1,0,0,0,0,0,100,0,0,0,0,120,96,0,0,0,0,0,100,0,0,0,0,120,96,8,4,110,59,80
601,28,101,1,12,96,140,100,1,5,5,96,140,102,1,5,5,95,140,96,1,5,5,96,140,100,0,4,1,0,0,0,0,0,80,0,0,0,0,128,84,0,0,0,0,0,80,0,0,0,0,128,84,10,4,80,55,80
602,26,100,1,11,93,120,96,1,5,5,93,121,96,1,5,5,93,119,96,1,5,5,93,120,96,0,4,1,0,0,0,106,0,0,0,0,100,0,114,0,0,0,0,106,0,0,0,0,100,0,114,0,9,2,100,59,80
603,18,101,1,12,102,117,107,1,5,5,103,120,109,1,5,5,100,108,102,1,5,5,102,117,107,0,4,1,112,0,104,0,0,98,0,0,0,0,0,0,112,0,104,0,0,98,0,0,0,0,0,0,11,3,40,55,106
604,18,101,7,0,1,1,34,1,5,5,1,1,34,1,5,5,1,1,34,1,5,5,1,1,34,30,21,15,12,0,0,0,0,0,0,0,0,0,0,0,12,0,0,0,0,0,0,0,0,0,0,0,2,3,1,47,1
605,16,101,1,12,120,115,105,1,5,5,122,120,109,1,5,5,112,100,91,1,5,5,120,115,105,0,4,1,0,0,0,119,0,80,0,0,0,0,144,0,0,0,0,119,0,80,0,0,0,0,144,0,10,3,80,55,80
606,29,101,1,11,88,100,98,1,5,5,85,100,98,1,5,5,91,100,98,1,5,5,88,100,98,0,4,1,0,0,0,70,0,0,0,0,120,0,100,0,0,0,0,70,0,0,0,0,120,0,100,0,2,3,102,55,60
607,19,101,6,0,1,1,34,1,5,5,1,1,34,1,5,5,1,1,34,1,5,5,1,1,34,30,21,15,12,0,0,0,0,0,0,0,0,0,0,0,12,0,0,0,0,0,0,0,0,0,0,0,2,3,1,47,1
608,28,101,5,0,1,1,34,1,5,5,1,1,34,1,5,5,1,1,34,1,5,5,1,1,34,30,21,15,12,0,0,0,0,0,0,0,0,0,0,0,12,0,0,0,0,0,0,0,0,0,0,0,2,3,1,47,1
609,29,101,4,0,1,1,34,1,5,5,1,1,34,1,5,5,1,1,34,1,5,5,1,1,34,30,21,15,12,0,0,0,0,0,0,0,0,0,0,0,12,0,0,0,0,0,0,0,0,0,0,0,2,3,1,47,1
610,18,101,7,0,1,1,34,1,5,5,1,1,34,1,5,5,1,1,34,1,5,5,1,1,34,30,21,15,12,0,0,0,0,0,0,0,0,0,0,0,12,0,0,0,0,0,0,0,0,0,0,0,2,3,1,47,1
611,18,101,1,13,108,120,107,1,5,5,109,126,113,1,5,5,102,100,91,1,5,5,108,120,107,0,4,1,0,0,0,0,0,80,0,0,0,93,154,0,0,0,0,0,0,80,0,0,0,93,154,0,10,4,80,55,88
612,19,101,6,0,1,1,34,1,5,5,1,1,34,1,5,5,1,1,34,1,5,5,1,1,34,30,21,15,12,0,0,0,0,0,0,0,0,0,0,0,12,0,0,0,0,0,0,0,0,0,0,0,2,3,1,47,1
613,16,101,1,12,93,108,102,1,5,5,92,108,103,1,5,5,95,108,101,1,5,5,93,108,102,0,4,1,92,0,0,100,95,0,0,0,0,0,0,84,92,0,0,100,95,0,0,0,0,0,0,84,10,4,48,55,106
614,16,101,9,0,1,1,34,1,5,5,1,1,34,1,5,5,1,1,34,1,5,5,1,1,34,30,21,15,12,0,0,0,0,0,0,0,0,0,0,0,12,0,0,0,0,0,0,0,0,0,0,0,2,3,1,47,1
615,16,101,1,12,99,92,88,1,5,5,96,96,92,1,5,5,106,80,74,1,5,5,99,92,88,0,4,1,114,89,94,0,0,0,0,0,0,0,0,0,114,89,94,0,0,0,0,0,0,0,0,0,11,2,100,51,80
616,19,101,1,12,110,86,99,1,5,5,116,86,97,1,5,5,102,86,101,1,5,5,110,86,99,0,4,1,0,0,88,0,0,100,0,0,0,0,140,0,0,0,88,0,0,100,0,0,0,0,140,0,8,1,114,59,82
617,28,101,1,13,112,108,117,1,5,5,115,114,122,1,5,5,108,100,110,1,5,5,112,108,117,0,4,1,100,0,0,0,0,0,0,0,0,119,0,118,100,0,0,0,0,0,0,0,0,119,0,118,10,2,80,59,90
618,29,101,7,0,1,1,34,1,5,5,1,1,34,1,5,5,1,1,34,1,5,5,1,1,34,30,21,15,12,0,0,0,0,0,0,0,0,0,0,0,12,0,0,0,0,0,0,0,0,0,0,0,2,3,1,47,1
619,28,101,7,0,1,1,34,1,5,5,1,1,34,1,5,5,1,1,34,1,5,5,1,1,34,30,21,15,12,0,0,0,0,0,0,0,0,0,0,0,12,0,0,0,0,0,0,0,0,0,0,0,2,3,1,47,1
620,19,101,7,0,1,1,34,1,5,5,1,1,34,1,5,5,1,1,34,1,5,5,1,1,34,30,21,15,12,0,0,0,0,0,0,0,0,0,0,0,12,0,0,0,0,0,0,0,0,0,0,0,2,3,1,47,1
621,19,101,5,0,1,1,34,1,5,5,1,1,34,1,5,5,1,1,34,1,5,5,1,1,34,30,21,15,12,0,0,0,0,0,0,0,0,0,0,0,12,0,0,0,0,0,0,0,0,0,0,0,2,3,1,47,1
622,17,101,1,12,92,108,99,1,5,5,97,108,99,1,5,5,86,108,99,1,5,5,92,108,99,0,4,1,94,97,0,0,0,100,0,0,0,0,0,0,94,97,0,0,0,100,0,0,0,0,0,0,9,3,124,55,80
623,29,101,2,0,1,1,34,1,5,5,1,1,34,1,5,5,1,1,34,1,5,5,1,1,34,30,21,15,12,0,0,0,0,0,0,0,0,0,0,0,12,0,0,0,0,0,0,0,0,0,0,0,2,3,1,47,1
624,16,101,4,0,1,1,34,1,5,5,1,1,34,1,5,5,1,1,34,1,5,5,1,1,34,30,21,15,12,0,0,0,0,0,0,0,0,0,0,0,12,0,0,0,0,0,0,0,0,0,0,0,2,3,1,47,1
625,18,101,4,0,1,1,34,1,5,5,1,1,34,1,5,5,1,1,34,1,5,5,1,1,34,30,21,15,12,0,0,0,0,0,0,0,0,0,0,0,12,0,0,0,0,0,0,0,0,0,0,0,2,3,1,47,1
626,18,101,1,12,71,90,88,1,5,5,70,90,88,1,5,5,73,90,88,1,5,5,71,90,88,0,4,1,36,0,0,52,0,0,0,0,112,0,0,0,36,0,0,52,0,0,0,0,112,0,0,0,2,3,100,55,60
627,28,101,4,0,1,1,34,1,5,5,1,1,34,1,5,5,1,1,34,1,5,5,1,1,34,30,21,15,12,0,0,0,0,0,0,0,0,0,0,0,12,0,0,0,0,0,0,0,0,0,0,0,2,3,1,47,1
628,28,101,6,0,1,1,34,1,5,5,1,1,34,1,5,5,1,1,34,1,5,5,1,1,34,30,21,15,12,0,0,0,0,0,0,0,0,0,0,0,12,0,0,0,0,0,0,0,0,0,0,0,2,3,1,47,1
629,17,101,3,0,1,1,34,1,5,5,1,1,34,1,5,5,1,1,34,1,5,5,1,1,34,30,21,15,12,0,0,0,0,0,0,0,0,0,0,0,12,0,0,0,0,0,0,0,0,0,0,0,2,3,1,47,1
630,29,101,2,0,1,1,34,1,5,5,1,1,34,1,5,5,1,1,34,1,5,5,1,1,34,30,21,15,12,0,0,0,0,0,0,0,0,0,0,0,12,0,0,0,0,0,0,0,0,0,0,0,2,3,1,47,1
631,18,101,1,12,90,90,100,1,5,5,89,90,100,1,5,5,94,90,100,1,5,5,90,90,100,0,4,1,84,87,96,0,0,80,0,0,0,0,0,0,84,87,96,0,0,80,0,0,0,0,0,0,8,3,104,59,84
632,19,101,5,0,1,1,34,1,5,5,1,1,34,1,5,5,1,1,34,1,5,5,1,1,34,30,21,15,12,0,0,0,0,0,0,0,0,0,0,0,12,0,0,0,0,0,0,0,0,0,0,0,2,3,1,47,1
633,16,101,7,0,1,1,34,1,5,5,1,1,34,1,5,5,1,1,34,1,5,5,1,1,34,30,21,15,12,0,0,0,0,0,0,0,0,0,0,0,12,0,0,0,0,0,0,0,0,0,0,0,2,3,1,47,1
634,29,101,1,12,102,96,94,1,5,5,100,96,96,1,5,5,103,96,92,1,5,5,102,96,94,0,4,1,117,0,98,0,0,100,0,0,0,0,0,0,117,0,98,0,0,100,0,0,0,0,0,0,12,3,20,51,80
635,17,101,4,0,1,1,34,1,5,5,1,1,34,1,5,5,1,1,34,1,5,5,1,1,34,30,21,15,12,0,0,0,0,0,0,0,0,0,0,0,12,0,0,0,0,0,0,0,0,0,0,0,2,3,1,47,1
636,16,101,6,0,1,1,34,1,5,5,1,1,34,1,5,5,1,1,34,1,5,5,1,1,34,30,21,15,12,0,0,0,0,0,0,0,0,0,0,0,12,0,0,0,0,0,0,0,0,0,0,0,2,3,1,47,1
637,28,101,4,0,1,1,34,1,5,5,1,1,34,1,5,5,1,1,34,1,5,5,1,1,34,30,21,15,12,0,0,0,0,0,0,0,0,0,0,0,12,0,0,0,0,0,0,0,0,0,0,0,2,3,1,47,1
638,19,101,5,0,1,1,34,1,5,5,1,1,34,1,5,5,1,1,34,1,5,5,1,1,34,30,21,15,12,0,0,0,0,0,0,0,0,0,0,0,12,0,0,0,0,0,0,0,0,0,0,0,2,3,1,47,1
639,29,101,9,0,1,1,34,1,5,5,1,1,34,1,5,5,1,1,34,1,5,5,1,1,34,30,21,15,12,0,0,0,0,0,0,0,0,0,0,0,12,0,0,0,0,0,0,0,0,0,0,0,2,3,1,47,1
640,18,101,1,12,94,80,100,1,5,5,94,80,98,1,5,5,92,80,107,1,5,5,94,80,100,0,4,1,84,0,96,0,91,0,0,0,0,0,96,0,84,0,96,0,91,0,0,0,0,0,96,0,8,3,112,59,80
641,16,101,4,0,1,1,34,1,5,5,1,1,34,1,5,5,1,1,34,1,5,5,1,1,34,30,21,15,12,0,0,0,0,0,0,0,0,0,0,0,12,0,0,0,0,0,0,0,0,0,0,0,2,3,1,47,1
642,19,101,9,0,1,1,34,1,5,5,1,1,34,1,5,5,1,1,34,1,5,5,1,1,34,30,21,15,12,0,0,0,0,0,0,0,0,0,0,0,12,0,0,0,0,0,0,0,0,0,0,0,2,3,1,47,1
643,17,101,1,12,99,80,75,1,5,5,96,80,75,1,5,5,108,80,75,1,5,5,99,80,75,0,4,1,114,81,0,0,0,0,0,91,0,0,0,0,114,81,0,0,0,0,0,91,0,0,0,0,11,3,108,51,84
644,18,101,1,12,91,60,71,1,5,5,96,60,71,1,5,5,85,60,70,1,5,5,91,60,71,0,4,1,112,78,0,0,0,60,0,0,0,0,0,0,112,78,0,0,0,60,0,0,0,0,0,0,12,3,100,51,80
645,17,101,7,0,1,1,34,1,5,5,1,1,34,1,5,5,1,1,34,1,5,5,1,1,34,30,21,15,12,0,0,0,0,0,0,0,0,0,0,0,12,0,0,0,0,0,0,0,0,0,0,0,2,3,1,47,1
646,19,101,4,0,1,1,34,1,5,5,1,1,34,1,5,5,1,1,34,1,5,5,1,1,34,30,21,15,12,0,0,0,0,0,0,0,0,0,0,0,12,0,0,0,0,0,0,0,0,0,0,0,2,3,1,47,1
647,17,101,7,0,1,1,34,1,5,5,1,1,34,1,5,5,1,1,34,1,5,5,1,1,34,30,21,15,12,0,0,0,0,0,0,0,0,0,0,0,12,0,0,0,0,0,0,0,0,0,0,0,2,3,1,47,1
648,17,101,7,0,1,1,34,1,5,5,1,1,34,1,5,5,1,1,34,1,5,5,1,1,34,30,21,15,12,0,0,0,0,0,0,0,0,0,0,0,12,0,0,0,0,0,0,0,0,0,0,0,2,3,1,47,1
649,29,101,8,0,1,1,34,1,5,5,1,1,34,1,5,5,1,1,34,1,5,5,1,1,34,30,21,15,12,0,0,0,0,0,0,0,0,0,0,0,12,0,0,0,0,0,0,0,0,0,0,0,2,3,1,47,1
650,18,101,5,0,1,1,34,1,5,5,1,1,34,1,5,5,1,1,34,1,5,5,1,1,34,30,21,15,12,0,0,0,0,0,0,0,0,0,0,0,12,0,0,0,0,0,0,0,0,0,0,0,2,3,1,47,1
651,0,0,2,0,1,1,34,1,5,5,1,1,34,1,5,5,1,1,34,1,5,5,1,1,34,30,21,15,12,0,0,0,0,0,0,0,0,0,0,0,12,0,0,0,0,0,0,0,0,0,0,0,2,3,1,47,1
652,29,101,4,0,1,1,34,1,5,5,1,1,34,1,5,5,1,1,34,1,5,5,1,1,34,30,21,15,12,0,0,0,0,0,0,0,0,0,0,0,12,0,0,0,0,0,0,0,0,0,0,0,2,3,1,47,1
653,16,101,7,0,1,1,34,1,5,5,1,1,34,1,5,5,1,1,34,1,5,5,1,1,34,30,21,15,12,0,0,0,0,0,0,0,0,0,0,0,12,0,0,0,0,0,0,0,0,0,0,0,2,3,1,47,1
654,18,101,3,0,1,1,34,1,5,5,1,1,34,1,5,5,1,1,34,1,5,5,1,1,34,30,21,15,12,0,0,0,0,0,0,0,0,0,0,0,12,0,0,0,0,0,0,0,0,0,0,0,2,3,1,47,1
655,18,101,3,0,1,1,34,1,5,5,1,1,34,1,5,5,1,1,34,1,5,5,1,1,34,30,21,15,12,0,0,0,0,0,0,0,0,0,0,0,12,0,0,0,0,0,0,0,0,0,0,0,2,3,1,47,1
656,28,101,1,12,96,100,98,1,5,5,96,100,98,1,5,5,97,100,98,1,5,5,96,100,98,0,12,3,0,86,0,0,0,0,0,0,0,92,120,0,1,86,0,0,0,0,0,0,0,92,120,0,10,4,80,55,80
657,28,101,1,13,103,113,105,1,5,5,105,120,105,1,5,5,96,90,105,1,5,5,103,113,105,30,21,15,0,0,0,0,0,0,0,0,0,101,120,100,0,0,0,0,0,0,0,0,0,101,120,100,10,4,40,59,90
658,28,101,1,13,103,107,105,1,5,5,102,120,104,1,5,5,105,91,107,1,5,5,103,107,105,1,10,2,0,0,0,0,0,0,0,0,0,101,120,100,0,0,0,0,0,0,0,0,0,101,120,100,10,4,40,59,90
659,28,101,3,0,5,1,41,1,5,5,5,1,41,1,5,5,5,1,42,1,5,5,5,1,41,1,12,4,12,7,5,0,17,1,0,0,0,0,0,0,12,7,5,0,17,1,0,0,0,0,0,0,2,3,1,51,1
660,28,101,8,0,1,1,41,1,5,5,1,1,41,1,5,5,1,1,41,1,5,5,1,1,41,30,21,15,12,0,0,0,0,0,0,0,0,0,0,0,12,0,0,0,0,0,0,0,0,0,0,0,2,3,1,51,1
661,16,101,1,12,104,108,102,1,5,5,108,108,103,1,5,5,100,108,101,1,5,5,104,108,102,1,15,4,109,0,102,0,0,0,105,0,0,0,0,0,109,0,102,0,0,0,105,0,0,0,0,0,11,3,22,55,80
662,29,101,1,12,100,99,105,1,5,5,88,92,105,1,5,5,136,122,105,1,5,5,100,99,105,1,3,1,0,100,0,0,0,0,108,0,0,0,0,100,0,100,0,0,0,0,108,0,0,0,0,100,10,1,40,59,90
663,29,101,1,12,103,113,105,1,5,5,103,120,105,1,5,5,101,90,105,1,5,5,103,113,105,0,13,5,0,0,0,0,0,0,0,0,0,101,120,100,0,0,0,0,0,0,0,0,0,101,120,100,10,4,40,59,90
664,29,101,1,12,89,115,98,1,5,5,90,120,98,1,5,5,88,100,98,1,5,5,89,115,98,1,7,3,0,0,0,0,0,0,0,0,0,92,100,84,0,0,0,0,0,0,0,0,0,92,100,84,10,4,80,55,80
665,29,101,1,12,103,113,105,1,5,5,103,120,105,1,5,5,101,90,105,1,5,5,103,113,105,0,11,5,0,0,0,0,0,0,0,0,0,101,120,100,0,0,0,0,0,0,0,0,0,101,120,100,10,4,40,59,90
666,29,101,1,11,79,110,95,1,5,5,80,120,95,1,5,5,78,80,95,1,5,5,79,110,95,0,7,1,0,0,0,0,0,0,0,0,0,87,100,88,0,0,0,0,0,0,0,0,0,87,100,88,8,4,100,59,80
667,29,101,1,11,87,112,109,1,5,5,86,112,110,1,5,5,87,112,109,1,5,5,87,112,109,2,17,4,0,87,90,0,0,118,0,0,0,0,0,0,0,87,90,0,0,118,0,0,0,0,0,0,8,4,100,59,82
668,18,101,1,11,92,124,108,1,5,5,95,138,117,1,5,5,82,80,81,1,5,5,92,124,108,2,15,5,0,0,0,88,0,90,0,0,0,0,130,0,0,0,0,88,0,90,0,0,0,0,130,0,8,3,106,59,80
669,28,101,1,13,103,113,105,1,5,5,103,120,105,1,5,5,101,90,105,1,5,5,103,113,105,0,12,3,0,0,0,0,0,0,0,0,0,101,120,100,1,0,0,0,0,0,0,0,0,101,120,100,10,4,40,59,90
670,19,101,1,12,116,101,105,2,3,5,115,100,113,2,3,5,118,102,95,2,3,5,116,101,105,2,3,5,0,0,0,100,0,120,0,0,0,0,0,132,61,0,16,100,0,120,0,0,0,0,0,132,10,1,40,56,90
671,17,101,1,12,92,100,98,1,7,2,93,100,98,1,7,2,90,100,98,1,7,2,92,100,98,1,4,2,0,0,0,0,0,80,0,0,0,0,120,84,0,0,0,0,0,80,0,0,0,0,120,84,10,4,80,55,80
672,29,101,7,0,1,1,27,1,5,5,1,1,27,1,5,5,1,1,27,1,5,5,1,1,27,30,21,15,12,0,0,0,0,0,0,0,0,0,0,0,12,0,0,0,0,0,0,0,0,0,0,0,2,2,1,43,1
673,17,101,4,0,1,1,27,1,5,5,1,1,27,1,5,5,1,1,27,1,5,5,1,1,27,30,21,15,12,0,0,0,0,0,0,0,0,0,0,0,12,0,0,0,0,0,0,0,0,0,0,0,2,3,1,43,1
