player_id,league_id,team_id,sub_league_id,award_id,year,season,position,day,month
1,101,17,0,9,2022,2022,0,18,5
1,101,17,0,9,2022,2022,0,18,7
1,101,17,0,9,2023,2023,0,21,7
1,101,17,0,9,2024,2024,0,21,7
1,101,17,0,9,2026,2026,0,4,8
3,101,17,0,9,2022,2022,0,18,7
3,101,17,0,9,2025,2025,0,4,8
4,101,17,0,9,2021,2021,0,20,7
5,101,17,0,1,2024,2024,0,1,7
5,101,17,0,9,2026,2026,0,4,8
5,101,17,0,13,2026,2026,0,20,11
6,101,17,0,9,2024,2024,0,21,7
7,101,16,0,9,2021,2021,0,20,7
7,101,16,0,0,2021,2021,0,26,7
8,100,11,0,14,2021,2021,0,29,10
8,100,11,0,14,2022,2022,0,30,10
8,100,11,0,9,2023,2023,0,20,7
9,101,16,0,9,2023,2023,0,21,7
10,100,1,0,9,2021,2021,0,21,7
10,100,1,0,6,2021,2021,0,31,10
10,100,1,0,13,2022,2022,0,31,10
10,100,1,0,9,2023,2023,0,20,7
10,100,1,0,13,2023,2023,0,24,10
11,101,18,0,9,2021,2021,0,20,7
11,100,11,0,14,2021,2021,0,29,10
11,101,18,0,13,2021,2021,0,29,10
11,101,18,0,6,2021,2021,0,29,10
11,101,18,0,10,2021,2021,0,29,10
11,100,11,0,10,2021,2021,0,31,10
11,100,11,0,9,2022,2022,0,19,7
11,100,11,0,14,2022,2022,0,30,10
11,100,11,0,6,2022,2022,0,31,10
11,100,11,0,9,2023,2023,0,20,7
11,100,1,0,9,2025,2025,0,3,8
11,100,1,0,9,2026,2026,0,3,8
12,100,10,0,9,2023,2023,0,20,7
12,100,10,0,14,2024,2024,0,29,10
12,100,10,0,9,2025,2025,0,3,8
12,100,10,0,1,2025,2025,0,1,11
12,100,10,0,9,2026,2026,0,3,8
12,100,10,0,9,2027,2027,0,2,8
13,100,9,0,6,2022,2022,0,31,10
13,100,9,0,11,2022,2022,10,31,10
13,100,9,0,14,2023,2023,0,23,10
13,100,9,0,9,2024,2024,0,21,7
13,100,9,0,0,2024,2024,0,26,8
14,100,1,0,3,2021,2021,0,1,7
14,100,1,0,9,2021,2021,0,21,7
14,100,1,0,9,2023,2023,0,20,7
14,100,1,0,10,2023,2023,0,24,10
14,100,24,0,9,2026,2026,0,3,8
14,100,24,0,9,2027,2027,0,2,8
15,100,10,0,9,2022,2022,0,19,7
15,100,10,0,9,2023,2023,0,20,7
15,100,10,0,9,2024,2024,0,21,7
15,100,10,0,14,2024,2024,0,29,10
15,100,10,0,9,2025,2025,0,3,8
15,100,10,0,15,2025,2025,1,12,11
15,100,10,0,10,2025,2025,0,23,11
15,100,10,0,11,2025,2025,8,23,11
15,100,10,0,0,2026,2026,0,1,6
15,100,10,0,9,2026,2026,0,3,8
15,100,10,0,9,2027,2027,0,2,8
16,101,16,0,9,2021,2021,0,20,7
16,101,16,0,6,2021,2021,0,29,10
16,101,16,0,9,2022,2022,0,18,5
16,101,16,0,1,2022,2022,0,1,7
16,101,16,0,9,2022,2022,0,18,7
16,101,16,0,1,2022,2022,0,1,9
16,100,10,0,14,2024,2024,0,29,10
16,100,10,0,1,2025,2025,0,1,8
16,100,10,0,9,2025,2025,0,3,8
16,100,10,0,0,2026,2026,0,3,8
16,100,10,0,9,2026,2026,0,3,8
16,100,10,0,9,2027,2027,0,2,8
17,100,1,0,9,2024,2024,0,21,7
17,100,1,0,9,2026,2026,0,3,8
17,100,1,0,9,2027,2027,0,2,8
18,100,10,0,9,2023,2023,0,20,7
18,100,10,0,14,2024,2024,0,29,10
18,100,25,0,9,2027,2027,0,2,8
19,101,18,0,0,2021,2021,0,23,8
19,101,16,0,9,2023,2023,0,21,7
19,101,16,0,9,2024,2024,0,21,7
20,100,2,0,9,2021,2021,0,21,7
20,100,2,0,9,2022,2022,0,19,7
20,100,2,0,7,2022,2022,2,31,10
20,100,2,0,9,2023,2023,0,20,7
20,100,2,0,9,2024,2024,0,21,7
20,100,2,0,9,2025,2025,0,3,8
20,100,2,0,9,2026,2026,0,3,8
20,100,2,0,9,2027,2027,0,2,8
21,100,2,0,3,2021,2021,0,1,9
22,100,3,0,1,2021,2021,0,1,10
22,100,3,0,6,2021,2021,0,31,10
22,100,3,0,9,2022,2022,0,19,7
22,100,3,0,9,2023,2023,0,20,7
22,100,25,0,9,2027,2027,0,2,8
23,101,19,0,9,2023,2023,0,21,7
23,101,19,0,9,2024,2024,0,21,7
23,101,19,0,0,2025,2025,0,26,5
23,101,19,0,9,2025,2025,0,4,8
24,100,2,0,3,2021,2021,0,1,6
24,100,2,0,9,2021,2021,0,21,7
24,100,2,0,3,2021,2021,0,1,8
24,100,2,0,3,2021,2021,0,1,10
24,100,2,0,6,2021,2021,0,31,10
24,100,2,0,9,2023,2023,0,20,7
24,100,2,0,9,2024,2024,0,21,7
24,100,2,0,2,2024,2024,0,1,10
24,100,2,0,11,2024,2024,3,30,10
24,100,2,0,9,2025,2025,0,3,8
24,100,2,0,15,2025,2025,1,12,11
24,100,2,0,0,2026,2026,0,13,7
24,100,2,0,0,2026,2026,0,20,7
24,100,2,0,2,2026,2026,0,1,8
24,100,2,0,9,2026,2026,0,3,8
24,100,2,0,15,2026,2026,1,11,11
24,100,2,0,9,2027,2027,0,2,8
26,101,18,0,9,2022,2022,0,18,7
26,101,18,0,9,2023,2023,0,21,7
27,100,2,0,9,2021,2021,0,21,7
27,100,2,0,9,2023,2023,0,20,7
27,100,2,0,10,2023,2023,0,24,10
27,100,2,0,9,2024,2024,0,21,7
27,100,2,0,10,2025,2025,0,23,11
27,100,2,0,9,2026,2026,0,3,8
28,100,25,0,0,2025,2025,0,29,9
29,100,9,0,3,2020,2020,0,1,9
29,100,9,0,3,2020,2020,0,1,10
29,100,1,0,9,2021,2021,0,21,7
29,100,1,0,9,2022,2022,0,19,7
29,100,1,0,0,2023,2023,0,22,5
29,100,1,0,0,2025,2025,0,30,6
29,100,1,0,9,2025,2025,0,3,8
29,100,1,0,2,2025,2025,0,1,11
29,100,1,0,11,2025,2025,5,23,11
29,100,1,0,9,2026,2026,0,3,8
29,100,1,0,0,2026,2026,0,10,8
29,100,1,0,0,2027,2027,0,7,6
29,100,1,0,0,2027,2027,0,5,7
29,100,1,0,9,2027,2027,0,2,8
31,100,1,0,3,2020,2020,0,1,7
32,101,18,0,1,2021,2021,0,1,7
32,101,18,0,9,2021,2021,0,20,7
32,101,18,0,1,2021,2021,0,1,9
33,100,10,0,6,2020,2020,0,23,10
34,101,18,0,9,2022,2022,0,18,5
34,101,18,0,9,2022,2022,0,18,7
34,101,16,0,9,2023,2023,0,21,7
35,101,18,0,9,2021,2021,0,20,7
35,101,16,0,9,2023,2023,0,21,7
35,101,16,0,9,2024,2024,0,21,7
36,100,2,0,6,2020,2020,0,23,10
37,101,19,0,9,2023,2023,0,21,7
39,100,3,0,9,2021,2021,0,21,7
39,100,10,0,7,2022,2022,5,31,10
39,101,17,0,0,2023,2023,0,10,7
39,101,17,0,9,2023,2023,0,21,7
39,101,17,0,7,2023,2023,5,24,10
39,101,17,0,11,2023,2023,5,24,10
39,101,17,0,9,2024,2024,0,21,7
39,101,17,0,0,2024,2024,0,2,9
39,101,17,0,11,2024,2024,5,30,10
41,101,17,0,7,2021,2021,1,29,10
42,100,9,0,9,2021,2021,0,21,7
42,100,9,0,1,2022,2022,0,1,6
42,100,9,0,9,2022,2022,0,19,7
42,100,9,0,1,2023,2023,0,1,6
42,100,9,0,9,2023,2023,0,20,7
42,100,9,0,14,2023,2023,0,23,10
43,100,9,0,9,2021,2021,0,21,7
43,100,9,0,9,2022,2022,0,19,7
43,100,9,0,14,2023,2023,0,23,10
43,100,24,0,13,2025,2025,0,23,11
43,100,24,0,9,2026,2026,0,3,8
43,100,24,0,9,2027,2027,0,2,8
44,101,16,0,9,2021,2021,0,20,7
44,101,16,0,0,2021,2021,0,30,8
44,101,16,0,11,2021,2021,2,29,10
44,101,16,0,0,2024,2024,0,3,6
44,101,16,0,9,2024,2024,0,21,7
44,101,16,0,0,2024,2024,0,19,8
45,100,9,0,1,2020,2020,0,1,7
45,100,9,0,9,2020,2020,0,22,7
45,100,9,0,1,2022,2022,0,1,8
45,100,9,0,14,2023,2023,0,23,10
45,100,9,0,14,2025,2025,0,22,11
45,100,9,0,9,2026,2026,0,3,8
45,100,9,0,14,2026,2026,0,21,11
45,100,9,0,13,2026,2026,0,22,11
46,100,9,0,3,2019,2019,0,1,7
46,100,9,0,9,2019,2019,0,22,7
46,100,9,0,3,2019,2019,0,1,8
46,100,9,0,3,2019,2019,0,1,10
46,100,9,0,6,2019,2019,0,22,10
46,100,9,0,4,2019,2019,0,22,10
47,101,18,0,9,2023,2023,0,21,7
48,100,10,0,0,2019,2019,0,24,6
48,100,10,0,10,2019,2019,0,22,10
48,100,10,0,0,2020,2020,0,6,7
48,100,10,0,9,2020,2020,0,22,7
48,100,10,0,10,2020,2020,0,23,10
48,100,10,0,9,2021,2021,0,21,7
48,100,3,0,15,2021,2021,1,19,10
48,100,3,0,10,2021,2021,0,31,10
48,100,10,0,0,2022,2022,0,4,7
48,100,10,0,9,2022,2022,0,19,7
48,100,10,0,10,2022,2022,0,31,10
48,100,10,0,9,2023,2023,0,20,7
48,100,10,0,10,2023,2023,0,24,10
48,100,10,0,11,2023,2023,5,24,10
48,100,10,0,9,2024,2024,0,21,7
48,100,10,0,14,2024,2024,0,29,10
48,100,10,0,10,2024,2024,0,30,10
48,100,10,0,0,2025,2025,0,9,6
48,100,10,0,0,2025,2025,0,14,7
48,100,10,0,9,2025,2025,0,3,8
48,100,10,0,11,2025,2025,9,23,11
48,100,10,0,9,2026,2026,0,3,8
48,100,10,0,10,2026,2026,0,22,11
48,100,10,0,9,2027,2027,0,2,8
50,101,18,0,9,2023,2023,0,21,7
51,101,16,0,9,2022,2022,0,18,5
51,101,16,0,9,2022,2022,0,18,7
51,101,16,0,9,2023,2023,0,21,7
51,101,16,0,7,2023,2023,8,24,10
52,101,18,0,9,2021,2021,0,20,7
52,101,18,0,1,2021,2021,0,1,8
52,101,18,0,4,2021,2021,0,29,10
52,101,18,0,5,2021,2021,0,29,10
52,101,18,0,9,2023,2023,0,21,7
52,100,24,0,9,2027,2027,0,2,8
55,100,9,0,14,2025,2025,0,22,11
56,100,3,0,9,2022,2022,0,19,7
56,100,3,0,9,2023,2023,0,20,7
56,100,3,0,9,2024,2024,0,21,7
57,100,3,0,9,2019,2019,0,22,7
57,100,3,0,6,2019,2019,0,22,10
57,100,9,0,14,2023,2023,0,23,10
57,100,11,0,9,2027,2027,0,2,8
58,100,11,0,3,2019,2019,0,1,9
58,100,11,0,14,2019,2019,0,20,10
58,100,11,0,6,2019,2019,0,22,10
58,100,11,0,11,2019,2019,10,22,10
58,100,11,0,14,2020,2020,0,20,10
58,100,11,0,11,2020,2020,10,23,10
58,100,11,0,14,2021,2021,0,29,10
58,100,11,0,14,2022,2022,0,30,10
59,100,2,0,9,2019,2019,0,22,7
59,100,2,0,9,2020,2020,0,22,7
59,100,2,0,9,2021,2021,0,21,7
60,100,9,0,0,2019,2019,0,15,7
60,100,9,0,9,2019,2019,0,22,7
60,100,9,0,0,2020,2020,0,13,7
60,100,9,0,9,2020,2020,0,22,7
60,100,9,0,9,2021,2021,0,21,7
60,100,9,0,9,2022,2022,0,19,7
60,100,9,0,9,2023,2023,0,20,7
60,100,9,0,14,2023,2023,0,23,10
60,100,9,0,9,2025,2025,0,3,8
60,100,9,0,14,2025,2025,0,22,11
60,100,9,0,14,2026,2026,0,21,11
62,100,11,0,14,2019,2019,0,20,10
62,1000,13,0,13,2020,2020,0,22,3
62,100,11,0,9,2020,2020,0,22,7
62,100,11,0,14,2020,2020,0,20,10
62,100,11,0,13,2020,2020,0,23,10
62,100,11,0,9,2021,2021,0,21,7
62,100,11,0,14,2021,2021,0,29,10
62,100,3,0,9,2022,2022,0,19,7
62,100,3,0,13,2022,2022,0,31,10
62,100,9,0,9,2023,2023,0,20,7
62,100,9,0,14,2023,2023,0,23,10
62,100,9,0,13,2023,2023,0,24,10
62,100,9,0,0,2024,2024,0,27,5
62,100,9,0,1,2024,2024,0,1,6
62,100,9,0,9,2024,2024,0,21,7
62,100,9,0,4,2024,2024,0,30,10
62,100,24,0,9,2025,2025,0,3,8
62,100,24,0,9,2026,2026,0,3,8
62,100,24,0,1,2026,2026,0,1,10
64,100,11,0,14,2019,2019,0,20,10
64,100,11,0,14,2020,2020,0,20,10
64,100,11,0,14,2021,2021,0,29,10
64,100,11,0,14,2022,2022,0,30,10
65,101,18,0,9,2022,2022,0,18,5
65,101,18,0,0,2022,2022,0,11,7
65,101,18,0,9,2022,2022,0,18,7
65,101,18,0,2,2022,2022,0,1,8
65,101,18,0,0,2022,2022,0,19,9
65,100,11,0,3,2023,2023,0,1,6
65,100,11,0,3,2023,2023,0,1,7
65,100,11,0,9,2023,2023,0,20,7
65,100,11,0,3,2023,2023,0,1,8
65,100,11,0,6,2023,2023,0,24,10
65,100,11,0,9,2024,2024,0,21,7
65,100,11,0,9,2025,2025,0,3,8
65,100,11,0,9,2026,2026,0,3,8
66,100,3,0,9,2021,2021,0,21,7
66,100,24,0,7,2025,2025,7,23,11
67,101,16,0,9,2022,2022,0,18,5
68,100,9,0,9,2018,2018,0,18,7
69,100,1,0,3,2022,2022,0,1,7
69,100,1,0,6,2022,2022,0,31,10
69,100,3,0,9,2027,2027,0,2,8
70,101,16,0,9,2022,2022,0,18,5
70,101,16,0,9,2022,2022,0,18,7
70,101,16,0,9,2023,2023,0,21,7
70,101,16,0,5,2023,2023,0,24,10
70,101,16,0,4,2023,2023,0,24,10
70,100,24,0,9,2027,2027,0,2,8
71,101,17,0,9,2026,2026,0,4,8
71,101,17,0,0,2026,2026,0,10,8
73,100,9,0,3,2018,2018,0,1,9
73,100,11,0,14,2019,2019,0,20,10
73,100,11,0,14,2020,2020,0,20,10
73,101,18,0,9,2021,2021,0,20,7
73,101,18,0,0,2021,2021,0,27,9
73,101,18,0,15,2021,2021,0,12,10
73,101,18,0,11,2021,2021,6,29,10
75,100,11,0,14,2018,2018,0,10,10
75,100,11,0,14,2019,2019,0,20,10
75,100,11,0,14,2020,2020,0,20,10
75,101,16,0,9,2021,2021,0,20,7
75,101,16,0,7,2021,2021,6,29,10
75,101,16,0,9,2022,2022,0,18,5
75,101,16,0,9,2022,2022,0,18,7
76,100,11,0,14,2018,2018,0,10,10
76,100,11,0,14,2019,2019,0,20,10
76,100,11,0,9,2020,2020,0,22,7
76,100,11,0,1,2020,2020,0,1,9
76,100,11,0,14,2020,2020,0,20,10
76,100,11,0,9,2021,2021,0,21,7
76,100,11,0,14,2021,2021,0,29,10
76,100,11,0,9,2022,2022,0,19,7
76,100,11,0,1,2022,2022,0,1,10
76,100,11,0,14,2022,2022,0,30,10
76,100,11,0,4,2022,2022,0,31,10
76,100,11,0,5,2022,2022,0,31,10
76,100,1,0,9,2023,2023,0,20,7
76,100,1,0,1,2023,2023,0,1,8
76,100,9,0,14,2023,2023,0,23,10
76,100,1,0,9,2024,2024,0,21,7
76,100,1,0,1,2024,2024,0,1,9
76,100,2,0,9,2025,2025,0,3,8
76,100,2,0,0,2025,2025,0,11,8
76,100,24,0,9,2026,2026,0,3,8
76,100,11,0,9,2027,2027,0,2,8
77,100,11,0,9,2018,2018,0,18,7
77,100,11,0,3,2018,2018,0,1,8
77,100,11,0,14,2018,2018,0,10,10
77,100,11,0,4,2018,2018,0,12,10
77,100,11,0,6,2018,2018,0,12,10
77,100,11,0,14,2019,2019,0,20,10
77,100,11,0,14,2020,2020,0,20,10
77,100,11,0,9,2021,2021,0,21,7
77,100,11,0,14,2021,2021,0,29,10
77,100,11,0,14,2022,2022,0,30,10
77,100,2,0,1,2024,2024,0,1,7
77,100,2,0,9,2024,2024,0,21,7
77,100,2,0,4,2024,2024,0,30,10
77,100,2,0,1,2025,2025,0,1,10
77,100,2,0,9,2026,2026,0,3,8
77,100,2,0,9,2027,2027,0,2,8
78,100,11,0,0,2018,2018,0,21,5
78,100,11,0,2,2018,2018,0,1,6
78,100,11,0,3,2018,2018,0,1,6
78,100,11,0,9,2018,2018,0,18,7
78,100,11,0,14,2018,2018,0,10,10
78,100,11,0,14,2019,2019,0,20,10
78,100,11,0,9,2020,2020,0,22,7
78,100,11,0,14,2020,2020,0,20,10
78,100,11,0,9,2021,2021,0,21,7
78,100,11,0,0,2021,2021,0,9,8
78,100,11,0,15,2021,2021,0,28,10
78,100,11,0,14,2021,2021,0,29,10
78,100,11,0,11,2021,2021,5,31,10
78,100,11,0,9,2022,2022,0,19,7
78,100,11,0,0,2022,2022,0,25,7
78,100,11,0,15,2022,2022,1,19,10
78,100,11,0,14,2022,2022,0,30,10
78,100,11,0,9,2023,2023,0,20,7
78,100,11,0,0,2023,2023,0,7,8
78,100,11,0,7,2023,2023,5,24,10
78,100,25,0,9,2025,2025,0,3,8
79,100,11,0,14,2018,2018,0,10,10
79,100,11,0,14,2019,2019,0,20,10
79,100,11,0,14,2020,2020,0,20,10
79,101,18,0,9,2021,2021,0,20,7
79,100,1,0,9,2025,2025,0,3,8
79,100,1,0,9,2026,2026,0,3,8
80,100,3,0,9,2018,2018,0,18,7
80,100,3,0,9,2021,2021,0,21,7
80,100,3,0,9,2026,2026,0,3,8
81,100,3,0,9,2019,2019,0,22,7
81,1000,14,0,7,2020,2020,6,22,3
81,100,3,0,9,2020,2020,0,22,7
81,100,3,0,9,2021,2021,0,21,7
81,100,3,0,0,2021,2021,0,27,9
81,100,3,0,9,2023,2023,0,20,7
81,100,3,0,15,2023,2023,1,15,10
81,100,3,0,9,2024,2024,0,21,7
81,100,3,0,0,2024,2024,0,5,8
81,100,3,0,0,2024,2024,0,2,9
81,100,3,0,9,2025,2025,0,3,8
81,100,3,0,9,2026,2026,0,3,8
81,100,3,0,0,2026,2026,0,5,10
81,100,3,0,5,2026,2026,0,22,11
81,100,3,0,11,2026,2026,6,22,11
81,100,3,0,0,2027,2027,0,28,6
81,100,3,0,9,2027,2027,0,2,8
82,100,3,0,3,2018,2018,0,1,7
82,100,3,0,9,2018,2018,0,18,7
82,100,3,0,6,2018,2018,0,12,10
82,100,3,0,7,2018,2018,5,12,10
85,100,3,0,9,2019,2019,0,22,7
85,100,3,0,9,2020,2020,0,22,7
86,101,16,0,1,2021,2021,0,1,6
86,101,16,0,9,2021,2021,0,20,7
86,101,16,0,1,2021,2021,0,1,10
86,101,16,0,4,2021,2021,0,29,10
86,101,16,0,9,2022,2022,0,18,5
86,101,16,0,9,2022,2022,0,18,7
87,100,2,0,9,2020,2020,0,22,7
87,100,2,0,7,2020,2020,9,23,10
87,100,2,0,9,2022,2022,0,19,7
87,100,2,0,9,2024,2024,0,21,7
87,100,2,0,9,2025,2025,0,3,8
87,100,2,0,9,2026,2026,0,3,8
87,100,2,0,9,2027,2027,0,2,8
90,100,2,0,9,2019,2019,0,22,7
90,100,2,0,9,2020,2020,0,22,7
91,101,18,0,0,2021,2021,0,19,7
91,101,18,0,9,2021,2021,0,20,7
91,101,18,0,2,2021,2021,0,1,8
91,101,18,0,2,2021,2021,0,1,9
91,101,18,0,11,2021,2021,3,29,10
92,101,16,0,9,2022,2022,0,18,7
92,101,16,0,0,2022,2022,0,26,9
92,100,9,0,14,2023,2023,0,23,10
94,100,1,0,6,2018,2018,0,12,10
94,1000,13,0,7,2020,2020,5,22,3
94,1000,13,0,11,2020,2020,5,22,3
94,100,1,0,9,2020,2020,0,22,7
94,100,1,0,0,2021,2021,0,7,6
94,100,1,0,9,2021,2021,0,21,7
94,100,1,0,9,2022,2022,0,19,7
95,101,18,0,9,2022,2022,0,18,5
95,101,18,0,9,2022,2022,0,18,7
95,101,18,0,13,2022,2022,0,31,10
97,100,1,0,9,2020,2020,0,22,7
98,101,18,0,9,2022,2022,0,18,5
98,101,18,0,1,2022,2022,0,1,6
100,100,10,0,0,2018,2018,0,18,6
100,100,10,0,9,2018,2018,0,18,7
101,100,10,0,9,2024,2024,0,21,7
101,100,10,0,14,2024,2024,0,29,10
102,100,10,0,0,2019,2019,0,27,5
102,100,10,0,7,2019,2019,1,22,10
103,100,1,0,9,2019,2019,0,22,7
103,100,1,0,0,2019,2019,0,16,9
103,100,11,0,14,2022,2022,0,30,10
105,101,16,0,9,2021,2021,0,20,7
107,100,11,0,14,2020,2020,0,20,10
107,100,11,0,14,2021,2021,0,29,10
108,100,10,0,6,2017,2017,0,17,10
111,100,9,0,0,2018,2018,0,3,9
111,100,9,0,9,2020,2020,0,22,7
111,100,9,0,7,2020,2020,5,23,10
111,100,9,0,0,2021,2021,0,31,5
111,100,9,0,9,2021,2021,0,21,7
111,100,9,0,9,2023,2023,0,20,7
111,100,9,0,14,2023,2023,0,23,10
111,100,9,0,0,2024,2024,0,15,7
111,100,9,0,9,2024,2024,0,21,7
111,100,9,0,2,2024,2024,0,1,8
111,100,9,0,11,2024,2024,5,30,10
111,100,9,0,0,2025,2025,0,23,6
111,100,9,0,9,2025,2025,0,3,8
111,100,9,0,0,2025,2025,0,13,10
111,100,9,0,14,2025,2025,0,22,11
111,100,9,0,0,2026,2026,0,27,7
111,100,9,0,9,2026,2026,0,3,8
111,100,9,0,14,2026,2026,0,21,11
111,100,9,0,7,2026,2026,5,22,11
111,100,9,0,11,2026,2026,5,22,11
111,100,9,0,9,2027,2027,0,2,8
112,100,9,0,7,2020,2020,1,23,10
112,101,18,0,9,2022,2022,0,18,5
112,101,18,0,9,2022,2022,0,18,7
114,100,9,0,6,2017,2017,0,17,10
116,101,16,0,13,2021,2021,0,29,10
119,100,10,0,9,2019,2019,0,22,7
119,100,10,0,7,2020,2020,3,23,10
119,100,10,0,7,2022,2022,3,31,10
119,100,10,0,9,2024,2024,0,21,7
119,100,10,0,14,2024,2024,0,29,10
119,100,10,0,7,2025,2025,3,23,11
119,100,10,0,9,2026,2026,0,3,8
119,100,10,0,7,2026,2026,3,22,11
120,100,3,0,9,2017,2017,0,25,6
120,100,3,0,7,2018,2018,9,12,10
120,100,3,0,9,2019,2019,0,22,7
120,101,16,0,9,2021,2021,0,20,7
120,101,16,0,11,2021,2021,10,29,10
121,100,9,0,0,2018,2018,0,10,9
121,100,9,0,3,2018,2018,0,1,10
121,100,9,0,0,2019,2019,0,12,8
121,100,9,0,11,2019,2019,4,22,10
121,1000,15,0,11,2020,2020,10,22,3
121,100,9,0,0,2021,2021,0,24,5
121,100,9,0,9,2021,2021,0,21,7
121,100,9,0,11,2021,2021,4,31,10
121,100,9,0,0,2022,2022,0,22,8
121,100,9,0,7,2022,2022,4,31,10
121,100,9,0,0,2023,2023,0,10,7
121,100,9,0,9,2023,2023,0,20,7
121,100,9,0,14,2023,2023,0,23,10
121,100,9,0,0,2024,2024,0,8,7
121,100,9,0,9,2024,2024,0,21,7
121,100,9,0,11,2024,2024,4,30,10
121,100,9,0,0,2025,2025,0,21,7
121,100,9,0,9,2025,2025,0,3,8
121,100,9,0,15,2025,2025,0,21,11
121,100,9,0,14,2025,2025,0,22,11
121,100,9,0,9,2026,2026,0,3,8
121,100,9,0,14,2026,2026,0,21,11
121,100,9,0,11,2026,2026,4,22,11
122,100,1,0,9,2021,2021,0,21,7
122,100,1,0,9,2024,2024,0,21,7
122,100,9,0,0,2026,2026,0,15,6
122,100,9,0,2,2026,2026,0,1,7
122,100,9,0,9,2026,2026,0,3,8
122,100,9,0,14,2026,2026,0,21,11
122,100,9,0,7,2026,2026,6,22,11
122,100,9,0,9,2027,2027,0,2,8
123,100,11,0,14,2022,2022,0,30,10
123,100,11,0,9,2024,2024,0,21,7
124,100,10,0,3,2020,2020,0,1,6
124,100,10,0,9,2020,2020,0,22,7
124,100,10,0,3,2020,2020,0,1,8
124,100,10,0,6,2020,2020,0,23,10
124,100,1,0,9,2022,2022,0,19,7
124,100,1,0,7,2022,2022,7,31,10
124,100,1,0,9,2023,2023,0,20,7
124,100,1,0,9,2024,2024,0,21,7
124,100,24,0,0,2025,2025,0,18,8
124,100,24,0,9,2027,2027,0,2,8
125,101,16,0,7,2022,2022,6,31,10
125,101,16,0,9,2023,2023,0,21,7
125,101,16,0,9,2024,2024,0,21,7
126,100,9,0,1,2020,2020,0,1,6
126,100,9,0,9,2022,2022,0,19,7
126,100,9,0,0,2022,2022,0,5,9
126,100,9,0,4,2022,2022,0,31,10
126,100,9,0,14,2023,2023,0,23,10
126,100,9,0,9,2024,2024,0,21,7
126,100,9,0,9,2025,2025,0,3,8
126,100,9,0,14,2025,2025,0,22,11
126,100,9,0,9,2026,2026,0,3,8
126,100,9,0,14,2026,2026,0,21,11
127,100,10,0,14,2024,2024,0,29,10
128,101,16,0,9,2022,2022,0,18,7
128,101,16,0,0,2022,2022,0,22,8
128,101,16,0,7,2022,2022,3,31,10
130,100,1,0,14,2017,2017,0,16,10
130,100,3,0,9,2024,2024,0,21,7
134,101,17,0,9,2021,2021,0,20,7
135,101,19,0,9,2021,2021,0,20,7
135,101,19,0,9,2022,2022,0,18,5
135,101,19,0,9,2022,2022,0,18,7
137,100,2,0,3,2022,2022,0,1,8
137,100,2,0,9,2024,2024,0,21,7
137,100,2,0,9,2025,2025,0,3,8
137,100,2,0,9,2026,2026,0,3,8
137,100,2,0,0,2027,2027,0,14,6
137,100,2,0,9,2027,2027,0,2,8
138,101,18,0,9,2022,2022,0,18,7
138,101,18,0,1,2022,2022,0,1,8
138,101,18,0,4,2022,2022,0,31,10
138,101,18,0,9,2023,2023,0,21,7
138,100,10,0,9,2024,2024,0,21,7
138,100,10,0,14,2024,2024,0,29,10
138,100,10,0,6,2024,2024,0,30,10
138,100,25,0,9,2025,2025,0,3,8
138,100,25,0,9,2026,2026,0,3,8
140,101,18,0,0,2021,2021,0,14,6
140,101,18,0,9,2021,2021,0,20,7
140,101,18,0,7,2021,2021,7,29,10
140,101,18,0,11,2021,2021,7,29,10
140,100,11,0,14,2022,2022,0,30,10
140,100,11,0,0,2023,2023,0,24,7
144,101,18,0,9,2024,2024,0,21,7
144,101,18,0,13,2024,2024,0,30,10
144,101,18,0,9,2025,2025,0,4,8
144,101,18,0,9,2026,2026,0,4,8
144,101,18,0,1,2027,2027,0,1,8
144,101,18,0,9,2027,2027,0,1,8
145,101,18,0,9,2022,2022,0,18,5
145,101,18,0,9,2022,2022,0,18,7
145,101,18,0,1,2022,2022,0,1,10
145,101,18,0,4,2022,2022,0,31,10
145,101,18,0,6,2022,2022,0,31,10
145,101,18,0,10,2022,2022,0,31,10
145,101,18,0,5,2022,2022,0,31,10
145,100,9,0,9,2023,2023,0,20,7
145,100,9,0,14,2023,2023,0,23,10
145,100,9,0,6,2023,2023,0,24,10
145,100,9,0,9,2024,2024,0,21,7
145,100,9,0,14,2025,2025,0,22,11
145,100,9,0,9,2026,2026,0,3,8
145,100,9,0,1,2026,2026,0,1,9
145,100,9,0,14,2026,2026,0,21,11
145,100,9,0,9,2027,2027,0,2,8
146,101,18,0,9,2022,2022,0,18,5
146,101,18,0,9,2022,2022,0,18,7
146,101,18,0,0,2022,2022,0,1,8
146,101,18,0,15,2022,2022,0,11,10
146,101,18,0,11,2022,2022,6,31,10
146,101,18,0,0,2023,2023,0,17,7
146,101,18,0,9,2023,2023,0,21,7
146,101,18,0,2,2023,2023,0,1,8
146,101,18,0,0,2023,2023,0,4,9
146,101,18,0,11,2023,2023,6,24,10
146,100,1,0,3,2024,2024,0,1,6
146,100,1,0,3,2024,2024,0,1,7
146,100,1,0,3,2024,2024,0,1,9
146,100,1,0,3,2024,2024,0,1,10
146,100,1,0,6,2024,2024,0,30,10
146,100,1,0,0,2026,2026,0,17,8
147,100,1,0,9,2021,2021,0,21,7
147,100,1,0,9,2022,2022,0,19,7
147,100,1,0,9,2023,2023,0,20,7
147,100,1,0,9,2024,2024,0,21,7
147,100,1,0,9,2025,2025,0,3,8
147,100,1,0,9,2026,2026,0,3,8
148,100,1,0,14,2017,2017,0,16,10
149,100,1,0,3,2022,2022,0,1,9
149,100,1,0,3,2022,2022,0,1,10
149,100,1,0,7,2024,2024,3,30,10
149,100,1,0,0,2025,2025,0,6,10
149,100,24,0,9,2027,2027,0,2,8
150,100,1,0,14,2017,2017,0,16,10
151,100,2,0,3,2022,2022,0,1,6
151,100,2,0,9,2023,2023,0,20,7
151,100,2,0,9,2024,2024,0,21,7
151,100,2,0,7,2024,2024,5,30,10
151,100,2,0,0,2025,2025,0,28,7
152,100,1,0,14,2017,2017,0,16,10
153,101,18,0,9,2024,2024,0,21,7
153,101,18,0,7,2024,2024,7,30,10
153,101,18,0,9,2026,2026,0,4,8
155,101,16,0,9,2022,2022,0,18,7
155,101,16,0,4,2022,2022,0,31,10
156,100,2,0,1,2021,2021,0,1,6
156,100,2,0,9,2021,2021,0,21,7
156,100,2,0,9,2023,2023,0,20,7
158,101,16,0,2,2022,2022,0,1,7
158,101,16,0,9,2022,2022,0,18,7
158,100,10,0,3,2023,2023,0,1,9
158,100,10,0,6,2023,2023,0,24,10
158,100,10,0,14,2024,2024,0,29,10
158,100,10,0,11,2025,2025,10,23,11
158,100,10,0,9,2027,2027,0,2,8
159,100,2,0,9,2020,2020,0,22,7
159,100,2,0,9,2021,2021,0,21,7
159,100,2,0,7,2021,2021,5,31,10
159,100,2,0,9,2022,2022,0,19,7
159,100,2,0,9,2023,2023,0,20,7
159,100,2,0,9,2024,2024,0,21,7
159,100,2,0,2,2024,2024,0,1,9
159,100,2,0,15,2024,2024,1,22,10
159,100,2,0,9,2025,2025,0,3,8
159,100,2,0,9,2026,2026,0,3,8
159,100,2,0,7,2026,2026,8,22,11
159,100,2,0,0,2027,2027,0,2,8
159,100,2,0,9,2027,2027,0,2,8
161,101,16,0,9,2025,2025,0,4,8
163,100,9,0,6,2017,2017,0,17,10
163,100,9,0,7,2017,2017,1,17,10
165,100,9,0,9,2017,2017,0,25,6
165,100,11,0,9,2018,2018,0,18,7
165,100,11,0,14,2018,2018,0,10,10
165,100,11,0,9,2019,2019,0,22,7
165,100,11,0,14,2019,2019,0,20,10
165,100,11,0,9,2020,2020,0,22,7
165,100,11,0,14,2020,2020,0,20,10
165,100,11,0,14,2021,2021,0,29,10
165,100,11,0,9,2022,2022,0,19,7
165,100,11,0,14,2022,2022,0,30,10
165,100,11,0,13,2022,2022,0,31,10
165,100,9,0,9,2025,2025,0,3,8
165,100,9,0,14,2025,2025,0,22,11
165,100,9,0,9,2026,2026,0,3,8
165,100,9,0,14,2026,2026,0,21,11
165,100,9,0,13,2026,2026,0,22,11
166,100,3,0,9,2017,2017,0,25,6
167,100,3,0,9,2017,2017,0,25,6
168,100,2,0,9,2017,2017,0,25,6
168,100,2,0,9,2018,2018,0,18,7
169,100,10,0,0,2017,2017,0,27,3
169,100,10,0,9,2017,2017,0,25,6
170,101,16,0,9,2021,2021,0,20,7
170,101,16,0,13,2021,2021,0,29,10
171,100,3,0,11,2017,2017,3,17,10
171,100,3,0,9,2018,2018,0,18,7
171,100,3,0,7,2018,2018,3,12,10
171,100,3,0,9,2019,2019,0,22,7
171,100,3,0,7,2019,2019,3,22,10
171,1000,12,0,11,2020,2020,3,22,3
171,100,3,0,9,2020,2020,0,22,7
171,100,3,0,0,2020,2020,0,10,8
171,100,3,0,0,2020,2020,0,21,9
171,100,3,0,11,2020,2020,3,23,10
171,100,3,0,9,2021,2021,0,21,7
171,100,3,0,9,2022,2022,0,19,7
171,100,3,0,9,2023,2023,0,20,7
171,100,3,0,0,2023,2023,0,31,7
171,100,3,0,0,2024,2024,0,24,6
171,100,3,0,9,2024,2024,0,21,7
171,100,3,0,0,2024,2024,0,12,8
171,100,3,0,0,2025,2025,0,2,6
171,100,24,0,9,2026,2026,0,3,8
171,100,24,0,0,2026,2026,0,21,9
172,100,3,0,9,2017,2017,0,25,6
172,100,3,0,9,2018,2018,0,18,7
173,100,1,0,14,2017,2017,0,16,10
173,100,3,0,0,2018,2018,0,16,7
173,100,3,0,9,2018,2018,0,18,7
173,100,3,0,5,2018,2018,0,12,10
173,100,3,0,11,2018,2018,4,12,10
173,100,3,0,9,2019,2019,0,22,7
173,100,3,0,9,2020,2020,0,22,7
173,100,3,0,0,2020,2020,0,31,8
173,100,3,0,2,2021,2021,0,1,6
173,100,3,0,9,2021,2021,0,21,7
173,100,3,0,0,2022,2022,0,11,7
173,100,3,0,9,2022,2022,0,19,7
173,100,3,0,11,2022,2022,4,31,10
173,100,3,0,9,2023,2023,0,20,7
173,100,3,0,0,2023,2023,0,21,8
173,100,3,0,11,2023,2023,4,24,10
173,100,3,0,0,2024,2024,0,17,6
173,100,3,0,0,2024,2024,0,1,7
173,100,3,0,2,2024,2024,0,1,7
173,100,3,0,9,2024,2024,0,21,7
173,100,3,0,0,2024,2024,0,30,9
173,100,3,0,2,2025,2025,0,1,8
173,100,3,0,9,2025,2025,0,3,8
173,100,3,0,0,2025,2025,0,25,8
173,100,3,0,0,2026,2026,0,25,5
173,100,3,0,9,2026,2026,0,3,8
173,100,3,0,0,2026,2026,0,24,8
173,100,3,0,2,2026,2026,0,1,9
174,100,1,0,1,2017,2017,0,1,6
174,100,1,0,9,2017,2017,0,25,6
174,100,1,0,1,2017,2017,0,1,7
174,100,1,0,14,2017,2017,0,16,10
174,100,1,0,13,2017,2017,0,17,10
174,100,1,0,4,2017,2017,0,17,10
174,100,1,0,9,2018,2018,0,18,7
174,100,1,0,1,2018,2018,0,1,10
174,100,1,0,13,2018,2018,0,12,10
174,100,1,0,9,2019,2019,0,22,7
174,100,1,0,13,2019,2019,0,22,10
174,100,1,0,9,2020,2020,0,22,7
174,100,3,0,9,2021,2021,0,21,7
174,100,3,0,13,2021,2021,0,31,10
174,100,3,0,9,2022,2022,0,19,7
174,100,3,0,9,2023,2023,0,20,7
174,100,9,0,9,2024,2024,0,21,7
174,100,9,0,13,2024,2024,0,30,10
174,100,24,0,9,2025,2025,0,3,8
174,100,24,0,1,2025,2025,0,1,9
174,100,24,0,9,2026,2026,0,3,8
174,100,24,0,4,2026,2026,0,22,11
174,100,24,0,1,2027,2027,0,1,8
174,100,24,0,9,2027,2027,0,2,8
175,100,1,0,14,2017,2017,0,16,10
175,100,1,0,9,2021,2021,0,21,7
176,100,11,0,9,2017,2017,0,25,6
176,100,11,0,9,2018,2018,0,18,7
176,100,11,0,14,2018,2018,0,10,10
176,100,9,0,9,2019,2019,0,22,7
177,100,1,0,9,2017,2017,0,25,6
177,100,1,0,0,2017,2017,0,31,7
177,100,1,0,14,2017,2017,0,16,10
177,100,1,0,11,2017,2017,9,17,10
177,100,1,0,0,2018,2018,0,2,7
177,100,1,0,9,2018,2018,0,18,7
177,100,1,0,0,2019,2019,0,1,7
177,100,1,0,2,2019,2019,0,1,7
177,100,1,0,9,2019,2019,0,22,7
177,100,1,0,11,2019,2019,9,22,10
177,1000,13,0,11,2020,2020,9,22,3
177,1000,13,0,5,2020,2020,0,22,3
177,100,3,0,2,2020,2020,0,1,6
177,100,3,0,0,2020,2020,0,22,6
177,100,3,0,9,2020,2020,0,22,7
177,100,3,0,11,2020,2020,9,23,10
177,100,3,0,0,2021,2021,0,21,6
177,100,3,0,9,2021,2021,0,21,7
177,100,3,0,0,2021,2021,0,2,8
177,100,3,0,11,2021,2021,10,31,10
177,100,3,0,9,2022,2022,0,19,7
177,100,3,0,0,2022,2022,0,12,9
177,100,3,0,11,2022,2022,9,31,10
177,100,3,0,9,2023,2023,0,20,7
177,100,3,0,9,2024,2024,0,21,7
177,100,3,0,0,2024,2024,0,22,7
177,100,2,0,0,2024,2024,0,9,9
178,100,10,0,7,2017,2017,7,17,10
178,100,10,0,9,2018,2018,0,18,7
178,100,10,0,9,2019,2019,0,22,7
178,100,11,0,14,2020,2020,0,20,10
178,100,11,0,7,2020,2020,8,23,10
178,100,11,0,9,2021,2021,0,21,7
178,100,11,0,14,2021,2021,0,29,10
178,100,11,0,14,2022,2022,0,30,10
178,100,11,0,7,2022,2022,8,31,10
178,100,11,0,7,2023,2023,8,24,10
180,100,1,0,9,2017,2017,0,25,6
180,100,1,0,14,2017,2017,0,16,10
180,100,1,0,9,2018,2018,0,18,7
180,100,1,0,7,2018,2018,7,12,10
180,100,1,0,0,2019,2019,0,10,6
180,100,1,0,9,2019,2019,0,22,7
180,100,1,0,9,2020,2020,0,22,7
180,100,1,0,11,2020,2020,8,23,10
180,100,1,0,9,2021,2021,0,21,7
180,100,1,0,7,2021,2021,8,31,10
180,100,1,0,11,2021,2021,8,31,10
180,100,1,0,0,2022,2022,0,27,6
180,100,1,0,9,2022,2022,0,19,7
180,100,1,0,9,2023,2023,0,20,7
180,100,1,0,0,2023,2023,0,18,9
180,100,1,0,7,2024,2024,8,30,10
180,100,1,0,9,2026,2026,0,3,8
181,100,2,0,9,2017,2017,0,25,6
181,100,2,0,9,2018,2018,0,18,7
182,100,1,0,14,2017,2017,0,16,10
182,100,1,0,9,2018,2018,0,18,7
182,100,1,0,9,2019,2019,0,22,7
182,100,1,0,9,2021,2021,0,21,7
185,100,10,0,9,2018,2018,0,18,7
185,100,10,0,0,2018,2018,0,23,7
185,100,10,0,9,2019,2019,0,22,7
185,100,10,0,7,2019,2019,6,22,10
185,1000,14,0,11,2020,2020,4,22,3
185,100,10,0,9,2020,2020,0,22,7
185,100,10,0,9,2021,2021,0,21,7
185,100,10,0,0,2021,2021,0,30,8
185,100,10,0,0,2022,2022,0,30,5
185,100,10,0,9,2022,2022,0,19,7
185,100,10,0,0,2023,2023,0,29,5
185,100,10,0,0,2023,2023,0,12,6
185,100,10,0,9,2023,2023,0,20,7
185,100,10,0,2,2023,2023,0,1,8
185,100,10,0,9,2024,2024,0,21,7
185,100,10,0,14,2024,2024,0,29,10
185,100,10,0,11,2024,2024,6,30,10
185,100,10,0,9,2025,2025,0,3,8
185,100,10,0,0,2025,2025,0,22,9
185,100,10,0,5,2025,2025,0,23,11
185,100,10,0,11,2025,2025,6,23,11
185,100,10,0,0,2026,2026,0,29,6
185,100,10,0,9,2026,2026,0,3,8
185,100,10,0,0,2026,2026,0,14,9
185,100,10,0,10,2026,2026,0,22,11
185,100,10,0,0,2027,2027,0,12,7
185,100,10,0,2,2027,2027,0,1,8
185,100,10,0,9,2027,2027,0,2,8
186,100,3,0,2,2017,2017,0,1,5
186,100,3,0,0,2017,2017,0,22,5
186,100,3,0,9,2017,2017,0,25,6
186,100,10,0,9,2019,2019,0,22,7
186,100,10,0,7,2019,2019,5,22,10
186,100,10,0,11,2019,2019,5,22,10
186,100,10,0,0,2020,2020,0,24,8
186,100,10,0,11,2020,2020,5,23,10
187,100,11,0,14,2018,2018,0,10,10
187,100,10,0,9,2019,2019,0,22,7
187,100,10,0,9,2020,2020,0,22,7
187,100,10,0,9,2021,2021,0,21,7
187,100,10,0,9,2022,2022,0,19,7
189,100,1,0,14,2017,2017,0,16,10
190,100,1,0,0,2017,2017,0,12,6
190,100,1,0,9,2017,2017,0,25,6
190,100,1,0,0,2017,2017,0,10,7
190,100,1,0,14,2017,2017,0,16,10
190,100,1,0,7,2017,2017,3,17,10
190,101,16,0,9,2021,2021,0,20,7
190,101,16,0,7,2021,2021,3,29,10
191,100,10,0,9,2018,2018,0,18,7
191,100,10,0,9,2021,2021,0,21,7
191,100,10,0,9,2022,2022,0,19,7
192,100,10,0,9,2017,2017,0,25,6
192,100,10,0,9,2018,2018,0,18,7
192,100,10,0,9,2019,2019,0,22,7
192,100,10,0,9,2020,2020,0,22,7
192,100,10,0,13,2020,2020,0,23,10
192,100,10,0,9,2021,2021,0,21,7
192,100,10,0,13,2021,2021,0,31,10
192,100,10,0,9,2024,2024,0,21,7
192,100,10,0,14,2024,2024,0,29,10
192,100,10,0,13,2024,2024,0,30,10
192,100,24,0,9,2025,2025,0,3,8
192,100,24,0,13,2025,2025,0,23,11
192,100,24,0,9,2026,2026,0,3,8
192,100,24,0,13,2026,2026,0,22,11
194,100,11,0,9,2017,2017,0,25,6
194,101,16,0,9,2021,2021,0,20,7
195,100,11,0,13,2017,2017,0,17,10
195,100,9,0,9,2018,2018,0,18,7
195,100,9,0,9,2019,2019,0,22,7
195,100,9,0,13,2019,2019,0,22,10
195,100,9,0,9,2020,2020,0,22,7
195,100,9,0,9,2021,2021,0,21,7
195,100,9,0,13,2021,2021,0,31,10
195,100,9,0,9,2022,2022,0,19,7
197,100,3,0,9,2017,2017,0,25,6
197,100,3,0,9,2018,2018,0,18,7
197,100,3,0,9,2019,2019,0,22,7
197,100,3,0,9,2021,2021,0,21,7
197,100,9,0,14,2025,2025,0,22,11
198,100,11,0,9,2017,2017,0,25,6
198,100,10,0,0,2019,2019,0,17,6
198,100,1,0,9,2022,2022,0,19,7
199,100,1,0,14,2017,2017,0,16,10
200,100,11,0,1,2018,2018,0,1,7
200,100,11,0,9,2018,2018,0,18,7
200,100,11,0,14,2018,2018,0,10,10
200,100,11,0,4,2018,2018,0,12,10
200,100,11,0,9,2019,2019,0,22,7
200,100,11,0,14,2019,2019,0,20,10
200,100,11,0,9,2020,2020,0,22,7
200,100,11,0,1,2020,2020,0,1,8
200,100,11,0,14,2020,2020,0,20,10
200,100,11,0,4,2020,2020,0,23,10
200,100,11,0,9,2021,2021,0,21,7
200,100,11,0,1,2021,2021,0,1,8
200,100,11,0,14,2021,2021,0,29,10
200,100,11,0,4,2021,2021,0,31,10
200,100,11,0,9,2022,2022,0,19,7
200,100,11,0,14,2022,2022,0,30,10
200,100,3,0,9,2023,2023,0,20,7
200,100,3,0,1,2023,2023,0,1,9
200,100,3,0,4,2023,2023,0,24,10
200,100,3,0,5,2023,2023,0,24,10
200,100,10,0,1,2024,2024,0,1,10
200,100,10,0,14,2024,2024,0,29,10
200,100,24,0,1,2025,2025,0,1,6
200,100,24,0,9,2025,2025,0,3,8
200,100,24,0,4,2025,2025,0,23,11
200,100,24,0,1,2026,2026,0,1,8
200,100,24,0,9,2027,2027,0,2,8
201,100,2,0,9,2019,2019,0,22,7
201,100,2,0,9,2020,2020,0,22,7
201,100,2,0,9,2021,2021,0,21,7
202,101,18,0,9,2021,2021,0,20,7
203,100,3,0,9,2017,2017,0,25,6
203,100,3,0,9,2018,2018,0,18,7
203,100,3,0,9,2019,2019,0,22,7
203,100,3,0,0,2019,2019,0,29,7
203,1000,13,0,4,2020,2020,0,22,3
203,100,3,0,9,2021,2021,0,21,7
203,100,3,0,9,2022,2022,0,19,7
203,100,3,0,0,2023,2023,0,3,7
203,100,3,0,1,2023,2023,0,1,10
204,100,3,0,9,2017,2017,0,25,6
204,100,3,0,0,2017,2017,0,25,9
204,100,3,0,9,2018,2018,0,18,7
204,100,3,0,9,2019,2019,0,22,7
204,100,3,0,0,2019,2019,0,19,8
204,100,3,0,11,2019,2019,2,22,10
204,100,3,0,9,2020,2020,0,22,7
204,100,3,0,9,2021,2021,0,21,7
204,100,3,0,9,2022,2022,0,19,7
204,100,3,0,9,2023,2023,0,20,7
204,100,3,0,7,2023,2023,2,24,10
204,100,3,0,9,2024,2024,0,21,7
204,100,3,0,9,2025,2025,0,3,8
204,100,3,0,9,2027,2027,0,2,8
205,100,2,0,9,2017,2017,0,25,6
205,100,2,0,11,2017,2017,10,17,10
205,100,2,0,9,2018,2018,0,18,7
205,100,2,0,9,2020,2020,0,22,7
205,100,2,0,0,2020,2020,0,7,9
206,100,2,0,11,2017,2017,4,17,10
206,100,2,0,9,2019,2019,0,22,7
206,100,2,0,9,2020,2020,0,22,7
206,100,2,0,9,2021,2021,0,21,7
206,100,2,0,9,2022,2022,0,19,7
206,100,2,0,9,2023,2023,0,20,7
206,100,2,0,0,2023,2023,0,11,9
206,100,2,0,9,2025,2025,0,3,8
207,100,1,0,14,2017,2017,0,16,10
207,100,1,0,9,2020,2020,0,22,7
207,100,11,0,7,2023,2023,1,24,10
208,100,1,0,14,2017,2017,0,16,10
208,100,1,0,9,2018,2018,0,18,7
208,100,1,0,1,2019,2019,0,1,7
208,100,1,0,9,2019,2019,0,22,7
208,100,1,0,4,2019,2019,0,22,10
208,1000,14,0,4,2020,2020,0,22,3
208,100,1,0,1,2022,2022,0,1,7
208,100,1,0,9,2022,2022,0,19,7
208,100,1,0,1,2022,2022,0,1,9
208,100,1,0,9,2024,2024,0,21,7
208,100,1,0,9,2025,2025,0,3,8
208,100,1,0,4,2025,2025,0,23,11
208,100,10,0,1,2026,2026,0,1,7
208,100,10,0,9,2026,2026,0,3,8
208,100,10,0,1,2026,2026,0,1,11
208,100,10,0,4,2026,2026,0,22,11
208,100,10,0,1,2027,2027,0,1,7
208,100,10,0,9,2027,2027,0,2,8
209,100,9,0,0,2017,2017,0,21,8
210,100,9,0,9,2019,2019,0,22,7
210,100,1,0,7,2021,2021,1,31,10
211,100,9,0,9,2017,2017,0,25,6
211,100,9,0,1,2019,2019,0,1,10
211,1000,13,0,4,2020,2020,0,22,3
211,1000,13,0,5,2020,2020,0,22,3
211,100,3,0,9,2020,2020,0,22,7
211,100,3,0,9,2021,2021,0,21,7
211,100,3,0,5,2021,2021,0,31,10
211,100,3,0,4,2021,2021,0,31,10
211,100,3,0,9,2022,2022,0,19,7
211,100,3,0,4,2022,2022,0,31,10
211,100,3,0,9,2023,2023,0,20,7
211,100,3,0,4,2023,2023,0,24,10
211,100,1,0,7,2024,2024,1,30,10
212,100,10,0,9,2017,2017,0,25,6
213,100,2,0,9,2017,2017,0,25,6
213,100,2,0,9,2019,2019,0,22,7
213,1000,14,0,13,2020,2020,0,22,3
213,100,2,0,9,2020,2020,0,22,7
213,100,2,0,9,2021,2021,0,21,7
213,100,2,0,9,2024,2024,0,21,7
214,100,9,0,14,2025,2025,0,22,11
215,100,10,0,9,2017,2017,0,25,6
215,100,10,0,9,2018,2018,0,18,7
215,100,10,0,13,2018,2018,0,12,10
215,100,10,0,9,2021,2021,0,21,7
216,100,11,0,14,2018,2018,0,10,10
216,100,11,0,14,2019,2019,0,20,10
218,100,10,0,9,2019,2019,0,22,7
218,100,9,0,9,2025,2025,0,3,8
218,100,9,0,14,2025,2025,0,22,11
218,100,9,0,14,2026,2026,0,21,11
218,100,9,0,1,2027,2027,0,1,6
219,100,10,0,9,2017,2017,0,25,6
219,100,10,0,13,2017,2017,0,17,10
219,100,11,0,9,2018,2018,0,18,7
219,100,11,0,1,2018,2018,0,1,8
219,100,11,0,14,2018,2018,0,10,10
219,100,11,0,13,2018,2018,0,12,10
219,100,11,0,9,2019,2019,0,22,7
219,100,11,0,14,2019,2019,0,20,10
219,100,11,0,13,2019,2019,0,22,10
219,1000,13,0,13,2020,2020,0,22,3
219,100,11,0,9,2020,2020,0,22,7
219,100,11,0,14,2020,2020,0,20,10
219,100,11,0,13,2020,2020,0,23,10
219,100,11,0,9,2021,2021,0,21,7
219,100,11,0,14,2021,2021,0,29,10
219,100,2,0,9,2022,2022,0,19,7
219,100,10,0,9,2023,2023,0,20,7
219,100,10,0,13,2023,2023,0,24,10
219,100,10,0,14,2024,2024,0,29,10
219,100,10,0,9,2025,2025,0,3,8
219,100,10,0,13,2025,2025,0,23,11
219,100,10,0,7,2025,2025,1,23,11
221,100,2,0,9,2017,2017,0,25,6
221,100,2,0,0,2017,2017,0,3,7
221,100,2,0,9,2018,2018,0,18,7
222,100,11,0,14,2018,2018,0,10,10
222,100,11,0,14,2019,2019,0,20,10
222,101,16,0,9,2021,2021,0,20,7
223,100,1,0,1,2017,2017,0,1,5
223,100,1,0,3,2017,2017,0,1,5
223,100,1,0,9,2017,2017,0,25,6
223,100,1,0,1,2017,2017,0,1,8
223,100,1,0,1,2017,2017,0,1,9
223,100,1,0,1,2017,2017,0,1,10
223,100,1,0,14,2017,2017,0,16,10
223,100,1,0,4,2017,2017,0,17,10
223,100,1,0,5,2017,2017,0,17,10
223,100,1,0,10,2017,2017,0,17,10
223,100,1,0,1,2018,2018,0,1,6
223,100,1,0,9,2018,2018,0,18,7
223,100,1,0,9,2019,2019,0,22,7
223,100,9,0,9,2020,2020,0,22,7
223,100,9,0,4,2020,2020,0,23,10
223,100,9,0,9,2021,2021,0,21,7
223,100,9,0,1,2021,2021,0,1,9
223,100,9,0,9,2023,2023,0,20,7
223,100,9,0,14,2023,2023,0,23,10
223,100,9,0,9,2025,2025,0,3,8
223,100,9,0,14,2025,2025,0,22,11
223,100,9,0,14,2026,2026,0,21,11
224,101,16,0,9,2021,2021,0,20,7
225,100,9,0,9,2019,2019,0,22,7
225,100,10,0,7,2026,2026,1,22,11
226,100,10,0,9,2018,2018,0,18,7
226,100,10,0,4,2018,2018,0,12,10
226,100,10,0,0,2019,2019,0,8,7
226,100,10,0,1,2019,2019,0,1,8
226,100,10,0,9,2021,2021,0,21,7
226,100,10,0,7,2022,2022,1,31,10
227,100,11,0,9,2017,2017,0,25,6
227,100,11,0,10,2017,2017,0,17,10
227,100,11,0,4,2017,2017,0,17,10
227,100,11,0,9,2018,2018,0,18,7
227,100,11,0,1,2018,2018,0,1,9
227,100,11,0,14,2018,2018,0,10,10
227,100,11,0,10,2018,2018,0,12,10
227,100,11,0,0,2019,2019,0,3,6
227,100,11,0,9,2019,2019,0,22,7
227,100,11,0,1,2019,2019,0,1,9
227,100,11,0,14,2019,2019,0,20,10
227,100,11,0,4,2019,2019,0,22,10
227,100,11,0,5,2019,2019,0,22,10
227,100,11,0,10,2019,2019,0,22,10
227,100,11,0,9,2020,2020,0,22,7
227,100,11,0,14,2020,2020,0,20,10
227,100,11,0,4,2020,2020,0,23,10
227,100,11,0,5,2020,2020,0,23,10
227,100,11,0,1,2021,2021,0,1,7
227,100,11,0,9,2021,2021,0,21,7
227,100,11,0,14,2021,2021,0,29,10
227,100,11,0,4,2021,2021,0,31,10
227,100,11,0,5,2021,2021,0,31,10
227,100,11,0,9,2022,2022,0,19,7
227,100,11,0,14,2022,2022,0,30,10
227,100,10,0,1,2023,2023,0,1,7
227,100,10,0,9,2023,2023,0,20,7
227,100,10,0,4,2023,2023,0,24,10
227,100,10,0,9,2024,2024,0,21,7
227,100,10,0,1,2024,2024,0,1,8
227,100,10,0,14,2024,2024,0,29,10
227,100,10,0,4,2024,2024,0,30,10
227,100,10,0,5,2024,2024,0,30,10
227,100,10,0,10,2024,2024,0,30,10
227,100,10,0,1,2025,2025,0,1,7
227,100,10,0,9,2025,2025,0,3,8
227,100,10,0,5,2025,2025,0,23,11
227,100,10,0,4,2025,2025,0,23,11
227,100,10,0,1,2026,2026,0,1,6
227,100,10,0,9,2026,2026,0,3,8
227,100,10,0,4,2026,2026,0,22,11
227,100,10,0,9,2027,2027,0,2,8
228,100,3,0,9,2017,2017,0,25,6
228,100,2,0,9,2020,2020,0,22,7
228,100,2,0,9,2021,2021,0,21,7
228,100,2,0,0,2021,2021,0,26,7
229,1000,13,0,7,2020,2020,1,22,3
229,100,3,0,9,2020,2020,0,22,7
229,100,3,0,1,2020,2020,0,1,10
230,100,11,0,9,2017,2017,0,25,6
230,100,11,0,14,2018,2018,0,10,10
230,100,11,0,14,2019,2019,0,20,10
233,100,9,0,9,2017,2017,0,25,6
235,100,9,0,9,2017,2017,0,25,6
236,100,11,0,9,2017,2017,0,25,6
236,100,11,0,0,2017,2017,0,24,7
236,100,11,0,9,2018,2018,0,18,7
236,100,11,0,14,2018,2018,0,10,10
236,100,11,0,14,2019,2019,0,20,10
236,1000,13,0,7,2020,2020,3,22,3
236,100,11,0,14,2020,2020,0,20,10
236,100,11,0,9,2021,2021,0,21,7
236,100,11,0,14,2021,2021,0,29,10
236,100,11,0,11,2021,2021,3,31,10
236,100,11,0,14,2022,2022,0,30,10
237,100,1,0,0,2017,2017,0,17,7
237,100,1,0,2,2017,2017,0,1,8
237,100,1,0,3,2017,2017,0,1,8
237,100,1,0,14,2017,2017,0,16,10
237,100,1,0,9,2018,2018,0,18,7
237,100,1,0,11,2018,2018,3,12,10
237,100,1,0,9,2019,2019,0,22,7
237,100,1,0,0,2019,2019,0,9,9
237,100,1,0,11,2019,2019,3,22,10
237,100,9,0,9,2020,2020,0,22,7
237,100,9,0,9,2021,2021,0,21,7
237,100,9,0,0,2021,2021,0,16,8
237,100,9,0,7,2021,2021,3,31,10
237,100,9,0,9,2022,2022,0,19,7
237,100,9,0,0,2022,2022,0,26,9
237,100,9,0,11,2022,2022,3,31,10
237,100,9,0,9,2023,2023,0,20,7
237,100,9,0,0,2023,2023,0,2,10
237,100,9,0,14,2023,2023,0,23,10
237,100,9,0,7,2023,2023,3,24,10
237,100,9,0,11,2023,2023,3,24,10
237,100,9,0,9,2024,2024,0,21,7
237,100,9,0,2,2025,2025,0,1,6
237,100,9,0,9,2025,2025,0,3,8
237,100,9,0,0,2025,2025,0,1,9
237,100,9,0,0,2025,2025,0,8,9
237,100,9,0,0,2025,2025,0,20,10
237,100,9,0,14,2025,2025,0,22,11
237,100,9,0,5,2025,2025,0,23,11
237,100,9,0,11,2025,2025,3,23,11
237,100,9,0,9,2026,2026,0,3,8
237,100,9,0,15,2026,2026,0,20,11
237,100,9,0,14,2026,2026,0,21,11
237,100,9,0,11,2026,2026,3,22,11
237,100,9,0,0,2027,2027,0,24,5
237,100,9,0,9,2027,2027,0,2,8
239,100,10,0,0,2020,2020,0,25,5
239,100,10,0,0,2021,2021,0,5,7
239,100,10,0,9,2021,2021,0,21,7
239,100,10,0,7,2021,2021,4,31,10
239,100,10,0,0,2022,2022,0,23,5
239,100,10,0,9,2022,2022,0,19,7
239,100,9,0,0,2022,2022,0,15,8
239,100,9,0,11,2022,2022,5,31,10
239,100,10,0,0,2023,2023,0,4,9
239,100,10,0,2,2023,2023,0,1,10
239,100,10,0,7,2023,2023,4,24,10
239,100,10,0,15,2024,2024,0,28,10
239,100,10,0,14,2024,2024,0,29,10
239,100,10,0,0,2025,2025,0,16,6
239,100,10,0,2,2025,2025,0,1,7
239,100,10,0,9,2025,2025,0,3,8
239,100,10,0,7,2025,2025,4,23,11
239,100,10,0,0,2026,2026,0,8,6
239,100,10,0,9,2026,2026,0,3,8
239,100,10,0,2,2027,2027,0,1,6
239,100,10,0,9,2027,2027,0,2,8
240,100,1,0,14,2017,2017,0,16,10
240,100,1,0,9,2018,2018,0,18,7
240,100,1,0,7,2018,2018,4,12,10
240,101,16,0,9,2021,2021,0,20,7
240,101,16,0,7,2021,2021,4,29,10
241,100,1,0,14,2017,2017,0,16,10
243,100,9,0,9,2017,2017,0,25,6
244,100,11,0,9,2017,2017,0,25,6
244,100,11,0,0,2017,2017,0,7,8
244,100,11,0,0,2017,2017,0,2,10
244,100,11,0,7,2017,2017,6,17,10
244,100,11,0,9,2018,2018,0,18,7
244,100,11,0,14,2018,2018,0,10,10
244,100,11,0,0,2019,2019,0,22,7
244,100,11,0,9,2019,2019,0,22,7
244,100,11,0,14,2019,2019,0,20,10
244,100,11,0,14,2020,2020,0,20,10
244,100,11,0,9,2021,2021,0,21,7
244,100,11,0,2,2021,2021,0,1,9
244,100,11,0,0,2021,2021,0,6,9
244,100,11,0,14,2021,2021,0,29,10
244,100,11,0,9,2022,2022,0,19,7
244,100,11,0,14,2022,2022,0,30,10
244,100,11,0,10,2022,2022,0,31,10
244,100,3,0,11,2023,2023,10,24,10
244,100,11,0,0,2024,2024,0,20,5
244,100,11,0,9,2024,2024,0,21,7
244,100,24,0,9,2026,2026,0,3,8
244,100,24,0,9,2027,2027,0,2,8
245,100,2,0,9,2019,2019,0,22,7
245,100,2,0,9,2020,2020,0,22,7
245,100,2,0,0,2021,2021,0,28,6
245,100,2,0,9,2021,2021,0,21,7
245,100,2,0,0,2024,2024,0,19,8
245,100,2,0,11,2024,2024,10,30,10
246,100,2,0,9,2017,2017,0,25,6
246,100,2,0,11,2017,2017,6,17,10
246,100,9,0,0,2018,2018,0,28,5
246,100,9,0,9,2018,2018,0,18,7
246,100,9,0,0,2018,2018,0,27,8
246,100,9,0,2,2018,2018,0,1,9
246,100,9,0,0,2018,2018,0,24,9
246,100,9,0,2,2018,2018,0,1,10
246,100,9,0,5,2018,2018,0,12,10
246,100,9,0,7,2018,2018,6,12,10
246,100,9,0,11,2018,2018,6,12,10
246,100,9,0,9,2019,2019,0,22,7
246,100,9,0,2,2019,2019,0,1,9
246,100,9,0,5,2019,2019,0,22,10
246,100,9,0,11,2019,2019,6,22,10
246,1000,13,0,11,2020,2020,6,22,3
246,1000,13,0,5,2020,2020,0,22,3
246,100,9,0,9,2020,2020,0,22,7
246,100,9,0,0,2020,2020,0,3,8
246,100,9,0,0,2020,2020,0,14,9
246,100,9,0,0,2020,2020,0,28,9
246,100,9,0,2,2020,2020,0,1,10
246,100,9,0,15,2020,2020,1,10,10
246,100,9,0,5,2020,2020,0,23,10
246,100,9,0,10,2020,2020,0,23,10
246,100,9,0,7,2020,2020,6,23,10
246,100,9,0,11,2020,2020,6,23,10
246,100,9,0,0,2021,2021,0,14,6
246,100,9,0,2,2021,2021,0,1,7
246,100,9,0,9,2021,2021,0,21,7
246,100,9,0,5,2021,2021,0,31,10
246,100,9,0,10,2021,2021,0,31,10
246,100,9,0,7,2021,2021,6,31,10
246,100,9,0,11,2021,2021,6,31,10
246,100,9,0,0,2022,2022,0,20,6
246,100,9,0,2,2022,2022,0,1,7
246,100,9,0,0,2022,2022,0,18,7
246,100,9,0,9,2022,2022,0,19,7
246,100,9,0,0,2022,2022,0,8,8
246,100,9,0,2,2022,2022,0,1,9
246,100,9,0,5,2022,2022,0,31,10
246,100,9,0,10,2022,2022,0,31,10
246,100,9,0,7,2022,2022,6,31,10
246,100,9,0,11,2022,2022,6,31,10
246,100,9,0,2,2023,2023,0,1,6
246,100,9,0,0,2023,2023,0,5,6
246,100,9,0,0,2023,2023,0,17,7
246,100,9,0,9,2023,2023,0,20,7
246,100,9,0,0,2023,2023,0,14,8
246,100,9,0,2,2023,2023,0,1,9
246,100,9,0,14,2023,2023,0,23,10
246,100,9,0,5,2023,2023,0,24,10
246,100,9,0,7,2023,2023,6,24,10
246,100,9,0,11,2023,2023,6,24,10
246,100,9,0,7,2024,2024,6,30,10
246,100,9,0,9,2025,2025,0,3,8
246,100,9,0,2,2025,2025,0,1,10
246,100,9,0,14,2025,2025,0,22,11
246,100,9,0,7,2025,2025,6,23,11
246,100,9,0,2,2026,2026,0,1,6
246,100,9,0,0,2026,2026,0,22,6
246,100,9,0,9,2026,2026,0,3,8
246,100,9,0,0,2026,2026,0,28,9
246,100,9,0,2,2026,2026,0,1,10
246,100,9,0,14,2026,2026,0,21,11
246,100,9,0,5,2026,2026,0,22,11
246,100,9,0,7,2026,2026,2,22,11
246,100,9,0,11,2026,2026,2,22,11
246,100,9,0,0,2027,2027,0,21,6
246,100,9,0,2,2027,2027,0,1,7
246,100,9,0,9,2027,2027,0,2,8
247,100,11,0,7,2017,2017,4,17,10
247,100,11,0,0,2018,2018,0,25,6
247,100,11,0,14,2018,2018,0,10,10
247,100,11,0,14,2019,2019,0,20,10
247,100,11,0,0,2024,2024,0,23,9
249,101,18,0,9,2021,2021,0,20,7
249,101,18,0,7,2021,2021,2,29,10
250,100,11,0,14,2018,2018,0,10,10
250,101,18,0,9,2021,2021,0,20,7
250,101,18,0,0,2021,2021,0,2,8
252,100,10,0,0,2017,2017,0,10,4
252,100,10,0,0,2017,2017,0,8,5
252,100,10,0,0,2017,2017,0,29,5
252,100,10,0,3,2017,2017,0,1,6
252,100,10,0,9,2017,2017,0,25,6
252,100,10,0,11,2017,2017,5,17,10
252,100,10,0,0,2018,2018,0,11,6
252,101,16,0,0,2021,2021,0,21,6
252,101,16,0,9,2021,2021,0,20,7
252,101,16,0,0,2021,2021,0,13,9
252,101,16,0,7,2021,2021,5,29,10
252,101,16,0,11,2021,2021,5,29,10
253,100,1,0,0,2017,2017,0,18,9
253,100,1,0,2,2017,2017,0,1,10
253,100,1,0,3,2017,2017,0,1,10
253,100,1,0,14,2017,2017,0,16,10
253,101,18,0,9,2021,2021,0,20,7
254,100,2,0,9,2018,2018,0,18,7
254,100,2,0,9,2021,2021,0,21,7
255,100,3,0,9,2017,2017,0,25,6
255,100,3,0,7,2017,2017,5,17,10
255,100,9,0,9,2018,2018,0,18,7
255,100,9,0,0,2018,2018,0,30,7
255,100,11,0,15,2018,2018,0,9,10
255,100,11,0,14,2018,2018,0,10,10
255,100,11,0,10,2018,2018,0,12,10
255,100,11,0,11,2018,2018,5,12,10
255,100,11,0,9,2019,2019,0,22,7
255,100,11,0,0,2019,2019,0,26,8
255,100,11,0,15,2019,2019,0,19,10
255,100,11,0,14,2019,2019,0,20,10
255,100,11,0,7,2019,2019,4,22,10
255,1000,12,0,7,2020,2020,4,22,3
255,100,11,0,9,2020,2020,0,22,7
255,100,11,0,2,2020,2020,0,1,9
255,100,11,0,15,2020,2020,0,19,10
255,100,11,0,14,2020,2020,0,20,10
255,100,11,0,5,2020,2020,0,23,10
255,100,11,0,7,2020,2020,4,23,10
255,100,11,0,11,2020,2020,4,23,10
255,100,11,0,9,2021,2021,0,21,7
255,100,11,0,14,2021,2021,0,29,10
255,100,2,0,0,2022,2022,0,6,6
255,100,2,0,9,2022,2022,0,19,7
255,100,1,0,0,2022,2022,0,29,8
255,100,1,0,9,2023,2023,0,20,7
255,100,1,0,0,2023,2023,0,25,9
255,100,2,0,10,2024,2024,0,30,10
255,100,2,0,7,2024,2024,4,30,10
255,100,2,0,9,2025,2025,0,3,8
255,100,2,0,10,2025,2025,0,23,11
255,100,2,0,11,2025,2025,4,23,11
255,100,11,0,9,2026,2026,0,3,8
255,100,11,0,0,2026,2026,0,31,8
255,100,11,0,0,2026,2026,0,7,9
255,100,11,0,10,2026,2026,0,22,11
255,100,11,0,0,2027,2027,0,26,7
255,100,11,0,9,2027,2027,0,2,8
258,100,9,0,9,2018,2018,0,18,7
258,100,9,0,11,2018,2018,9,12,10
258,100,9,0,9,2019,2019,0,22,7
258,100,9,0,7,2019,2019,9,22,10
258,1000,15,0,7,2020,2020,9,22,3
258,100,9,0,0,2020,2020,0,1,6
258,100,9,0,9,2021,2021,0,21,7
258,100,9,0,7,2021,2021,9,31,10
258,100,9,0,11,2021,2021,9,31,10
258,100,9,0,9,2022,2022,0,19,7
258,100,9,0,0,2022,2022,0,19,9
258,100,9,0,7,2022,2022,9,31,10
258,100,9,0,9,2023,2023,0,20,7
258,100,9,0,0,2023,2023,0,28,8
258,100,9,0,14,2023,2023,0,23,10
258,100,9,0,7,2023,2023,9,24,10
258,100,9,0,11,2023,2023,9,24,10
258,100,9,0,2,2024,2024,0,1,6
258,100,9,0,0,2024,2024,0,3,6
258,100,9,0,9,2024,2024,0,21,7
258,100,9,0,0,2024,2024,0,16,9
258,100,9,0,7,2024,2024,9,30,10
258,100,9,0,11,2024,2024,9,30,10
258,100,9,0,0,2025,2025,0,7,7
258,100,9,0,9,2025,2025,0,3,8
258,100,9,0,14,2025,2025,0,22,11
258,100,9,0,7,2025,2025,9,23,11
258,100,9,0,0,2026,2026,0,6,7
258,100,9,0,9,2026,2026,0,3,8
258,100,9,0,0,2026,2026,0,19,10
258,100,9,0,14,2026,2026,0,21,11
258,100,9,0,7,2026,2026,9,22,11
258,100,9,0,11,2026,2026,9,22,11
258,100,9,0,9,2027,2027,0,2,8
259,100,2,0,0,2017,2017,0,1,5
259,100,2,0,7,2017,2017,9,17,10
259,101,18,0,2,2021,2021,0,1,7
259,101,18,0,0,2021,2021,0,12,7
259,101,18,0,9,2021,2021,0,20,7
259,101,18,0,0,2021,2021,0,6,9
259,101,18,0,5,2021,2021,0,29,10
259,101,18,0,7,2021,2021,9,29,10
259,101,18,0,11,2021,2021,9,29,10
260,100,11,0,9,2017,2017,0,25,6
260,100,11,0,9,2018,2018,0,18,7
260,100,11,0,14,2018,2018,0,10,10
260,100,11,0,11,2018,2018,10,12,10
260,100,11,0,9,2019,2019,0,22,7
260,100,11,0,14,2019,2019,0,20,10
260,100,11,0,0,2020,2020,0,8,6
260,100,11,0,0,2020,2020,0,29,6
260,100,11,0,9,2020,2020,0,22,7
260,100,11,0,14,2020,2020,0,20,10
260,100,11,0,9,2021,2021,0,21,7
260,100,11,0,14,2021,2021,0,29,10
260,100,11,0,14,2022,2022,0,30,10
262,100,9,0,0,2017,2017,0,19,6
262,100,9,0,9,2017,2017,0,25,6
262,100,9,0,0,2017,2017,0,14,8
262,101,16,0,0,2021,2021,0,24,5
262,101,16,0,2,2021,2021,0,1,6
262,101,16,0,0,2021,2021,0,7,6
262,101,16,0,9,2021,2021,0,20,7
262,101,16,0,0,2021,2021,0,20,9
262,101,16,0,5,2021,2021,0,29,10
262,101,16,0,11,2021,2021,8,29,10
264,100,2,0,9,2017,2017,0,25,6
264,100,2,0,11,2017,2017,8,17,10
264,100,2,0,9,2018,2018,0,18,7
264,100,9,0,9,2021,2021,0,21,7
264,100,9,0,9,2022,2022,0,19,7
264,100,9,0,9,2023,2023,0,20,7
264,100,9,0,14,2023,2023,0,23,10
266,100,3,0,9,2018,2018,0,18,7
266,100,3,0,7,2018,2018,8,12,10
266,100,3,0,9,2019,2019,0,22,7
266,100,3,0,7,2019,2019,8,22,10
266,1000,14,0,7,2020,2020,8,22,3
266,100,3,0,9,2020,2020,0,22,7
266,100,3,0,0,2020,2020,0,17,8
266,100,3,0,9,2021,2021,0,21,7
266,100,3,0,9,2022,2022,0,19,7
266,100,3,0,0,2023,2023,0,19,6
266,100,3,0,9,2023,2023,0,20,7
266,100,3,0,9,2025,2025,0,3,8
267,100,1,0,14,2017,2017,0,16,10
267,101,18,0,9,2021,2021,0,20,7
267,101,18,0,7,2021,2021,8,29,10
268,100,11,0,9,2017,2017,0,25,6
268,100,11,0,10,2017,2017,0,17,10
268,100,11,0,7,2017,2017,8,17,10
268,100,11,0,0,2018,2018,0,13,8
268,100,11,0,0,2018,2018,0,20,8
268,100,11,0,14,2018,2018,0,10,10
268,100,11,0,10,2018,2018,0,12,10
268,100,11,0,11,2018,2018,8,12,10
268,100,11,0,9,2019,2019,0,22,7
268,100,11,0,0,2019,2019,0,5,8
268,100,11,0,2,2019,2019,0,1,10
268,100,11,0,14,2019,2019,0,20,10
268,100,11,0,5,2019,2019,0,22,10
268,100,11,0,10,2019,2019,0,22,10
268,100,11,0,11,2019,2019,8,22,10
268,1000,15,0,11,2020,2020,8,22,3
268,100,10,0,9,2020,2020,0,22,7
268,100,10,0,10,2020,2020,0,23,10
268,100,10,0,9,2021,2021,0,21,7
268,100,10,0,0,2021,2021,0,13,9
268,100,10,0,9,2022,2022,0,19,7
268,100,10,0,11,2022,2022,8,31,10
268,100,10,0,9,2023,2023,0,20,7
268,100,10,0,5,2023,2023,0,24,10
268,100,10,0,11,2023,2023,8,24,10
268,100,10,0,9,2024,2024,0,21,7
268,100,10,0,14,2024,2024,0,29,10
268,100,10,0,5,2024,2024,0,30,10
268,100,10,0,11,2024,2024,8,30,10
268,100,1,0,9,2025,2025,0,3,8
268,100,24,0,7,2025,2025,8,23,11
268,100,24,0,9,2026,2026,0,3,8
268,100,24,0,5,2026,2026,0,22,11
268,100,24,0,11,2026,2026,8,22,11
268,100,24,0,9,2027,2027,0,2,8
269,100,3,0,9,2017,2017,0,25,6
270,100,11,0,9,2017,2017,0,25,6
270,100,11,0,0,2018,2018,0,4,6
270,100,11,0,2,2018,2018,0,1,7
270,100,11,0,0,2018,2018,0,9,7
270,100,11,0,9,2018,2018,0,18,7
270,100,11,0,2,2018,2018,0,1,8
270,100,11,0,0,2018,2018,0,6,8
270,100,11,0,0,2018,2018,0,17,9
270,100,11,0,14,2018,2018,0,10,10
270,100,11,0,5,2018,2018,0,12,10
270,100,11,0,11,2018,2018,7,12,10
270,100,11,0,9,2019,2019,0,22,7
270,100,11,0,2,2019,2019,0,1,8
270,100,11,0,0,2019,2019,0,23,9
270,100,11,0,14,2019,2019,0,20,10
270,100,11,0,7,2019,2019,7,22,10
270,100,11,0,11,2019,2019,7,22,10
270,1000,14,0,11,2020,2020,7,22,3
270,100,11,0,0,2020,2020,0,15,6
270,100,11,0,2,2020,2020,0,1,7
270,100,11,0,0,2020,2020,0,20,7
270,100,11,0,9,2020,2020,0,22,7
270,100,11,0,2,2020,2020,0,1,8
270,100,11,0,14,2020,2020,0,20,10
270,100,11,0,11,2020,2020,7,23,10
270,100,11,0,0,2021,2021,0,12,7
270,100,11,0,0,2021,2021,0,19,7
270,100,11,0,9,2021,2021,0,21,7
270,100,11,0,2,2021,2021,0,1,8
270,100,11,0,0,2021,2021,0,20,9
270,100,11,0,2,2021,2021,0,1,10
270,100,11,0,14,2021,2021,0,29,10
270,100,11,0,11,2021,2021,7,31,10
270,100,11,0,2,2022,2022,0,1,6
270,100,11,0,0,2022,2022,0,13,6
270,100,11,0,9,2022,2022,0,19,7
270,100,11,0,0,2022,2022,0,1,8
270,100,11,0,2,2022,2022,0,1,8
270,100,11,0,2,2022,2022,0,1,10
270,100,11,0,15,2022,2022,0,29,10
270,100,11,0,14,2022,2022,0,30,10
270,100,11,0,5,2022,2022,0,31,10
270,100,11,0,11,2022,2022,7,31,10
270,100,11,0,0,2023,2023,0,26,6
270,100,11,0,2,2023,2023,0,1,7
270,100,11,0,9,2023,2023,0,20,7
270,100,11,0,7,2023,2023,7,24,10
270,100,11,0,11,2023,2023,7,24,10
270,100,11,0,9,2024,2024,0,21,7
270,100,11,0,0,2024,2024,0,29,7
270,100,11,0,11,2024,2024,7,30,10
270,100,11,0,9,2025,2025,0,3,8
270,100,11,0,2,2025,2025,0,1,9
270,100,11,0,11,2025,2025,7,23,11
270,100,9,0,9,2026,2026,0,3,8
270,100,9,0,2,2026,2026,0,1,11
270,100,9,0,15,2026,2026,1,9,11
270,100,9,0,14,2026,2026,0,21,11
270,100,9,0,7,2026,2026,7,22,11
270,100,9,0,11,2026,2026,7,22,11
270,100,9,0,9,2027,2027,0,2,8
271,100,9,0,0,2017,2017,0,3,4
271,100,9,0,9,2017,2017,0,25,6
271,100,9,0,0,2017,2017,0,28,8
271,100,9,0,0,2017,2017,0,4,9
271,100,9,0,5,2017,2017,0,17,10
271,100,9,0,11,2017,2017,7,17,10
271,100,9,0,9,2018,2018,0,18,7
271,100,9,0,0,2019,2019,0,2,9
271,100,9,0,0,2019,2019,0,30,9
271,1000,13,0,7,2020,2020,7,22,3
271,100,9,0,9,2020,2020,0,22,7
271,100,9,0,7,2020,2020,7,23,10
271,100,9,0,9,2021,2021,0,21,7
271,100,9,0,0,2021,2021,0,23,8
271,100,9,0,7,2021,2021,7,31,10
271,100,9,0,9,2022,2022,0,19,7
271,100,9,0,15,2023,2023,0,22,10
271,100,9,0,14,2023,2023,0,23,10
271,100,9,0,9,2024,2024,0,21,7
271,100,9,0,9,2025,2025,0,3,8
271,100,9,0,0,2025,2025,0,15,9
271,100,9,0,14,2025,2025,0,22,11
271,100,25,0,9,2026,2026,0,3,8
273,100,11,0,0,2017,2017,0,15,5
273,100,11,0,2,2017,2017,0,1,6
273,100,11,0,9,2017,2017,0,25,6
273,100,11,0,9,2018,2018,0,18,7
273,100,11,0,14,2018,2018,0,10,10
273,100,11,0,9,2019,2019,0,22,7
273,100,11,0,15,2019,2019,1,12,10
273,100,11,0,14,2019,2019,0,20,10
273,100,11,0,9,2020,2020,0,22,7
273,100,11,0,14,2020,2020,0,20,10
273,100,11,0,7,2020,2020,2,23,10
273,100,11,0,11,2020,2020,2,23,10
273,100,11,0,9,2021,2021,0,21,7
273,100,11,0,14,2021,2021,0,29,10
273,100,11,0,7,2021,2021,2,31,10
273,100,11,0,11,2021,2021,2,31,10
273,100,11,0,14,2022,2022,0,30,10
273,100,10,0,9,2023,2023,0,20,7
273,100,10,0,11,2023,2023,2,24,10
273,100,10,0,0,2024,2024,0,10,6
273,100,10,0,9,2024,2024,0,21,7
273,100,10,0,14,2024,2024,0,29,10
273,100,10,0,5,2024,2024,0,30,10
273,100,10,0,7,2024,2024,2,30,10
273,100,10,0,11,2024,2024,2,30,10
273,100,10,0,9,2025,2025,0,3,8
273,100,10,0,7,2025,2025,2,23,11
273,100,10,0,9,2026,2026,0,3,8
274,100,10,0,0,2017,2017,0,17,4
274,100,10,0,0,2017,2017,0,5,6
274,100,10,0,9,2017,2017,0,25,6
274,100,10,0,2,2017,2017,0,1,7
274,100,10,0,3,2017,2017,0,1,7
274,100,10,0,7,2017,2017,2,17,10
275,100,1,0,0,2017,2017,0,24,4
275,100,1,0,9,2017,2017,0,25,6
275,100,1,0,2,2017,2017,0,1,9
275,100,1,0,3,2017,2017,0,1,9
275,100,1,0,0,2017,2017,0,11,9
275,100,1,0,15,2017,2017,0,15,10
275,100,1,0,14,2017,2017,0,16,10
275,100,1,0,5,2017,2017,0,17,10
275,100,1,0,11,2017,2017,2,17,10
275,100,1,0,9,2018,2018,0,18,7
275,100,1,0,7,2018,2018,2,12,10
275,100,1,0,11,2018,2018,2,12,10
275,100,1,0,9,2019,2019,0,22,7
275,100,1,0,7,2019,2019,2,22,10
275,1000,13,0,7,2020,2020,2,22,3
275,1000,13,0,11,2020,2020,2,22,3
275,100,1,0,9,2020,2020,0,22,7
275,100,1,0,0,2020,2020,0,27,7
275,100,1,0,9,2021,2021,0,21,7
275,100,1,0,9,2022,2022,0,19,7
275,100,1,0,11,2022,2022,2,31,10
275,100,1,0,9,2024,2024,0,21,7
275,100,1,0,9,2025,2025,0,3,8
275,100,1,0,11,2025,2025,2,23,11
275,100,1,0,0,2026,2026,0,12,10
276,100,3,0,9,2017,2017,0,25,6
276,100,3,0,9,2018,2018,0,18,7
277,101,17,0,9,2021,2021,0,20,7
277,101,17,0,9,2022,2022,0,18,5
278,101,17,0,9,2021,2021,0,20,7
278,101,17,0,9,2022,2022,0,18,5
278,101,17,0,9,2022,2022,0,18,7
279,101,17,0,9,2022,2022,0,18,5
279,101,17,0,9,2022,2022,0,18,7
280,101,19,0,9,2021,2021,0,20,7
280,101,19,0,0,2021,2021,0,16,8
280,101,19,0,0,2022,2022,0,23,5
280,101,19,0,9,2022,2022,0,18,7
280,101,18,0,9,2024,2024,0,21,7
281,101,17,0,9,2022,2022,0,18,7
282,101,19,0,9,2022,2022,0,18,5
282,101,19,0,9,2022,2022,0,18,7
283,101,17,0,9,2021,2021,0,20,7
283,101,17,0,9,2022,2022,0,18,5
283,101,17,0,0,2022,2022,0,27,6
283,101,17,0,9,2022,2022,0,18,7
283,101,17,0,0,2022,2022,0,15,8
284,101,19,0,9,2021,2021,0,20,7
284,101,19,0,9,2022,2022,0,18,5
284,101,19,0,9,2022,2022,0,18,7
284,101,19,0,0,2022,2022,0,12,9
285,101,17,0,9,2021,2021,0,20,7
285,101,17,0,9,2022,2022,0,18,5
285,101,17,0,9,2022,2022,0,18,7
286,101,17,0,9,2022,2022,0,18,5
287,101,17,0,0,2021,2021,0,31,5
287,101,17,0,9,2021,2021,0,20,7
287,101,17,0,9,2022,2022,0,18,7
288,101,17,0,9,2021,2021,0,20,7
288,101,17,0,9,2022,2022,0,18,5
288,101,17,0,0,2022,2022,0,8,8
289,101,17,0,9,2021,2021,0,20,7
289,101,17,0,9,2022,2022,0,18,5
289,101,17,0,9,2022,2022,0,18,7
290,101,19,0,9,2021,2021,0,20,7
290,101,19,0,9,2022,2022,0,18,5
290,101,19,0,2,2022,2022,0,1,6
290,101,18,0,9,2024,2024,0,21,7
291,101,19,0,0,2021,2021,0,28,6
291,101,19,0,9,2021,2021,0,20,7
291,101,19,0,9,2022,2022,0,18,5
291,101,19,0,0,2022,2022,0,30,5
291,101,19,0,9,2022,2022,0,18,7
292,101,19,0,9,2021,2021,0,20,7
293,101,19,0,9,2021,2021,0,20,7
293,101,19,0,9,2022,2022,0,18,5
293,101,19,0,9,2022,2022,0,18,7
294,101,19,0,9,2022,2022,0,18,7
295,101,19,0,9,2022,2022,0,18,5
295,101,19,0,9,2022,2022,0,18,7
296,101,19,0,0,2021,2021,0,9,8
296,101,19,0,9,2022,2022,0,18,7
297,101,19,0,9,2022,2022,0,18,5
298,101,19,0,9,2022,2022,0,18,7
298,101,19,0,1,2023,2023,0,1,6
298,101,19,0,9,2023,2023,0,21,7
298,101,19,0,1,2025,2025,0,1,6
298,101,19,0,9,2025,2025,0,4,8
303,101,19,0,9,2021,2021,0,20,7
303,101,19,0,7,2022,2022,1,31,10
305,101,19,0,9,2021,2021,0,20,7
305,101,19,0,7,2023,2023,1,24,10
306,101,18,0,0,2021,2021,0,5,7
306,101,18,0,9,2021,2021,0,20,7
306,101,18,0,2,2021,2021,0,1,10
306,101,18,0,6,2021,2021,0,29,10
306,101,18,0,11,2021,2021,4,29,10
306,101,18,0,0,2022,2022,0,4,7
306,101,18,0,9,2022,2022,0,18,7
306,101,18,0,11,2022,2022,5,31,10
306,101,18,0,0,2023,2023,0,19,6
306,101,18,0,2,2023,2023,0,1,7
306,101,18,0,9,2023,2023,0,21,7
306,101,18,0,0,2023,2023,0,7,8
306,101,18,0,9,2024,2024,0,21,7
306,101,18,0,2,2024,2024,0,1,9
306,101,18,0,0,2024,2024,0,16,9
306,101,18,0,9,2025,2025,0,4,8
307,101,18,0,9,2021,2021,0,20,7
307,101,18,0,4,2021,2021,0,29,10
309,101,16,0,9,2022,2022,0,18,7
309,101,19,0,9,2023,2023,0,21,7
309,101,17,0,9,2025,2025,0,4,8
310,101,18,0,10,2021,2021,0,29,10
310,101,18,0,9,2022,2022,0,18,5
310,101,18,0,9,2022,2022,0,18,7
310,101,18,0,0,2022,2022,0,18,7
310,101,18,0,6,2022,2022,0,31,10
310,101,18,0,10,2022,2022,0,31,10
310,101,18,0,5,2022,2022,0,31,10
310,101,18,0,7,2022,2022,7,31,10
310,101,18,0,11,2022,2022,7,31,10
310,100,10,0,9,2024,2024,0,21,7
310,100,10,0,14,2024,2024,0,29,10
310,100,10,0,7,2024,2024,7,30,10
310,100,10,0,9,2025,2025,0,3,8
310,100,10,0,9,2027,2027,0,2,8
311,101,18,0,9,2022,2022,0,18,5
311,101,18,0,9,2022,2022,0,18,7
311,101,18,0,13,2022,2022,0,31,10
311,100,9,0,14,2023,2023,0,23,10
311,100,1,0,9,2024,2024,0,21,7
311,100,1,0,13,2024,2024,0,30,10
312,101,18,0,9,2022,2022,0,18,7
312,101,18,0,0,2023,2023,0,26,6
312,101,18,0,9,2023,2023,0,21,7
312,101,18,0,0,2023,2023,0,28,8
312,101,18,0,11,2023,2023,7,24,10
312,101,18,0,9,2024,2024,0,21,7
312,101,18,0,2,2024,2024,0,1,8
312,101,18,0,0,2024,2024,0,9,9
312,101,18,0,2,2024,2024,0,1,10
312,101,18,0,5,2024,2024,0,30,10
312,101,18,0,7,2024,2024,8,30,10
312,101,18,0,11,2024,2024,8,30,10
312,101,18,0,9,2026,2026,0,4,8
312,101,18,0,11,2026,2026,8,20,11
313,101,18,0,9,2022,2022,0,18,7
313,101,18,0,7,2022,2022,2,31,10
313,101,18,0,11,2022,2022,2,31,10
313,100,9,0,14,2023,2023,0,23,10
313,101,18,0,9,2024,2024,0,21,7
314,101,16,0,9,2022,2022,0,18,5
314,101,16,0,9,2022,2022,0,18,7
314,101,16,0,7,2022,2022,5,31,10
314,101,19,0,9,2023,2023,0,21,7
314,101,19,0,0,2024,2024,0,24,6
314,101,19,0,9,2024,2024,0,21,7
316,101,18,0,9,2022,2022,0,18,7
316,101,18,0,2,2022,2022,0,1,10
316,101,18,0,5,2022,2022,0,31,10
316,101,18,0,6,2022,2022,0,31,10
316,101,18,0,7,2022,2022,8,31,10
316,101,18,0,11,2022,2022,8,31,10
316,100,2,0,3,2023,2023,0,1,10
317,101,19,0,15,2024,2024,0,14,10
318,101,18,0,9,2022,2022,0,18,5
318,101,18,0,7,2022,2022,4,31,10
318,101,17,0,9,2023,2023,0,21,7
319,100,11,0,14,2022,2022,0,30,10
319,101,19,0,9,2024,2024,0,21,7
319,101,19,0,9,2025,2025,0,4,8
320,101,18,0,9,2023,2023,0,21,7
321,101,18,0,9,2022,2022,0,18,7
321,101,18,0,0,2022,2022,0,5,9
321,101,18,0,11,2022,2022,3,31,10
321,101,18,0,0,2023,2023,0,12,6
321,101,18,0,9,2023,2023,0,21,7
321,101,18,0,0,2023,2023,0,14,8
321,101,18,0,7,2023,2023,3,24,10
321,101,18,0,11,2023,2023,3,24,10
321,100,11,0,3,2024,2024,0,1,8
322,101,16,0,9,2025,2025,0,4,8
323,101,16,0,9,2022,2022,0,18,5
323,101,16,0,0,2022,2022,0,20,6
323,101,16,0,9,2022,2022,0,18,7
323,101,16,0,11,2022,2022,4,31,10
323,101,19,0,9,2024,2024,0,21,7
323,101,19,0,9,2025,2025,0,4,8
324,101,16,0,0,2022,2022,0,6,6
324,101,16,0,9,2022,2022,0,18,7
324,101,16,0,7,2022,2022,9,31,10
324,101,16,0,11,2022,2022,9,31,10
324,101,16,0,9,2023,2023,0,21,7
324,101,16,0,0,2023,2023,0,11,9
324,101,16,0,0,2023,2023,0,25,9
324,101,16,0,2,2023,2023,0,1,10
324,101,16,0,7,2023,2023,9,24,10
324,101,16,0,11,2023,2023,9,24,10
324,101,16,0,2,2024,2024,0,1,6
324,101,16,0,0,2024,2024,0,10,6
324,101,16,0,9,2024,2024,0,21,7
324,101,16,0,5,2024,2024,0,30,10
324,101,16,0,0,2025,2025,0,6,10
324,101,16,0,2,2026,2026,0,1,7
324,101,16,0,9,2026,2026,0,4,8
324,101,16,0,11,2026,2026,9,20,11
325,101,16,0,9,2022,2022,0,18,5
325,101,16,0,9,2022,2022,0,18,7
326,101,16,0,13,2022,2022,0,31,10
326,101,16,0,13,2023,2023,0,24,10
326,100,9,0,14,2025,2025,0,22,11
326,100,9,0,14,2026,2026,0,21,11
327,101,18,0,9,2023,2023,0,21,7
327,101,18,0,1,2023,2023,0,1,8
327,101,18,0,9,2024,2024,0,21,7
327,101,18,0,1,2024,2024,0,1,9
327,101,18,0,1,2024,2024,0,1,10
327,101,18,0,4,2024,2024,0,30,10
328,101,18,0,9,2023,2023,0,21,7
328,101,18,0,1,2023,2023,0,1,9
328,101,18,0,5,2023,2023,0,24,10
328,101,18,0,4,2023,2023,0,24,10
328,101,18,0,1,2024,2024,0,1,8
329,101,16,0,9,2023,2023,0,21,7
330,101,18,0,0,2023,2023,0,29,5
330,101,18,0,9,2023,2023,0,21,7
331,101,19,0,1,2023,2023,0,1,10
332,101,19,0,9,2024,2024,0,21,7
332,101,19,0,13,2024,2024,0,30,10
333,101,17,0,1,2023,2023,0,1,7
333,101,17,0,9,2023,2023,0,21,7
333,101,17,0,6,2023,2023,0,24,10
333,101,17,0,4,2023,2023,0,24,10
334,101,17,0,9,2023,2023,0,21,7
336,101,19,0,9,2023,2023,0,21,7
336,101,19,0,13,2023,2023,0,24,10
336,101,19,0,6,2023,2023,0,24,10
336,100,2,0,6,2024,2024,0,30,10
336,100,2,0,9,2027,2027,0,2,8
337,101,19,0,9,2023,2023,0,21,7
337,101,19,0,13,2023,2023,0,24,10
337,100,2,0,9,2024,2024,0,21,7
337,100,2,0,9,2025,2025,0,3,8
338,101,19,0,9,2023,2023,0,21,7
338,101,19,0,9,2024,2024,0,21,7
338,101,19,0,0,2025,2025,0,28,7
338,101,19,0,9,2025,2025,0,4,8
339,101,19,0,9,2024,2024,0,21,7
339,101,19,0,7,2024,2024,9,30,10
341,101,17,0,9,2023,2023,0,21,7
341,101,17,0,0,2023,2023,0,31,7
341,101,17,0,15,2023,2023,0,10,10
341,101,17,0,9,2024,2024,0,21,7
341,101,17,0,0,2024,2024,0,30,9
341,101,17,0,11,2024,2024,4,30,10
342,101,16,0,0,2023,2023,0,3,7
342,101,16,0,9,2023,2023,0,21,7
342,101,16,0,0,2024,2024,0,15,7
342,101,16,0,0,2025,2025,0,2,6
342,101,16,0,0,2025,2025,0,14,7
342,101,16,0,9,2025,2025,0,4,8
342,101,16,0,11,2025,2025,4,3,12
342,100,2,0,0,2027,2027,0,19,7
343,101,16,0,0,2023,2023,0,5,6
343,101,16,0,9,2023,2023,0,21,7
343,101,16,0,0,2023,2023,0,24,7
343,101,16,0,0,2023,2023,0,21,8
344,101,17,0,9,2023,2023,0,21,7
344,101,17,0,9,2024,2024,0,21,7
344,101,17,0,0,2024,2024,0,29,7
344,101,17,0,0,2024,2024,0,23,9
344,101,17,0,5,2024,2024,0,30,10
344,101,17,0,11,2024,2024,6,30,10
344,100,24,0,7,2026,2026,4,22,11
345,101,19,0,9,2023,2023,0,21,7
345,101,19,0,2,2023,2023,0,1,9
345,101,19,0,9,2024,2024,0,21,7
345,101,19,0,7,2024,2024,4,30,10
345,100,25,0,3,2025,2025,0,1,9
345,101,19,0,7,2026,2026,6,20,11
346,101,19,0,9,2023,2023,0,21,7
346,101,19,0,7,2023,2023,7,24,10
347,101,17,0,9,2023,2023,0,21,7
347,101,17,0,11,2023,2023,8,24,10
348,101,19,0,9,2024,2024,0,21,7
348,101,19,0,9,2025,2025,0,4,8
348,101,19,0,7,2025,2025,7,3,12
348,101,19,0,9,2026,2026,0,4,8
349,101,19,0,9,2023,2023,0,21,7
349,100,10,0,14,2024,2024,0,29,10
350,101,17,0,9,2023,2023,0,21,7
351,101,17,0,9,2025,2025,0,4,8
351,101,17,0,0,2025,2025,0,15,9
351,101,17,0,7,2025,2025,3,3,12
351,101,17,0,0,2026,2026,0,28,9
351,101,17,0,2,2026,2026,0,1,10
351,101,17,0,11,2026,2026,10,20,11
351,101,17,0,9,2027,2027,0,1,8
353,101,17,0,9,2023,2023,0,21,7
353,101,17,0,0,2024,2024,0,8,7
353,101,17,0,9,2024,2024,0,21,7
353,101,17,0,11,2024,2024,9,30,10
353,100,1,0,3,2025,2025,0,1,11
354,101,16,0,0,2023,2023,0,22,5
354,101,16,0,2,2023,2023,0,1,6
354,101,16,0,9,2023,2023,0,21,7
354,101,16,0,6,2023,2023,0,24,10
354,101,16,0,5,2023,2023,0,24,10
354,101,16,0,7,2023,2023,4,24,10
354,101,16,0,11,2023,2023,4,24,10
354,101,16,0,9,2024,2024,0,21,7
354,101,16,0,0,2024,2024,0,12,8
355,101,19,0,9,2023,2023,0,21,7
355,101,19,0,7,2023,2023,6,24,10
355,101,19,0,0,2024,2024,0,27,5
355,101,19,0,9,2024,2024,0,21,7
355,101,19,0,7,2024,2024,6,30,10
355,100,11,0,3,2025,2025,0,1,7
355,100,11,0,6,2025,2025,0,23,11
356,101,17,0,9,2023,2023,0,21,7
356,101,17,0,0,2023,2023,0,18,9
356,101,17,0,7,2023,2023,2,24,10
356,101,17,0,11,2023,2023,2,24,10
356,101,17,0,9,2024,2024,0,21,7
356,101,17,0,7,2024,2024,2,30,10
356,101,17,0,11,2024,2024,2,30,10
357,101,16,0,9,2023,2023,0,21,7
357,101,16,0,11,2023,2023,10,24,10
358,101,19,0,7,2024,2024,1,30,10
361,101,19,0,9,2024,2024,0,21,7
361,101,19,0,4,2024,2024,0,30,10
361,100,9,0,14,2025,2025,0,22,11
361,100,9,0,14,2026,2026,0,21,11
363,101,18,0,9,2024,2024,0,21,7
364,101,18,0,0,2024,2024,0,17,6
364,101,18,0,0,2024,2024,0,1,7
364,101,18,0,2,2024,2024,0,1,7
364,101,18,0,9,2024,2024,0,21,7
364,101,18,0,6,2024,2024,0,30,10
364,100,9,0,3,2025,2025,0,1,10
364,100,9,0,14,2025,2025,0,22,11
364,100,1,0,9,2027,2027,0,2,8
365,101,17,0,9,2024,2024,0,21,7
365,101,17,0,11,2024,2024,7,30,10
365,100,9,0,3,2025,2025,0,1,8
365,100,9,0,14,2025,2025,0,22,11
365,100,9,0,14,2026,2026,0,21,11
366,101,18,0,9,2024,2024,0,21,7
366,101,18,0,0,2024,2024,0,26,8
367,101,16,0,9,2024,2024,0,21,7
368,100,10,0,3,2025,2025,0,1,6
368,100,10,0,6,2025,2025,0,23,11
369,101,18,0,9,2024,2024,0,21,7
370,101,16,0,9,2024,2024,0,21,7
371,101,18,0,9,2024,2024,0,21,7
372,101,19,0,9,2024,2024,0,21,7
372,101,19,0,9,2025,2025,0,4,8
375,101,19,0,0,2024,2024,0,22,7
375,100,11,0,7,2025,2025,5,23,11
376,101,18,0,9,2024,2024,0,21,7
376,101,18,0,7,2024,2024,5,30,10
376,101,18,0,9,2025,2025,0,4,8
377,101,19,0,9,2024,2024,0,21,7
377,101,19,0,11,2024,2024,10,30,10
377,100,9,0,14,2025,2025,0,22,11
377,100,9,0,14,2026,2026,0,21,11
377,100,9,0,11,2026,2026,10,22,11
377,100,9,0,9,2027,2027,0,2,8
378,101,16,0,0,2024,2024,0,5,8
379,101,16,0,9,2024,2024,0,21,7
379,100,24,0,0,2025,2025,0,26,5
379,100,24,0,9,2027,2027,0,2,8
382,101,17,0,9,2024,2024,0,21,7
382,101,17,0,7,2024,2024,3,30,10
382,101,17,0,11,2024,2024,3,30,10
383,101,17,0,9,2024,2024,0,21,7
384,101,17,0,9,2024,2024,0,21,7
384,101,17,0,9,2026,2026,0,4,8
384,101,17,0,9,2027,2027,0,1,8
386,101,19,0,1,2024,2024,0,1,6
386,101,19,0,9,2024,2024,0,21,7
386,101,19,0,4,2024,2024,0,30,10
386,101,19,0,9,2026,2026,0,4,8
386,101,19,0,4,2026,2026,0,20,11
387,101,19,0,9,2024,2024,0,21,7
388,101,19,0,9,2024,2024,0,21,7
388,101,19,0,13,2024,2024,0,30,10
389,101,19,0,9,2025,2025,0,4,8
389,101,19,0,9,2026,2026,0,4,8
389,101,19,0,13,2026,2026,0,20,11
390,101,16,0,0,2025,2025,0,21,7
390,101,16,0,9,2025,2025,0,4,8
390,101,19,0,9,2026,2026,0,4,8
390,101,19,0,11,2026,2026,7,20,11
390,101,19,0,9,2027,2027,0,1,8
392,101,17,0,9,2025,2025,0,4,8
394,101,16,0,9,2025,2025,0,4,8
394,101,16,0,5,2025,2025,0,3,12
394,101,16,0,4,2025,2025,0,3,12
394,101,16,0,6,2025,2025,0,3,12
395,101,16,0,1,2026,2026,0,1,7
395,101,16,0,1,2026,2026,0,1,8
395,101,16,0,9,2026,2026,0,4,8
395,101,16,0,1,2026,2026,0,1,10
397,101,19,0,9,2025,2025,0,4,8
397,101,19,0,13,2025,2025,0,3,12
398,101,16,0,1,2025,2025,0,1,7
398,101,16,0,9,2025,2025,0,4,8
398,101,16,0,1,2025,2025,0,1,9
398,101,16,0,4,2025,2025,0,3,12
399,101,19,0,1,2025,2025,0,1,8
399,101,19,0,9,2025,2025,0,4,8
400,101,18,0,9,2025,2025,0,4,8
400,100,11,0,6,2026,2026,0,22,11
401,101,18,0,9,2025,2025,0,4,8
401,101,18,0,1,2025,2025,0,1,10
401,101,18,0,1,2025,2025,0,1,11
401,101,18,0,4,2025,2025,0,3,12
401,100,11,0,6,2026,2026,0,22,11
404,101,17,0,9,2025,2025,0,4,8
404,101,17,0,13,2025,2025,0,3,12
404,100,11,0,9,2027,2027,0,2,8
405,101,17,0,0,2025,2025,0,1,9
405,101,17,0,2,2025,2025,0,1,9
405,101,17,0,11,2025,2025,10,3,12
405,101,17,0,0,2026,2026,0,15,6
405,101,17,0,0,2026,2026,0,29,6
405,101,17,0,9,2026,2026,0,4,8
405,101,17,0,5,2026,2026,0,20,11
406,101,16,0,9,2025,2025,0,4,8
406,101,16,0,7,2025,2025,2,3,12
407,101,18,0,9,2025,2025,0,4,8
407,101,18,0,0,2025,2025,0,8,9
407,101,18,0,11,2025,2025,2,3,12
407,101,18,0,9,2026,2026,0,4,8
407,101,18,0,2,2026,2026,0,1,9
407,101,18,0,0,2026,2026,0,26,10
407,101,18,0,5,2026,2026,0,20,11
407,101,18,0,7,2026,2026,2,20,11
407,101,18,0,11,2026,2026,2,20,11
407,100,11,0,3,2027,2027,0,1,6
407,100,11,0,3,2027,2027,0,1,8
408,101,18,0,9,2025,2025,0,4,8
408,101,18,0,0,2025,2025,0,22,9
408,101,18,0,2,2025,2025,0,1,10
408,101,18,0,0,2025,2025,0,13,10
408,101,18,0,5,2025,2025,0,3,12
408,101,18,0,6,2025,2025,0,3,12
408,101,18,0,11,2025,2025,3,3,12
408,100,24,0,3,2026,2026,0,1,7
408,100,24,0,6,2026,2026,0,22,11
409,101,19,0,9,2025,2025,0,4,8
409,100,11,0,3,2026,2026,0,1,8
410,101,19,0,0,2026,2026,0,22,6
410,101,19,0,0,2026,2026,0,20,7
410,101,19,0,9,2026,2026,0,4,8
410,101,19,0,5,2026,2026,0,20,11
410,101,19,0,7,2026,2026,4,20,11
410,101,19,0,11,2026,2026,4,20,11
410,101,19,0,0,2027,2027,0,21,6
410,101,19,0,9,2027,2027,0,1,8
411,101,17,0,9,2025,2025,0,4,8
411,101,17,0,7,2025,2025,5,3,12
411,101,17,0,9,2026,2026,0,4,8
412,101,16,0,9,2025,2025,0,4,8
412,101,16,0,11,2025,2025,5,3,12
412,101,16,0,0,2026,2026,0,6,7
412,101,16,0,2,2026,2026,0,1,8
412,101,16,0,9,2026,2026,0,4,8
412,101,16,0,11,2026,2026,5,20,11
412,101,16,0,9,2027,2027,0,1,8
413,101,18,0,9,2025,2025,0,4,8
414,101,18,0,9,2027,2027,0,1,8
416,101,18,0,2,2025,2025,0,1,6
416,101,18,0,9,2025,2025,0,4,8
417,101,16,0,9,2025,2025,0,4,8
417,101,16,0,7,2025,2025,9,3,12
417,101,16,0,11,2025,2025,9,3,12
418,101,18,0,9,2025,2025,0,4,8
418,101,18,0,15,2025,2025,0,1,11
418,100,3,0,3,2026,2026,0,1,6
418,100,3,0,0,2027,2027,0,31,5
419,101,18,0,9,2025,2025,0,4,8
419,101,18,0,0,2025,2025,0,29,9
421,100,1,0,9,2025,2025,0,3,8
421,100,1,0,6,2025,2025,0,23,11
421,100,1,0,9,2027,2027,0,2,8
422,101,17,0,9,2025,2025,0,4,8
422,101,17,0,7,2025,2025,4,3,12
422,101,17,0,9,2026,2026,0,4,8
422,101,17,0,9,2027,2027,0,1,8
424,101,19,0,9,2025,2025,0,4,8
425,101,17,0,9,2025,2025,0,4,8
425,101,17,0,9,2026,2026,0,4,8
425,101,17,0,7,2026,2026,7,20,11
427,101,16,0,0,2025,2025,0,9,6
427,101,16,0,0,2025,2025,0,23,6
427,101,16,0,2,2025,2025,0,1,7
427,101,16,0,9,2025,2025,0,4,8
427,101,16,0,5,2025,2025,0,3,12
427,101,16,0,6,2025,2025,0,3,12
427,101,16,0,11,2025,2025,7,3,12
427,100,25,0,3,2026,2026,0,1,9
428,101,19,0,0,2025,2025,0,18,8
429,101,16,0,0,2025,2025,0,30,6
429,101,16,0,9,2025,2025,0,4,8
429,101,16,0,9,2026,2026,0,4,8
430,101,17,0,9,2025,2025,0,4,8
430,100,25,0,3,2026,2026,0,1,10
432,101,16,0,0,2025,2025,0,16,6
432,101,16,0,9,2025,2025,0,4,8
432,101,16,0,0,2025,2025,0,25,8
432,101,16,0,7,2025,2025,8,3,12
432,101,16,0,11,2025,2025,8,3,12
432,101,16,0,9,2026,2026,0,4,8
432,101,16,0,0,2026,2026,0,7,9
432,101,16,0,7,2026,2026,8,20,11
432,100,25,0,3,2027,2027,0,1,7
433,101,18,0,9,2025,2025,0,4,8
433,101,18,0,9,2026,2026,0,4,8
434,101,18,0,9,2025,2025,0,4,8
434,101,18,0,7,2025,2025,1,3,12
435,101,17,0,9,2025,2025,0,4,8
435,100,25,0,3,2026,2026,0,1,11
436,101,18,0,0,2025,2025,0,20,10
436,101,18,0,2,2025,2025,0,1,11
436,101,18,0,0,2026,2026,0,19,10
436,101,18,0,15,2026,2026,0,3,11
437,101,18,0,0,2025,2025,0,7,7
437,101,18,0,2,2025,2025,0,1,8
437,101,18,0,9,2025,2025,0,4,8
437,101,18,0,7,2025,2025,6,3,12
437,101,18,0,11,2025,2025,6,3,12
437,101,18,0,0,2026,2026,0,13,7
437,101,18,0,9,2026,2026,0,4,8
437,101,18,0,0,2026,2026,0,12,10
437,101,18,0,2,2026,2026,0,1,11
439,101,18,0,9,2025,2025,0,4,8
439,101,18,0,0,2026,2026,0,31,8
439,101,18,0,9,2027,2027,0,1,8
440,101,19,0,9,2025,2025,0,4,8
440,101,19,0,9,2026,2026,0,4,8
440,101,19,0,7,2026,2026,9,20,11
440,101,19,0,9,2027,2027,0,1,8
442,101,16,0,13,2025,2025,0,3,12
442,101,16,0,9,2026,2026,0,4,8
443,101,17,0,9,2026,2026,0,4,8
443,101,17,0,7,2026,2026,3,20,11
446,101,18,0,9,2026,2026,0,4,8
446,100,11,0,9,2027,2027,0,2,8
447,101,18,0,0,2026,2026,0,21,9
449,101,16,0,9,2026,2026,0,4,8
449,101,16,0,0,2026,2026,0,24,8
449,101,16,0,6,2026,2026,0,20,11
449,101,16,0,9,2027,2027,0,1,8
450,101,16,0,9,2026,2026,0,4,8
450,101,16,0,0,2026,2026,0,17,8
450,101,16,0,11,2026,2026,3,20,11
451,101,19,0,0,2026,2026,0,25,5
451,101,19,0,2,2026,2026,0,1,6
451,101,19,0,9,2026,2026,0,4,8
451,101,19,0,0,2027,2027,0,5,7
451,101,19,0,9,2027,2027,0,1,8
452,101,16,0,9,2026,2026,0,4,8
453,101,19,0,9,2026,2026,0,4,8
454,101,19,0,9,2026,2026,0,4,8
456,101,16,0,9,2027,2027,0,1,8
457,101,17,0,9,2026,2026,0,4,8
457,101,17,0,9,2027,2027,0,1,8
461,101,18,0,9,2026,2026,0,4,8
461,101,18,0,9,2027,2027,0,1,8
463,101,19,0,9,2026,2026,0,4,8
465,101,18,0,1,2026,2026,0,1,6
465,101,18,0,9,2026,2026,0,4,8
465,101,18,0,4,2026,2026,0,20,11
465,101,18,0,6,2026,2026,0,20,11
468,101,19,0,9,2026,2026,0,4,8
468,101,19,0,9,2027,2027,0,1,8
472,101,16,0,0,2026,2026,0,27,7
472,101,16,0,9,2026,2026,0,4,8
472,101,16,0,0,2026,2026,0,5,10
472,101,16,0,6,2026,2026,0,20,11
472,101,16,0,11,2026,2026,6,20,11
472,101,16,0,0,2027,2027,0,31,5
472,101,16,0,0,2027,2027,0,12,7
472,101,16,0,9,2027,2027,0,1,8
475,101,19,0,0,2026,2026,0,1,6
475,101,19,0,9,2026,2026,0,4,8
475,101,19,0,0,2026,2026,0,14,9
476,101,17,0,9,2026,2026,0,4,8
476,101,17,0,9,2027,2027,0,1,8
477,101,19,0,9,2027,2027,0,1,8
478,101,19,0,0,2026,2026,0,8,6
478,101,19,0,9,2026,2026,0,4,8
478,101,19,0,9,2027,2027,0,1,8
480,101,18,0,9,2026,2026,0,4,8
480,101,18,0,4,2026,2026,0,20,11
480,101,18,0,7,2026,2026,1,20,11
481,101,18,0,9,2026,2026,0,4,8
481,101,18,0,9,2027,2027,0,1,8
482,101,18,0,9,2026,2026,0,4,8
482,101,18,0,7,2026,2026,5,20,11
482,101,18,0,0,2027,2027,0,7,6
482,101,18,0,9,2027,2027,0,1,8
483,101,16,0,9,2026,2026,0,4,8
483,101,16,0,0,2027,2027,0,14,6
483,101,16,0,9,2027,2027,0,1,8
484,101,19,0,9,2027,2027,0,1,8
485,101,16,0,9,2026,2026,0,4,8
485,101,16,0,13,2026,2026,0,20,11
486,101,17,0,9,2026,2026,0,4,8
487,101,18,0,1,2026,2026,0,1,9
488,101,18,0,1,2026,2026,0,1,11
488,101,18,0,1,2027,2027,0,1,6
488,101,18,0,9,2027,2027,0,1,8
489,101,18,0,9,2027,2027,0,1,8
493,101,19,0,9,2027,2027,0,1,8
496,101,16,0,0,2027,2027,0,24,5
496,101,16,0,2,2027,2027,0,1,6
496,101,16,0,9,2027,2027,0,1,8
499,101,16,0,9,2027,2027,0,1,8
503,101,19,0,9,2027,2027,0,1,8
504,101,18,0,9,2027,2027,0,1,8
508,101,16,0,2,2027,2027,0,1,7
508,101,16,0,0,2027,2027,0,26,7
508,101,16,0,9,2027,2027,0,1,8
511,101,18,0,9,2027,2027,0,1,8
512,101,16,0,0,2027,2027,0,28,6
512,101,16,0,9,2027,2027,0,1,8
513,101,17,0,9,2027,2027,0,1,8
516,101,17,0,9,2027,2027,0,1,8
519,101,17,0,9,2027,2027,0,1,8
521,101,17,0,9,2027,2027,0,1,8
522,101,18,0,9,2027,2027,0,1,8
523,101,16,0,0,2027,2027,0,19,7
523,101,16,0,2,2027,2027,0,1,8
523,101,16,0,9,2027,2027,0,1,8
524,101,17,0,9,2027,2027,0,1,8
525,101,16,0,9,2027,2027,0,1,8
527,101,18,0,9,2027,2027,0,1,8
529,101,16,0,1,2027,2027,0,1,7
529,101,16,0,9,2027,2027,0,1,8
533,101,16,0,9,2027,2027,0,1,8
534,101,16,0,9,2027,2027,0,1,8
536,101,18,0,9,2027,2027,0,1,8
537,101,19,0,9,2027,2027,0,1,8
539,101,18,0,9,2027,2027,0,1,8
540,101,18,0,9,2027,2027,0,1,8
