player_id,team_id,league_id,position,role,offensive_value,offensive_value_talent,offensive_value_vsl,offensive_value_vsr,pitching_value,pitching_value_talent,pitching_value_vsl,pitching_value_vsr,overall_value,talent_value,career_value,leadoff_value_vsl,leadoff_value_vsr,running_value,stealing_value,season_performance,stats_value_0,stats_value_1,stats_value_2,stats_mod_0,stats_mod_1,stats_mod_2,ratings_value,overall_sp,overall_rp,overall_c,overall_1b,overall_2b,overall_3b,overall_ss,overall_lf,overall_cf,overall_rf,award_bat,award_pit,award_field,oa,pot
1,17,101,1,12,0,0,18,0,575,187,946,946,465,363,414,138,133,18,0,-10.3226,0,0,0,0,0,0,575,454,465,1,1,1,1,1,1,1,1,0.0000,0.0000,563.9673,22,22
3,17,101,1,12,1,1,1,1,467,0,767,767,442,185,314,133,133,19,0,6.6643,0,0,0,0,0,0,467,529,442,1,1,1,1,1,1,1,1,0.0000,0.0000,577.2305,20,20
5,17,101,1,12,0,0,18,0,575,187,946,946,463,363,413,138,133,18,0,-8.8296,0,0,0,0,0,0,575,453,463,1,1,1,1,1,1,1,1,0.0000,0.0000,594.3212,22,22
6,17,101,1,12,0,0,0,0,549,0,899,899,523,1,262,46,46,1,0,0.0000,0,0,0,0,0,0,549,549,523,1,1,1,1,1,1,1,1,0.0000,0.0000,400.0000,30,30
8,11,100,9,0,1174,0,1322,1121,0,0,0,0,1,1,1,489,449,86,3,6.9864,1237,1023,1113,100,100,100,1369,1,1,980,980,980,980,980,1272,1375,1286,0.0000,0.0000,846.9641,56,56
12,10,100,1,11,0,0,0,0,1906,0,1994,2081,1642,1,822,46,46,1,0,28.9877,0,0,0,0,0,0,1906,1642,1156,1,1,1,1,1,1,1,1,0.0000,0.0000,607.6308,74,74
14,26,100,9,0,1384,0,1338,1387,0,0,0,0,1,1,1,371,379,50,1,1.3320,1113,1014,933,100,100,100,1444,1,1,970,1089,970,970,970,1206,970,1230,0.0000,0.0000,849.6692,54,54
15,10,100,8,0,1726,0,1726,1724,0,0,0,0,1,1,1,547,545,140,2,27.1686,1635,1340,1339,100,100,100,1945,1,1,1403,1403,1403,1403,1656,1743,1822,1684,0.0000,0.0000,921.3057,80,80
16,9,100,1,11,0,0,0,0,1328,0,1513,1513,1138,1,570,46,46,1,0,1.7413,0,0,0,0,0,0,1328,1138,852,1,1,1,1,1,1,1,1,0.0000,0.0000,603.9429,48,48
17,1,100,1,11,0,0,0,0,1779,0,1939,1939,1489,1,745,46,46,1,0,20.4788,0,0,0,0,0,0,1779,1489,1095,1,1,1,1,1,1,1,1,0.0000,0.0000,608.4923,66,66
18,1,100,1,11,0,0,0,0,1196,0,1461,1500,1077,1,539,46,46,1,0,5.0493,0,0,0,0,0,0,1196,1077,842,1,1,1,1,1,1,1,1,0.0000,0.0000,547.2204,44,44
20,2,100,2,0,1559,0,1578,1556,0,0,0,0,1,1,1,591,599,116,6,24.9516,1568,1107,1127,100,100,100,1789,1,1,1704,1274,1274,1274,1274,1274,1274,1274,0.0000,0.0000,870.0426,75,75
22,25,100,1,11,0,0,0,0,1088,0,1113,1280,970,1,485,46,46,1,0,-2.9755,0,0,0,0,0,0,1088,970,720,1,1,1,1,1,1,1,1,0.0000,0.0000,592.4926,37,37
23,19,101,8,0,586,0,582,582,0,0,0,0,1,1,1,271,271,60,1,0.0000,0,0,0,0,0,0,583,1,1,480,480,480,480,480,507,534,516,0.0000,0.0000,400.0000,20,20
24,24,100,3,0,1338,0,1256,1353,0,0,0,0,1,1,1,340,345,68,1,3.9729,1118,997,1221,100,100,100,1346,1,1,971,1159,1179,971,972,972,971,972,0.0000,0.0000,689.9859,51,51
25,0,0,7,0,746,0,433,867,0,0,0,0,1,1,1,212,312,52,1,0.0000,0,0,0,0,0,0,731,1,1,611,692,611,646,611,643,611,611,0.0000,0.0000,0.0000,20,20
27,2,100,1,11,0,0,0,0,1507,0,1602,1667,1501,1,751,46,46,1,0,22.3337,0,0,0,0,0,0,1507,1501,998,1,1,1,1,1,1,1,1,0.0000,0.0000,620.1614,67,67
28,27,100,4,0,707,521,1048,622,0,0,0,0,1,1,644,333,261,50,1,2.1176,1038,1118,0,49,49,0,719,1,1,721,759,833,721,721,787,721,721,0.0000,0.0000,578.1538,31,31
29,1,100,5,0,1625,1,1636,1636,0,0,0,0,1,1,779,699,699,106,5,17.6306,1452,1315,1470,100,100,100,1698,1,1,1284,1377,1464,1557,1284,1284,1284,1284,0.0000,0.0000,681.6032,68,68
34,3,100,1,12,0,0,0,0,879,0,879,879,678,1,339,48,48,1,0,-12.4165,0,0,0,0,0,0,879,678,516,1,1,1,1,1,1,1,1,0.0000,0.0000,603.5975,29,29
37,18,101,2,0,602,0,426,650,0,0,0,0,1,1,1,259,295,70,2,0.0000,0,0,0,0,0,0,650,1,1,578,499,493,493,493,493,493,493,0.0000,0.0000,400.0000,20,20
41,17,101,1,11,0,0,0,0,327,199,327,327,327,380,380,102,100,23,0,0.0000,0,0,0,0,0,0,327,327,380,1,1,1,1,1,1,1,1,0.0000,0.0000,400.0000,20,20
43,24,100,1,12,0,0,0,0,1025,0,1509,1509,826,1,413,50,50,1,0,9.7507,0,0,0,0,0,0,1025,1152,826,1,1,1,1,1,1,1,1,0.0000,0.0000,602.0572,66,66
45,26,100,1,12,0,0,0,0,1133,0,1237,1342,1104,1,552,46,46,1,0,0.0938,0,0,0,0,0,0,1133,1104,764,1,1,1,1,1,1,1,1,0.0000,0.0000,598.5458,60,60
48,10,100,6,0,1654,1,1653,1674,0,0,0,0,1,1,922,434,444,104,2,29.3750,1649,1331,1469,100,100,100,1902,1,1,1394,1394,1609,1784,1842,1394,1394,1706,0.0000,0.0000,824.5176,80,80
56,2,100,1,12,0,0,0,0,858,0,1219,1283,693,1,347,46,46,1,0,10.0752,0,0,0,0,0,0,858,943,693,1,1,1,1,1,1,1,1,0.0000,0.0000,606.9205,52,52
57,2,100,1,12,0,0,0,0,725,0,1073,1033,585,1,293,46,46,1,0,-2.0445,0,0,0,0,0,0,725,853,585,1,1,1,1,1,1,1,1,0.0000,0.0000,605.4492,39,39
62,24,100,1,11,0,0,0,0,1664,0,1855,1853,1456,1,728,46,46,1,0,12.8069,0,0,0,0,0,0,1664,1456,1065,1,1,1,1,1,1,1,1,0.0000,0.0000,627.3210,64,64
65,11,100,2,0,1473,0,1461,1476,0,0,0,0,1,1,1,403,405,60,1,16.3964,1354,1331,846,100,100,100,1665,1,1,1553,1162,1161,1161,1161,1161,1161,1161,0.0000,0.0000,687.7828,68,68
69,26,100,1,11,0,0,0,0,1030,0,1030,1030,878,1,440,46,46,1,0,-9.1551,0,0,0,0,0,0,1030,878,618,1,1,1,1,1,1,1,1,0.0000,0.0000,590.6278,30,30
70,27,100,1,13,0,0,0,0,947,0,1394,1394,777,1,389,46,46,1,0,7.5919,0,0,0,0,0,0,947,1048,777,1,1,1,1,1,1,1,1,0.0000,0.0000,642.6912,61,61
76,11,100,1,11,0,0,0,0,1815,0,1980,1979,1542,1,772,46,46,1,0,25.6455,0,0,0,0,0,0,1815,1542,1102,1,1,1,1,1,1,1,1,0.0000,0.0000,613.6090,69,69
81,1,100,6,0,1560,0,1560,1560,0,0,0,0,1,1,1,441,441,80,2,15.4632,1402,1545,1234,100,100,100,1795,1,1,1262,1262,1550,1548,1697,1262,1262,1263,0.0000,0.0000,718.3816,75,75
87,24,100,7,0,1452,0,1471,1471,0,0,0,0,1,1,1,519,519,70,2,25.9017,1581,1156,1392,100,100,100,1340,1,1,1269,1269,1269,1269,1269,1357,1270,1352,0.0000,0.0000,400.0000,59,59
90,27,100,1,12,0,0,0,0,465,0,975,636,459,178,306,46,46,1,0,-15.6886,0,0,0,0,0,0,465,558,459,1,1,1,1,1,1,1,1,0.0000,0.0000,602.3478,21,21
92,27,100,9,0,594,0,748,542,0,0,0,0,1,1,1,447,355,130,7,-9.0711,790,0,757,93,0,46,656,1,1,585,585,585,585,585,683,695,659,0.0000,0.0000,637.4644,21,21
96,16,101,1,12,110,110,4,145,660,667,932,980,542,549,616,131,157,29,0,0.0000,0,0,0,0,0,0,660,660,542,90,90,90,90,90,90,90,90,0.0000,0.0000,400.0000,33,33
111,9,100,5,0,1257,0,1191,1266,0,0,0,0,1,1,1,398,414,100,1,1.1867,1112,1413,1056,100,100,100,1330,1,1,998,1132,1271,1269,998,998,998,998,0.0000,0.0000,791.3137,55,55
115,16,101,1,12,0,0,0,0,264,275,264,264,264,275,363,46,46,1,0,0.0000,0,0,0,0,0,0,264,264,361,1,1,1,1,1,1,1,1,0.0000,0.0000,400.0000,20,20
119,10,100,3,0,1127,1,1151,1156,0,0,0,0,1,1,611,684,690,110,10,3.6824,1215,1353,1197,100,100,100,1140,1,1,1008,1217,1221,1008,1128,1008,1009,1008,0.0000,0.0000,751.0949,53,53
121,9,100,4,0,1177,0,1137,1205,0,0,0,0,1,1,1,360,384,60,1,10.8740,1216,1299,1040,100,100,100,1263,1,1,1008,1209,1294,1135,1133,1008,1008,1008,0.0000,0.0000,651.9322,57,57
122,1,100,6,0,1664,0,1639,1661,0,0,0,0,1,1,1,471,476,80,2,10.9209,1312,1295,1290,100,100,100,1894,1,1,1214,1214,1600,1214,1590,1214,1644,1214,0.0000,0.0000,833.1628,70,70
124,9,100,9,0,1168,0,1129,1164,0,0,0,0,1,1,1,329,330,50,1,-8.9712,832,1057,1149,100,100,100,1212,1,1,804,1021,804,804,804,1020,870,970,0.0000,0.0000,730.0658,39,39
126,26,100,1,12,0,0,0,0,1214,0,1487,1405,1121,1,561,46,46,3,0,3.4462,0,0,0,0,0,0,1214,1121,831,1,1,1,1,1,1,1,1,0.0000,0.0000,587.2398,67,67
127,27,100,1,11,0,0,0,0,911,0,1024,1142,821,1,411,46,46,1,0,-17.3390,0,0,0,0,0,0,911,821,636,1,1,1,1,1,1,1,1,0.0000,0.0000,594.3352,27,27
128,0,0,3,0,466,0,466,466,0,0,0,0,1,1,1,326,326,100,4,0.0000,0,0,0,0,0,0,459,1,1,382,414,382,382,382,382,382,382,0.0000,0.0000,0.0000,20,20
134,17,101,1,11,0,0,0,0,231,122,231,231,231,344,288,112,127,2,0,0.0000,0,0,0,0,0,0,231,231,354,1,1,1,1,1,1,1,1,0.0000,0.0000,400.0000,20,20
136,27,100,1,12,0,0,0,0,558,0,913,913,514,1,257,50,50,1,0,0.0000,0,0,0,0,0,0,558,557,514,1,1,1,1,1,1,1,1,0.0000,0.0000,400.0000,29,29
137,2,100,7,0,1436,0,1474,1456,0,0,0,0,1,1,1,390,394,50,1,16.3358,1460,1386,1336,100,100,100,1462,1,1,1236,1358,1236,1368,1236,1462,1236,1392,0.0000,0.0000,615.8819,64,64
138,25,100,1,12,0,0,0,0,901,0,1325,1326,718,1,360,46,46,1,0,2.6539,0,0,0,0,0,0,901,983,718,1,1,1,1,1,1,1,1,0.0000,0.0000,604.2882,55,55
139,18,101,3,0,592,222,421,650,0,0,0,0,1,1,367,208,257,50,1,0.0000,0,0,0,0,0,0,558,1,1,485,524,485,485,485,493,485,485,0.0000,0.0000,611.1999,20,20
140,25,100,5,0,974,0,962,997,0,0,0,0,1,1,1,336,342,60,1,3.3570,1130,860,919,100,21,17,797,1,1,870,870,870,870,870,870,870,870,0.0000,0.0000,400.0000,33,33
144,18,101,1,12,0,0,0,0,628,88,921,921,471,296,384,30,46,1,0,3.6375,0,0,0,0,0,0,628,529,471,1,1,1,1,1,1,1,1,0.0000,0.0000,622.7021,23,23
145,9,100,1,11,0,0,0,0,1556,0,1669,1794,1326,1,664,46,46,1,0,10.3413,0,0,0,0,0,0,1556,1326,1022,1,1,1,1,1,1,1,1,0.0000,0.0000,585.1641,58,58
146,1,100,4,0,1368,0,1393,1358,0,0,0,0,1,1,1,608,598,106,4,10.8625,1160,1244,1076,100,100,100,1554,1,1,1031,1031,1417,1078,1378,1031,1231,1031,0.0000,0.0000,712.2753,62,62
147,1,100,2,0,1402,0,1383,1415,0,0,0,0,1,1,1,908,905,106,10,-7.0557,1159,1220,1092,100,100,100,1629,1,1,1465,1038,1038,1038,1038,1038,1038,1038,0.0000,0.0000,686.5040,64,64
149,24,100,3,0,1367,0,1346,1359,0,0,0,0,1,1,1,386,379,80,1,-0.8470,1035,1232,1111,100,100,100,1401,1,1,968,1170,968,1202,968,1056,968,968,0.0000,0.0000,691.7264,51,51
158,10,100,2,0,1337,0,1358,1358,0,0,0,0,1,1,1,403,403,60,1,13.2817,1328,1056,1281,100,100,100,1490,1,1,1441,1088,1088,1096,1088,1088,1088,1089,0.0000,0.0000,595.1825,63,63
159,2,100,8,0,1197,0,1207,1207,0,0,0,0,1,1,1,338,338,50,1,8.7647,1298,1039,1106,100,100,100,1407,1,1,1019,1019,1019,1324,1019,1329,1429,1126,0.0000,0.0000,909.8598,63,63
162,18,101,1,12,0,0,0,0,609,0,894,894,516,227,372,80,46,1,0,-5.1020,0,0,0,0,0,0,609,609,516,1,1,1,1,1,1,1,1,0.0000,0.0000,399.7983,29,29
165,24,100,1,12,0,0,0,0,730,0,1069,1069,594,1,297,46,46,1,0,2.9574,0,0,0,0,0,0,730,870,594,1,1,1,1,1,1,1,1,0.0000,0.0000,607.3508,40,40
174,26,100,1,11,0,0,0,0,1686,0,1672,1908,1440,1,721,46,46,1,0,14.2234,0,0,0,0,0,0,1686,1440,1037,1,1,1,1,1,1,1,1,0.0000,0.0000,598.7219,63,63
185,10,100,9,0,1411,0,1483,1381,0,0,0,0,1,1,1,406,437,100,1,10.7998,1273,1350,1336,100,100,100,1558,1,1,1129,1129,1476,1342,1454,1212,1310,1394,0.0000,0.0000,909.3625,61,61
192,24,100,1,13,0,0,0,0,1011,0,1489,1489,819,1,410,46,46,1,0,7.0147,0,0,0,0,0,0,1011,1061,819,1,1,1,1,1,1,1,1,0.0000,0.0000,565.5086,65,65
200,26,100,1,11,0,0,0,0,1243,0,1340,1448,1328,1,665,46,46,1,0,18.2959,0,0,0,0,0,0,1243,1328,892,1,1,1,1,1,1,1,1,0.0000,0.0000,571.0030,58,58
204,3,100,2,0,931,1,955,955,0,0,0,0,1,1,514,433,433,100,2,0.0000,0,959,1088,0,100,100,1046,1,1,1028,782,782,782,782,782,782,782,0.0000,0.0000,400.0000,43,43
206,2,100,6,0,1106,0,1075,1109,0,0,0,0,1,1,1,674,682,108,10,-10.0223,967,991,1148,100,100,100,1302,1,1,836,925,1203,1035,1171,836,1107,836,0.0000,0.0000,689.8011,51,51
208,1,100,1,11,0,0,0,0,1323,0,1438,1508,1326,1,664,46,46,1,0,12.2758,0,0,0,0,0,0,1323,1326,877,1,1,1,1,1,1,1,1,0.0000,0.0000,575.7238,58,58
223,9,100,1,11,0,0,0,0,1009,0,1093,1200,914,1,457,46,46,1,0,-6.2534,0,0,0,0,0,0,1009,914,672,1,1,1,1,1,1,1,1,0.0000,0.0000,587.3591,33,33
237,1,100,3,0,1300,0,1237,1316,0,0,0,0,1,1,1,497,520,70,2,-5.1366,1010,1170,1358,100,100,100,1277,1,1,938,1115,938,938,938,1083,938,939,0.0000,0.0000,699.1593,48,48
239,26,100,5,0,1385,0,1379,1373,0,0,0,0,1,1,1,352,446,100,1,9.5336,1255,1149,1407,100,100,100,1548,1,1,1086,1086,1449,1370,1086,1363,1086,1086,0.0000,0.0000,782.2471,60,60
244,24,100,6,0,1484,0,1476,1476,0,0,0,0,1,1,1,419,419,60,1,11.2956,1304,1174,1336,100,100,100,1640,1,1,1140,1140,1496,1140,1462,1140,1140,1140,0.0000,0.0000,662.2134,64,64
246,9,100,2,0,1597,0,1582,1609,0,0,0,0,1,1,1,384,396,50,1,6.6302,1215,1476,1342,100,100,100,1763,1,1,1541,1262,1175,1331,1175,1175,1176,1175,0.0000,0.0000,717.3930,68,68
247,10,100,3,0,992,0,959,1005,0,0,0,0,1,1,1,338,339,60,1,-4.9772,839,712,662,100,100,100,1105,1,1,702,880,930,871,907,702,702,702,0.0000,0.0000,709.0244,34,34
255,26,100,2,0,1501,0,1498,1502,0,0,0,0,1,1,1,403,402,50,1,24.6341,1499,1098,1333,100,100,100,1682,1,1,1612,1327,1232,1291,1231,1292,1231,1231,0.0000,0.0000,400.0000,71,71
258,24,100,7,0,1411,0,1415,1424,0,0,0,0,1,1,1,361,362,50,1,3.9760,1198,1251,1320,100,100,100,1547,1,1,1076,1076,1076,1077,1076,1394,1412,1342,0.0000,0.0000,847.1367,61,61
268,24,100,8,0,1509,0,1411,1548,0,0,0,0,1,1,1,543,566,82,2,5.3988,1250,1462,1464,100,100,100,1638,1,1,1170,1170,1170,1170,1170,1459,1499,1344,0.0000,0.0000,784.2466,66,66
270,26,100,7,0,1457,0,1451,1451,0,0,0,0,1,1,1,341,341,50,1,7.3229,1254,1300,1473,100,100,100,1539,1,1,1133,1134,1133,1134,1133,1415,1327,1339,0.0000,0.0000,866.1791,62,62
273,2,100,2,12,1080,0,1133,1041,0,0,0,0,1,1,1,359,350,60,1,-12.1485,835,951,1068,100,100,100,1189,1,1,1028,768,768,768,768,768,768,768,0.0000,0.0000,400.0000,43,43
275,3,100,2,0,1233,0,1197,1232,0,0,0,0,1,1,1,341,342,50,1,-22.7364,636,1098,1071,100,100,100,1321,1,1,979,742,742,742,742,742,742,742,0.0000,0.0000,400.0000,40,40
277,17,101,2,0,455,443,447,447,0,0,0,0,1,1,445,216,216,63,2,0.0000,0,0,0,0,0,0,484,1,1,418,373,373,373,373,373,373,373,0.0000,0.0000,400.0000,20,20
278,17,101,2,0,471,475,467,467,0,0,0,0,1,1,470,281,281,70,1,0.0000,0,0,0,0,0,0,501,1,1,435,386,386,386,386,386,386,386,0.0000,0.0000,400.0000,20,20
279,17,101,3,0,401,413,401,401,0,0,0,0,1,1,373,194,194,53,1,0.0000,0,0,0,0,0,0,386,1,1,329,349,329,329,329,329,329,329,0.0000,0.0000,400.0000,20,20
283,17,101,7,0,408,401,401,401,0,0,0,0,1,1,360,283,283,96,5,0.0000,0,0,0,0,0,0,376,1,1,334,334,334,334,334,349,334,334,0.0000,0.0000,400.0000,20,20
284,19,101,2,0,471,475,467,467,0,0,0,0,1,1,470,281,281,70,1,0.0000,0,0,0,0,0,0,501,1,1,435,386,386,386,386,386,386,386,0.0000,0.0000,400.0000,20,20
285,17,101,9,0,455,443,443,443,0,0,0,0,1,1,396,214,214,63,2,0.0000,0,0,0,0,0,0,399,1,1,373,373,373,373,373,376,373,383,0.0000,0.0000,400.0000,20,20
289,17,101,4,0,471,478,475,475,0,0,0,0,1,1,438,284,284,70,1,0.0000,0,0,0,0,0,0,416,1,1,386,398,386,386,386,386,386,386,0.0000,0.0000,400.0000,20,20
290,18,101,2,0,433,341,425,425,0,0,0,0,1,1,384,209,209,50,1,0.0000,0,0,0,0,0,0,468,1,1,399,365,355,355,355,355,355,355,0.0000,0.0000,400.0000,20,20
291,19,101,5,0,471,478,475,475,0,0,0,0,1,1,438,284,284,70,1,0.0000,0,0,0,0,0,0,416,1,1,386,398,386,386,386,386,386,386,0.0000,0.0000,400.0000,20,20
292,19,101,7,0,408,401,401,401,0,0,0,0,1,1,360,283,283,96,5,0.0000,0,0,0,0,0,0,376,1,1,334,334,334,334,334,349,334,334,0.0000,0.0000,400.0000,20,20
295,19,101,9,0,455,443,443,443,0,0,0,0,1,1,396,214,214,63,2,0.0000,0,0,0,0,0,0,399,1,1,373,373,373,373,373,376,373,383,0.0000,0.0000,400.0000,20,20
296,19,101,1,11,0,0,0,0,327,199,327,327,327,380,380,102,100,23,0,0.0000,0,0,0,0,0,0,327,327,380,1,1,1,1,1,1,1,1,0.0000,0.0000,400.0000,20,20
297,19,101,1,11,0,0,0,0,231,122,231,231,231,344,288,112,127,2,0,0.0000,0,0,0,0,0,0,231,231,354,1,1,1,1,1,1,1,1,0.0000,0.0000,400.0000,20,20
302,19,101,1,12,0,0,0,0,894,0,894,894,667,1,334,53,53,1,0,-4.3161,0,0,0,0,0,0,894,667,495,1,1,1,1,1,1,1,1,0.0000,0.0000,598.1548,26,26
306,9,100,4,0,789,0,440,933,0,0,0,0,1,1,1,214,329,50,1,0.6885,1085,640,0,22,81,0,839,1,1,669,669,812,669,796,669,669,669,0.0000,0.0000,400.0000,30,30
309,17,101,1,12,0,0,0,0,543,0,217,831,543,1,272,46,46,1,0,0.0000,0,0,0,0,0,0,543,543,438,1,1,1,1,1,1,1,1,0.0000,0.0000,400.0000,20,20
310,10,100,7,0,1279,0,1274,1272,0,0,0,0,1,1,1,883,884,140,20,-0.8561,1299,1286,1258,100,100,100,1428,1,1,1089,1089,1089,1089,1089,1395,1438,1349,0.0000,0.0000,828.5341,61,61
311,1,100,1,12,0,0,0,0,794,0,1151,1183,687,1,344,46,46,1,0,16.2385,0,0,0,0,0,0,794,1168,687,1,1,1,1,1,1,1,1,0.0000,0.0000,681.7834,52,52
312,18,101,7,0,717,0,714,714,0,0,0,0,1,1,1,301,301,70,2,0.0000,0,0,0,0,0,0,714,1,1,587,587,587,587,587,669,659,633,0.0000,0.0000,400.0000,21,21
315,9,100,1,12,0,0,0,0,927,0,1109,1109,933,1,467,46,46,1,0,-3.2853,0,0,0,0,0,0,927,933,666,1,1,1,1,1,1,1,1,0.0000,0.0000,605.4213,50,50
316,27,100,7,0,832,0,441,958,0,0,0,0,1,1,1,264,423,70,2,-2.6735,876,0,0,59,0,0,789,1,1,699,744,699,699,699,782,699,747,0.0000,0.0000,603.9627,28,28
321,27,100,3,0,1115,1,1171,1142,0,0,0,0,1,1,519,366,352,50,1,4.8169,1158,901,904,100,100,100,1057,1,1,896,1037,896,896,896,896,896,896,0.0000,0.0000,702.2001,43,43
322,16,101,1,12,0,0,0,0,623,0,915,915,466,1,234,46,46,1,0,5.0352,0,0,0,0,0,0,623,515,466,1,1,1,1,1,1,1,1,0.0000,0.0000,569.5072,22,22
323,19,101,7,0,501,0,661,443,0,0,0,0,1,1,1,280,237,60,1,0.0000,0,0,0,0,0,0,496,1,1,410,410,410,410,432,449,410,435,0.0000,0.0000,400.0000,20,20
324,1,100,9,0,1039,0,1018,1052,0,0,0,0,1,1,1,341,341,60,1,4.1495,1145,981,774,100,100,100,998,1,1,876,876,876,918,876,876,943,1018,0.0000,0.0000,565.7474,42,42
326,9,100,1,13,0,0,0,0,656,0,960,960,499,1,250,46,46,1,0,-15.3188,0,0,0,0,0,0,656,557,499,1,1,1,1,1,1,1,1,0.0000,0.0000,566.4407,27,27
327,27,100,1,11,0,0,0,0,982,0,982,982,820,1,411,48,48,1,0,-13.0193,0,0,0,0,0,0,982,820,560,1,1,1,1,1,1,1,1,0.0000,0.0000,572.4045,27,27
328,3,100,1,11,0,0,0,0,894,0,627,966,838,1,420,46,46,1,0,0.0000,0,0,0,0,0,0,894,838,546,1,1,1,1,1,1,1,1,0.0000,0.0000,400.0000,28,28
329,27,100,1,11,0,0,0,0,955,0,1119,1143,954,1,478,46,46,1,0,-3.4444,0,0,0,0,0,0,955,954,676,1,1,1,1,1,1,1,1,0.0000,0.0000,588.2057,36,36
330,18,101,4,0,548,0,548,548,0,0,0,0,1,1,1,332,332,100,5,0.0000,0,0,0,0,0,0,512,1,1,449,468,459,480,449,477,449,449,0.0000,0.0000,400.0000,20,20
331,9,100,1,12,0,0,0,0,1030,0,1482,1519,844,1,423,46,46,1,0,13.2980,0,0,0,0,0,0,1030,1168,844,1,1,1,1,1,1,1,1,0.0000,0.0000,600.6536,68,68
332,27,100,1,11,0,0,0,0,937,0,893,937,909,1,455,46,46,1,0,0.0000,0,0,0,0,0,0,937,909,563,1,1,1,1,1,1,1,1,0.0000,0.0000,400.0000,33,33
333,27,100,1,12,0,0,0,0,765,0,1232,1106,568,1,285,46,46,1,0,-19.6623,0,0,0,0,0,0,765,649,568,1,1,1,1,1,1,1,1,0.0000,0.0000,603.4679,36,36
334,3,100,1,12,0,0,0,0,867,0,1054,1031,858,1,430,46,46,1,0,-9.3176,0,0,0,0,0,0,867,858,609,1,1,1,1,1,1,1,1,0.0000,0.0000,589.7564,42,42
335,25,100,1,11,0,0,0,0,1423,0,1613,1624,1246,1,624,46,46,1,0,9.5019,0,0,0,0,0,0,1423,1246,937,1,1,1,1,1,1,1,1,0.0000,0.0000,680.2898,54,54
336,2,100,1,12,0,0,0,0,1068,0,1530,1577,816,1,409,46,46,1,0,-1.1999,0,0,0,0,0,0,1068,1045,816,1,1,1,1,1,1,1,1,0.0000,0.0000,564.6389,65,65
337,2,100,1,11,0,0,0,0,1373,0,1570,1570,1227,1,614,46,46,1,0,4.8330,0,0,0,0,0,0,1373,1227,885,1,1,1,1,1,1,1,1,0.0000,0.0000,600.6491,53,53
338,19,101,2,0,489,0,657,429,0,0,0,0,1,1,1,263,210,52,1,0.0000,0,0,0,0,0,0,538,1,1,461,401,401,401,401,401,401,401,0.0000,0.0000,400.0000,20,20
340,17,101,4,0,532,0,504,521,0,0,0,0,1,1,1,298,304,84,3,0.0000,0,0,0,0,0,0,531,1,1,436,436,481,436,436,436,436,436,0.0000,0.0000,400.0000,20,20
341,19,101,4,0,724,0,719,721,0,0,0,0,1,1,1,290,289,60,1,0.0000,0,0,0,0,0,0,758,1,1,593,635,701,593,623,593,593,593,0.0000,0.0000,400.0000,23,23
344,2,100,6,0,1248,0,1207,1270,0,0,0,0,1,1,1,413,423,86,2,-9.7710,820,1013,952,100,100,100,1434,1,1,806,806,1151,966,1121,806,806,806,0.0000,0.0000,685.7587,48,48
346,3,100,5,0,984,0,970,979,0,0,0,0,1,1,1,425,421,92,3,-8.6156,850,848,829,100,100,100,1013,1,1,728,728,728,895,728,892,728,858,0.0000,0.0000,680.7915,35,35
348,19,101,7,0,619,0,418,664,0,0,0,0,1,1,1,256,303,70,2,0.0000,0,0,0,0,0,0,624,1,1,507,507,507,507,507,572,564,527,0.0000,0.0000,400.0000,20,20
349,10,100,5,0,1475,0,1441,1475,0,0,0,0,1,1,1,392,384,88,1,-1.7850,1020,1085,910,100,100,100,1474,1,1,961,1140,961,1160,961,1159,961,1129,0.0000,0.0000,621.8705,51,51
350,19,101,7,0,509,0,505,513,0,0,0,0,1,1,1,303,306,100,4,0.0000,0,0,0,0,0,0,495,1,1,417,417,417,417,417,453,417,442,0.0000,0.0000,400.0000,20,20
353,27,100,7,0,1056,0,1059,1045,0,0,0,0,1,1,1,325,320,80,1,-16.1204,744,793,935,100,100,100,1054,1,1,700,700,700,700,700,847,765,787,0.0000,0.0000,755.3970,32,32
354,27,100,4,0,788,0,691,815,0,0,0,0,1,1,1,284,294,78,2,-10.3661,685,743,0,100,100,0,827,1,1,594,594,714,594,632,659,594,594,0.0000,0.0000,682.1588,24,24
355,26,100,6,0,967,0,863,991,0,0,0,0,1,1,1,370,392,70,2,-6.9091,929,774,781,100,100,100,1164,1,1,745,745,1023,922,1052,745,745,745,0.0000,0.0000,711.0464,44,44
358,26,100,1,12,0,0,0,0,994,0,989,999,1016,1,509,46,46,1,0,4.3725,0,0,0,0,0,0,994,1016,601,1,1,1,1,1,1,1,1,0.0000,0.0000,499.7923,41,41
360,24,100,1,11,0,0,0,0,1472,0,1556,1635,1283,1,642,48,48,1,0,9.2234,0,0,0,0,0,0,1472,1283,921,1,1,1,1,1,1,1,1,0.0000,0.0000,603.6792,56,56
361,9,100,1,12,0,0,0,0,1007,0,1007,1007,944,1,473,46,46,1,0,-1.3105,0,0,0,0,0,0,1007,944,588,1,1,1,1,1,1,1,1,0.0000,0.0000,629.7017,39,39
363,1,100,1,12,0,0,0,0,785,0,785,785,653,1,327,53,53,1,0,-19.9023,0,0,0,0,0,0,785,653,491,1,1,1,1,1,1,1,1,0.0000,0.0000,601.1667,26,26
364,1,100,4,0,1465,0,1468,1460,0,0,0,0,1,1,1,404,407,110,1,5.6307,1207,1286,1183,100,100,100,1477,1,1,1095,1307,1197,1095,1303,1096,1095,1095,0.0000,0.0000,740.7115,52,52
365,9,100,7,0,1150,0,1094,1179,0,0,0,0,1,1,1,334,335,86,1,-1.8770,1064,1059,1045,100,100,100,1296,1,1,891,891,891,891,891,1177,1233,1122,0.0000,0.0000,764.0758,51,51
366,27,100,8,0,991,0,972,990,0,0,0,0,1,1,1,401,411,100,2,0.0253,1073,911,907,100,100,100,1026,1,1,832,848,832,832,832,922,1030,980,0.0000,0.0000,593.3487,43,43
368,10,100,1,11,0,0,0,0,1427,0,1607,1607,1222,1,612,53,53,1,0,5.7517,0,0,0,0,0,0,1427,1222,902,1,1,1,1,1,1,1,1,0.0000,0.0000,606.9300,53,53
370,26,100,1,12,0,0,0,0,385,0,385,385,385,1,193,53,53,1,0,0.0000,0,0,0,0,0,0,385,385,401,1,1,1,1,1,1,1,1,0.0000,0.0000,400.0000,20,20
371,10,100,1,12,0,0,0,0,674,661,991,991,541,546,679,53,53,1,0,-7.3245,0,0,0,0,0,0,674,697,541,1,1,1,1,1,1,1,1,0.0000,0.0000,566.9015,33,33
372,19,101,2,0,596,0,418,631,0,0,0,0,1,1,1,256,295,70,2,0.0000,0,0,0,0,0,0,655,1,1,578,508,488,488,488,488,488,488,0.0000,0.0000,400.0000,20,20
373,18,101,7,0,579,589,504,589,0,0,0,0,1,1,529,282,306,70,2,0.0000,0,0,0,0,0,0,492,1,1,474,474,474,474,474,483,474,474,0.0000,0.0000,400.0000,20,20
374,16,101,1,12,0,0,0,0,472,0,773,773,476,1,239,53,53,1,0,0.0000,0,0,0,0,0,0,472,472,476,1,1,1,1,1,1,1,1,0.0000,0.0000,400.0000,24,24
375,11,100,5,0,1390,1,1417,1382,0,0,0,0,1,1,707,518,503,80,2,15.6591,1416,1233,1126,100,100,100,1437,1,1,1166,1320,1167,1413,1166,1330,1166,1166,0.0000,0.0000,659.8026,62,62
376,18,101,5,0,783,716,787,795,0,0,0,0,1,1,709,315,315,80,2,0.0000,0,0,497,0,0,15,742,1,1,641,641,641,712,641,689,641,653,0.0000,0.0000,400.0000,24,24
377,9,100,4,0,1366,0,1371,1360,0,0,0,0,1,1,1,448,448,92,2,1.0018,1127,1030,1154,100,100,100,1590,1,1,986,986,1393,986,1410,987,1305,986,0.0000,0.0000,770.4960,61,61
378,26,100,7,0,546,0,512,547,0,0,0,0,1,1,1,283,297,70,2,0.0000,0,0,0,0,0,0,519,1,1,447,447,447,447,447,482,447,464,0.0000,0.0000,400.0000,20,20
379,24,100,7,0,1381,0,1354,1374,0,0,0,0,1,1,1,419,418,90,1,6.7727,1224,1495,1170,100,100,100,1527,1,1,1109,1109,1109,1109,1109,1245,1455,1360,0.0000,0.0000,684.9397,54,54
381,0,0,3,0,572,0,572,572,0,0,0,0,1,1,1,246,246,50,1,0.0000,0,0,0,0,0,0,572,1,1,468,489,522,468,468,468,468,468,0.0000,0.0000,0.0000,20,20
383,0,0,5,0,591,0,478,605,0,0,0,0,1,1,1,245,269,70,1,0.0000,0,0,0,0,0,0,535,1,1,484,484,484,511,484,484,484,484,0.0000,0.0000,0.0000,20,20
384,0,0,7,0,456,0,460,453,0,0,0,0,1,1,1,319,320,108,5,0.0000,0,0,471,0,0,64,426,1,1,374,374,374,374,374,394,374,395,0.0000,0.0000,0.0000,20,20
385,17,101,2,0,592,96,577,577,0,0,0,0,1,1,336,261,261,60,1,0.0000,0,0,0,0,0,0,639,1,1,567,506,485,485,485,485,485,485,0.0000,0.0000,400.0000,20,20
387,19,101,1,12,0,0,0,0,894,0,894,894,705,1,353,53,53,1,0,5.6899,0,0,0,0,0,0,894,705,503,1,1,1,1,1,1,1,1,0.0000,0.0000,605.7439,27,27
388,19,101,1,12,0,0,0,0,894,0,894,894,654,85,370,53,53,1,0,7.7178,0,0,0,0,0,0,894,654,493,1,1,1,1,1,1,1,1,0.0000,0.0000,604.3026,26,26
389,19,101,1,12,0,0,0,0,894,0,894,894,655,1,328,53,53,1,0,8.3002,0,0,0,0,0,0,894,655,494,1,1,1,1,1,1,1,1,0.0000,0.0000,608.9878,26,26
390,9,100,3,0,791,585,859,778,0,0,0,0,1,1,592,308,298,54,1,-2.0728,0,456,526,0,20,100,701,1,1,598,633,630,598,598,631,598,598,0.0000,0.0000,606.0730,20,20
391,18,101,4,0,558,558,550,550,0,0,0,0,1,1,530,260,260,80,2,0.0000,0,0,0,0,0,0,545,1,1,457,479,501,471,457,457,457,457,0.0000,0.0000,400.0000,20,20
392,25,100,9,0,1210,0,1238,1199,0,0,0,0,1,1,1,541,525,92,3,-4.0516,1012,885,834,100,100,100,1229,1,1,854,854,854,854,854,1029,915,1061,0.0000,0.0000,684.8325,45,45
393,28,101,1,12,0,0,0,0,623,0,968,904,499,1,250,50,50,1,0,5.2424,0,0,0,0,0,0,623,622,499,1,1,1,1,1,1,1,1,0.0000,0.0000,603.7213,27,27
394,3,100,1,11,0,0,0,0,969,0,810,1023,800,1,401,48,48,1,0,-6.4038,0,0,0,0,0,0,969,800,557,1,1,1,1,1,1,1,1,0.0000,0.0000,603.8659,25,25
395,3,100,1,12,0,0,0,0,592,0,592,592,473,1,237,46,46,1,0,-17.3469,0,0,0,0,0,0,592,473,421,1,1,1,1,1,1,1,1,0.0000,0.0000,602.0055,20,20
396,11,100,1,11,0,0,0,0,1324,0,1471,1503,1204,1,603,46,46,1,0,8.2866,0,0,0,0,0,0,1324,1204,867,1,1,1,1,1,1,1,1,0.0000,0.0000,549.8572,52,52
397,19,101,1,12,0,0,0,0,745,0,726,764,618,1,310,46,46,1,0,0.0000,0,0,0,0,0,0,745,618,475,1,1,1,1,1,1,1,1,0.0000,0.0000,400.0000,24,24
398,9,100,1,12,0,0,0,0,1018,0,1018,1018,832,1,417,50,50,1,0,-8.1905,0,0,0,0,0,0,1018,832,584,1,1,1,1,1,1,1,1,0.0000,0.0000,625.2462,38,38
399,24,100,1,11,0,0,0,0,1234,0,1421,1421,1197,1,599,50,50,1,0,12.8669,0,0,0,0,0,0,1234,1197,825,1,1,1,1,1,1,1,1,0.0000,0.0000,570.7524,51,51
400,0,0,1,12,0,0,0,0,976,0,976,976,924,1,463,46,46,1,0,-2.7464,0,0,0,0,0,0,976,924,584,1,1,1,1,1,1,1,1,0.0000,0.0000,0.0000,38,38
401,11,100,1,11,0,0,0,0,1388,0,1571,1571,1260,1,631,46,46,1,0,8.8005,0,0,0,0,0,0,1388,1260,907,1,1,1,1,1,1,1,1,0.0000,0.0000,608.5161,54,54
402,3,100,1,12,0,0,0,0,993,0,977,1021,855,1,428,46,46,1,0,-10.1143,0,0,0,0,0,0,993,855,549,1,1,1,1,1,1,1,1,0.0000,0.0000,608.9476,34,34
403,19,101,1,13,0,0,0,0,592,0,977,963,512,1,257,50,50,1,0,-5.2148,0,0,0,0,0,0,592,524,512,1,1,1,1,1,1,1,1,0.0000,0.0000,604.5933,29,29
404,25,100,1,12,0,0,0,0,852,0,1100,1139,895,1,448,48,48,1,0,-9.0035,0,0,0,0,0,0,852,895,623,1,1,1,1,1,1,1,1,0.0000,0.0000,600.3155,44,44
405,10,100,2,0,1377,0,1371,1371,0,0,0,0,1,1,1,391,391,50,1,4.9089,1161,1021,842,100,100,100,1572,1,1,1384,1063,989,991,989,989,989,989,0.0000,0.0000,711.8892,61,61
407,11,100,3,0,1371,0,1333,1382,0,0,0,0,1,1,1,367,379,50,1,3.4296,1153,1043,1027,100,100,100,1385,1,1,996,1210,996,1105,996,1172,996,1074,0.0000,0.0000,823.8941,53,53
408,26,100,3,0,1157,0,1113,1181,0,0,0,0,1,1,1,346,347,66,1,3.6629,1127,1077,962,100,100,100,1136,1,1,920,1099,920,920,920,965,920,920,0.0000,0.0000,704.5124,47,47
409,3,100,4,0,1246,0,1256,1232,0,0,0,0,1,1,1,371,366,60,1,8.7288,1136,976,956,100,100,100,1389,1,1,936,936,1279,944,1187,936,936,936,0.0000,0.0000,694.8920,56,56
410,3,100,4,0,808,1,790,849,0,0,0,0,1,1,411,350,361,80,2,-7.1573,908,682,537,100,100,100,855,1,1,676,772,820,676,790,676,676,676,0.0000,0.0000,684.4559,30,30
413,18,101,7,0,579,0,492,594,0,0,0,0,1,1,1,290,312,80,2,0.0000,0,0,0,0,0,0,496,1,1,474,474,474,474,474,485,474,474,0.0000,0.0000,400.0000,20,20
415,19,101,3,0,488,0,471,493,0,0,0,0,1,1,1,220,220,50,1,0.0000,0,0,0,0,0,0,453,1,1,400,415,400,400,400,421,400,423,0.0000,0.0000,400.0000,20,20
417,2,100,3,0,1083,0,1097,1097,0,0,0,0,1,1,1,352,352,80,1,-8.0469,886,865,853,100,100,100,1037,1,1,770,873,770,770,770,897,851,898,0.0000,0.0000,327.9680,34,34
418,3,100,7,0,1321,0,1324,1324,0,0,0,0,1,1,1,386,386,100,1,1.4714,1144,1042,881,100,100,100,1371,1,1,969,969,969,969,969,1219,1193,1052,0.0000,0.0000,740.8478,53,53
419,26,100,2,0,1351,0,1246,1362,0,0,0,0,1,1,1,392,406,100,1,-1.2706,1084,1076,861,100,100,100,1542,1,1,1343,1030,952,953,952,1000,952,953,0.0000,0.0000,728.5784,59,59
420,19,101,7,0,533,0,526,526,0,0,0,0,1,1,1,304,304,80,3,0.0000,0,0,0,0,0,0,507,1,1,437,437,437,437,437,470,437,450,0.0000,0.0000,400.0000,20,20
421,1,100,1,13,0,0,0,0,892,0,875,957,767,1,384,53,53,1,0,-7.2708,0,0,0,0,0,0,892,767,503,1,1,1,1,1,1,1,1,0.0000,0.0000,604.9853,27,27
422,27,100,4,0,721,0,661,750,0,0,0,0,1,1,1,413,422,112,6,-2.1992,597,536,548,25,100,100,736,1,1,523,523,607,543,552,523,523,523,0.0000,0.0000,612.3359,20,20
423,1,100,1,12,0,0,0,0,718,0,1048,1048,557,13,285,50,50,1,0,-12.6632,0,0,0,0,0,0,718,725,557,1,1,1,1,1,1,1,1,0.0000,0.0000,603.3164,35,35
424,27,100,2,0,752,0,730,741,0,0,0,0,1,1,1,380,384,116,5,-6.2137,529,0,0,32,0,0,832,1,1,684,552,552,552,552,552,552,552,0.0000,0.0000,612.1696,22,22
426,2,100,1,12,0,0,0,0,905,147,845,905,808,338,573,48,48,1,0,-7.4965,0,0,0,0,0,0,905,808,547,1,1,1,1,1,1,1,1,0.0000,0.0000,604.3837,33,33
427,25,100,8,0,1056,1,1079,1074,0,0,0,0,1,1,650,694,693,108,10,-1.7259,1180,931,718,100,100,100,1284,1,1,886,886,886,886,886,1172,1299,1019,0.0000,0.0000,783.7506,57,57
428,26,100,4,0,1173,0,1133,1180,0,0,0,0,1,1,1,550,591,120,7,1.7059,996,917,881,100,100,100,1352,1,1,845,872,1200,1052,996,845,845,845,0.0000,0.0000,755.1711,52,52
430,25,100,6,0,1338,0,1349,1330,0,0,0,0,1,1,1,409,409,78,2,-5.3434,967,904,1012,100,100,100,1453,1,1,877,892,1144,1164,1183,877,877,877,0.0000,0.0000,677.0825,52,52
432,25,100,7,0,1194,0,1186,1186,0,0,0,0,1,1,1,577,577,100,8,8.0156,1380,988,880,100,100,100,1257,1,1,1040,1040,1040,1040,1041,1303,1292,1127,0.0000,0.0000,676.4726,57,57
433,18,101,7,0,561,561,561,561,0,0,0,0,1,1,510,252,252,60,1,0.0000,0,0,0,0,0,0,497,1,1,459,459,459,459,459,470,459,478,0.0000,0.0000,400.0000,20,20
434,18,101,1,11,0,0,0,0,702,0,422,778,702,62,382,46,46,25,0,0.0000,0,0,0,0,0,0,702,702,494,1,1,1,1,1,1,1,1,0.0000,0.0000,400.0000,20,20
435,3,100,2,0,668,146,680,664,0,0,0,0,1,1,392,261,257,50,1,0.0000,0,461,612,0,81,100,762,1,1,616,498,498,498,498,498,498,498,0.0000,0.0000,400.0000,20,20
436,11,100,3,0,1351,0,1302,1351,0,0,0,0,1,1,1,343,352,50,1,-2.2454,988,1133,1038,100,58,100,1242,1,1,980,1011,920,920,920,920,920,920,0.0000,0.0000,549.4296,42,42
437,11,100,4,0,1099,0,1186,1060,0,0,0,0,1,1,1,407,408,100,1,0.2117,1125,1150,727,100,100,100,1170,1,1,901,901,1038,1115,1171,1171,901,901,0.0000,0.0000,716.7529,43,43
439,18,101,4,0,908,0,743,962,0,0,0,0,1,1,1,277,290,50,1,11.1507,669,570,504,87,100,100,880,1,1,593,593,683,649,593,640,593,593,0.0000,0.0000,606.7361,22,22
440,28,101,9,0,715,0,433,806,0,0,0,0,1,1,1,261,305,70,2,1.4121,541,0,504,44,0,23,677,1,1,522,522,522,522,522,552,528,575,0.0000,0.0000,602.4341,20,20
442,2,100,1,11,0,0,0,0,1047,155,1224,1225,1000,345,673,53,53,1,0,-2.6393,0,0,0,0,0,0,1047,1000,722,1,1,1,1,1,1,1,1,0.0000,0.0000,594.2710,39,39
445,26,100,1,12,0,0,0,0,944,0,1085,1198,989,8,499,46,46,1,0,1.4460,0,0,0,0,0,0,944,989,676,1,1,1,1,1,1,1,1,0.0000,0.0000,602.5135,51,51
446,11,100,1,11,0,0,0,0,1387,0,1614,1578,1194,1,598,46,46,1,0,4.1125,0,0,0,0,0,0,1387,1194,948,1,1,1,1,1,1,1,1,0.0000,0.0000,559.2421,51,51
447,18,101,4,0,525,0,515,533,0,0,0,0,1,1,1,224,225,50,1,0.0000,0,0,0,0,0,0,491,1,1,430,435,459,447,430,430,430,430,0.0000,0.0000,400.0000,20,20
448,17,101,4,0,551,0,546,532,0,0,0,0,1,1,1,235,231,50,1,0.0000,0,0,405,0,0,23,551,1,1,448,448,497,448,453,448,448,451,0.0000,0.0000,400.0000,20,20
449,24,100,4,0,1074,0,1068,1068,0,0,0,0,1,1,1,677,677,104,8,2.4646,1099,934,581,100,100,100,1153,1,1,852,852,1111,1001,917,957,936,993,0.0000,0.0000,657.4732,48,48
450,16,101,3,0,747,0,745,735,0,0,0,0,1,1,1,297,280,50,1,6.5339,658,0,0,81,0,0,673,1,1,570,608,570,570,570,570,570,570,0.0000,0.0000,400.0000,20,20
451,25,100,3,0,913,0,682,987,0,0,0,0,1,1,1,296,359,76,1,-1.9265,946,1011,599,52,23,100,822,1,1,742,803,742,742,742,742,742,742,0.0000,0.0000,622.2840,29,29
452,16,101,1,12,0,0,0,0,850,0,771,880,812,1,406,46,46,1,0,0.0000,0,0,0,0,0,0,850,812,542,1,1,1,1,1,1,1,1,0.0000,0.0000,400.0000,33,33
453,2,100,1,11,0,0,0,0,1076,0,1230,1224,1020,1,511,46,46,1,0,1.2773,0,0,0,0,0,0,1076,1020,696,1,1,1,1,1,1,1,1,0.0000,0.0000,606.5228,40,40
454,3,100,1,12,0,0,0,0,959,176,989,949,802,337,570,46,46,1,0,0.0000,0,0,0,0,0,0,959,802,528,1,1,1,1,1,1,1,1,0.0000,0.0000,400.0000,31,31
455,10,100,1,12,0,0,0,0,979,0,979,979,818,1,410,46,46,1,0,-7.7437,0,0,0,0,0,0,979,818,538,1,1,1,1,1,1,1,1,0.0000,0.0000,602.3846,32,32
456,3,100,1,11,0,0,0,0,1142,0,1175,1409,977,1,489,46,46,1,0,-3.7801,0,0,0,0,0,0,1142,977,780,1,1,1,1,1,1,1,1,0.0000,0.0000,583.4715,37,37
457,3,100,1,11,0,0,0,0,879,0,1058,1052,831,1,416,46,46,1,0,-11.0517,0,0,0,0,0,0,879,831,614,1,1,1,1,1,1,1,1,0.0000,0.0000,613.2063,27,27
458,10,100,1,11,0,0,0,0,1065,0,1254,1310,1140,1,571,46,46,1,0,6.9432,0,0,0,0,0,0,1065,1140,751,1,1,1,1,1,1,1,1,0.0000,0.0000,571.9447,48,48
459,17,101,2,0,617,0,440,671,0,0,0,0,1,1,1,236,283,80,2,-4.5180,465,0,0,100,0,0,682,1,1,510,445,427,427,427,427,427,427,0.0000,0.0000,742.6259,20,20
460,26,100,1,12,0,0,0,0,650,0,650,650,650,1,326,50,50,1,0,0.0000,0,0,0,0,0,0,650,650,471,1,1,1,1,1,1,1,1,0.0000,0.0000,400.0000,23,23
461,18,101,7,0,746,0,733,733,0,0,0,0,1,1,1,349,349,85,3,-0.7226,0,0,461,0,0,100,731,1,1,578,578,578,578,578,655,643,645,0.0000,0.0000,667.7135,20,20
462,16,101,1,12,0,0,0,0,939,0,1021,1067,644,1,323,50,50,1,0,3.3282,0,0,0,0,0,0,939,644,581,1,1,1,1,1,1,1,1,0.0000,0.0000,612.1404,38,38
464,26,100,1,12,0,0,0,0,752,0,742,762,690,1,346,46,46,1,0,0.0000,0,0,0,0,0,0,752,690,488,1,1,1,1,1,1,1,1,0.0000,0.0000,400.0000,25,25
465,3,100,1,11,0,0,0,0,1155,0,1312,1316,987,1,494,46,46,1,0,-1.9601,0,0,0,0,0,0,1155,987,741,1,1,1,1,1,1,1,1,0.0000,0.0000,615.7552,38,38
466,25,100,1,12,0,0,0,0,989,0,1448,1448,812,67,440,46,46,1,0,5.9184,0,0,0,0,0,0,989,1036,812,1,1,1,1,1,1,1,1,0.0000,0.0000,599.0605,65,65
467,11,100,1,12,0,0,0,0,646,143,1026,1075,593,307,450,46,46,1,0,-11.2792,0,0,0,0,0,0,646,723,593,1,1,1,1,1,1,1,1,0.0000,0.0000,603.9328,40,40
468,28,101,2,0,726,558,726,726,0,0,0,0,1,1,595,327,327,78,2,-8.2973,443,427,534,100,84,100,830,1,1,551,452,437,437,437,437,437,437,0.0000,0.0000,751.4442,20,20
469,18,101,2,0,558,565,565,565,0,0,0,0,1,1,579,301,301,70,2,0.0000,0,0,0,0,0,0,614,1,1,536,457,457,457,457,457,457,457,0.0000,0.0000,400.0000,20,20
470,19,101,3,0,579,597,558,597,0,0,0,0,1,1,550,258,268,60,2,0.0000,0,0,0,0,0,0,539,1,1,474,508,474,507,474,474,474,474,0.0000,0.0000,400.0000,20,20
472,25,100,6,0,881,547,881,881,0,0,0,0,1,1,793,470,470,120,7,-14.4876,798,856,624,100,100,100,1052,1,1,674,674,873,772,921,674,674,674,0.0000,0.0000,758.4073,36,36
474,19,101,3,0,591,598,598,598,0,0,0,0,1,1,583,269,269,50,1,0.0000,0,0,0,0,0,0,608,1,1,484,550,518,484,484,484,484,484,0.0000,0.0000,400.0000,20,20
475,9,100,7,0,1119,553,1114,1103,0,0,0,0,1,1,818,383,383,86,1,-1.9284,1039,872,443,100,100,100,1163,1,1,825,825,825,825,825,932,1048,965,0.0000,0.0000,586.1228,37,37
476,17,101,7,0,809,594,796,803,0,0,0,0,1,1,586,303,306,60,1,2.4639,738,493,513,15,100,100,703,1,1,567,567,567,567,567,590,567,592,0.0000,0.0000,399.9534,20,20
478,3,100,4,0,1046,1,1066,1061,0,0,0,0,1,1,534,365,364,100,1,1.0430,1079,952,549,100,100,100,1103,1,1,838,887,1043,1067,838,838,838,838,0.0000,0.0000,654.2896,44,44
479,27,100,1,12,0,0,0,0,878,0,1322,1289,674,1,338,46,46,1,0,-4.0995,0,0,0,0,0,0,878,879,674,1,1,1,1,1,1,1,1,0.0000,0.0000,603.8169,51,51
480,28,101,1,11,0,0,0,0,756,692,756,756,495,692,594,46,46,1,0,-3.1458,0,0,0,0,0,0,756,495,450,1,1,1,1,1,1,1,1,0.0000,0.0000,634.7821,20,20
481,27,100,1,11,0,0,0,0,1208,0,1293,1384,1020,1,511,46,46,1,0,-16.0609,0,0,0,0,0,0,1208,1020,771,1,1,1,1,1,1,1,1,0.0000,0.0000,570.2879,40,40
482,25,100,2,0,1102,1,1215,1095,0,0,0,0,1,1,592,370,377,86,1,-1.7355,1057,742,540,100,100,100,1307,1,1,1183,816,816,816,816,816,816,816,0.0000,0.0000,729.1527,52,52
483,16,101,2,0,760,573,681,803,0,0,0,0,1,1,625,287,291,52,1,8.8830,588,423,543,100,100,100,834,1,1,620,507,502,502,502,502,502,502,0.0000,0.0000,702.5052,20,20
484,29,101,3,0,847,2,631,927,0,0,0,0,1,1,300,279,317,60,1,2.5876,517,545,519,100,73,100,849,1,1,509,597,509,509,509,566,509,509,0.0000,0.0000,803.0236,20,20
485,19,101,1,11,0,0,0,0,870,0,840,880,542,1,272,46,46,1,0,-9.0421,0,0,0,0,0,0,870,542,477,1,1,1,1,1,1,1,1,0.0000,0.0000,604.6192,20,20
486,17,101,1,11,0,0,0,0,687,0,688,685,621,1,311,46,46,1,0,0.0000,0,0,0,0,0,0,687,621,472,1,1,1,1,1,1,1,1,0.0000,0.0000,400.0000,20,20
488,25,100,1,11,0,0,0,0,932,0,1019,1111,855,1,428,46,46,1,0,-4.6558,0,0,0,0,0,0,932,855,628,1,1,1,1,1,1,1,1,0.0000,0.0000,596.4844,29,29
489,29,101,1,13,0,0,0,0,620,0,1022,1022,511,1,256,48,48,1,0,-2.3985,0,0,0,0,0,0,620,504,511,1,1,1,1,1,1,1,1,0.0000,0.0000,604.1432,28,28
490,18,101,7,0,455,0,445,447,0,0,0,0,1,1,1,327,328,110,5,0.0000,0,0,0,0,0,0,442,1,1,373,373,373,373,373,401,373,379,0.0000,0.0000,400.0000,20,20
491,25,100,1,12,0,0,0,0,624,0,1015,1037,556,127,342,46,46,1,0,-10.4169,0,0,0,0,0,0,624,726,556,1,1,1,1,1,1,1,1,0.0000,0.0000,609.2510,35,35
492,3,100,6,0,1045,0,1045,1045,0,0,0,0,1,1,1,358,358,60,1,-8.3488,871,780,481,100,100,100,1107,1,1,729,729,834,729,932,750,844,729,0.0000,0.0000,557.9964,37,37
493,28,101,1,11,0,0,0,0,967,0,927,967,677,1,339,51,51,1,0,11.2849,0,0,0,0,0,0,967,677,527,1,1,1,1,1,1,1,1,0.0000,0.0000,582.0056,20,20
494,16,101,1,11,0,0,0,0,638,0,546,708,567,1,284,46,47,1,0,0.0000,0,0,0,0,0,0,638,567,458,1,1,1,1,1,1,1,1,0.0000,0.0000,400.0000,20,20
495,26,100,1,12,0,0,0,0,120,0,186,186,337,1,169,64,46,1,0,0.0000,0,0,0,0,0,0,120,120,337,1,1,1,1,1,1,1,1,0.0000,0.0000,400.0000,20,20
498,16,101,1,12,0,0,0,0,572,0,824,843,438,1,220,48,48,1,0,-6.5801,0,0,0,0,0,0,572,465,438,1,1,1,1,1,1,1,1,0.0000,0.0000,546.7495,20,20
499,25,100,1,12,0,0,0,0,690,0,1013,1013,549,1,275,46,46,1,0,0.1802,0,0,0,0,0,0,690,694,549,1,1,1,1,1,1,1,1,0.0000,0.0000,603.4923,34,34
500,27,100,1,12,0,0,0,0,816,0,1164,1211,618,1,310,48,48,1,0,-11.1733,0,0,0,0,0,0,816,784,618,1,1,1,1,1,1,1,1,0.0000,0.0000,611.4814,43,43
501,26,100,1,12,0,0,0,0,974,0,1214,1206,992,1,497,50,50,1,0,12.4477,0,0,0,0,0,0,974,992,691,1,1,1,1,1,1,1,1,0.0000,0.0000,645.3320,52,52
502,2,100,1,11,0,0,0,0,1105,0,1306,1428,1103,1,552,48,48,1,0,16.4824,0,0,0,0,0,0,1105,1103,793,1,1,1,1,1,1,1,1,0.0000,0.0000,559.0757,45,45
503,3,100,1,12,0,0,0,0,1172,0,1426,1469,1040,1,521,48,48,1,0,10.0714,0,0,0,0,0,0,1172,1040,825,1,1,1,1,1,1,1,1,0.0000,0.0000,553.6791,66,66
504,10,100,1,12,0,0,0,0,891,0,1303,1303,731,1,366,50,50,1,0,6.8960,0,0,0,0,0,0,891,1018,731,1,1,1,1,1,1,1,1,0.0000,0.0000,609.7425,56,56
505,11,100,1,12,0,0,0,0,925,0,1351,1375,699,1,350,50,50,1,0,-6.2344,0,0,0,0,0,0,925,870,699,1,1,1,1,1,1,1,1,0.0000,0.0000,605.3202,53,53
506,25,100,1,13,0,0,0,0,808,0,1189,1189,665,1,333,48,48,1,0,4.4801,0,0,0,0,0,0,808,1030,665,1,1,1,1,1,1,1,1,0.0000,0.0000,602.2412,49,49
507,0,0,3,0,626,0,625,642,0,0,0,0,1,1,1,276,280,60,1,0.0000,0,0,0,0,0,0,611,1,1,513,568,513,513,513,513,513,532,0.0000,0.0000,0.0000,20,20
508,1,100,3,0,949,0,685,1077,0,0,0,0,1,1,1,249,325,50,1,-7.2910,823,552,627,100,100,100,855,1,1,663,720,663,663,663,663,663,663,0.0000,0.0000,400.0000,24,24
509,18,101,3,0,576,0,585,579,0,0,0,0,1,1,1,271,270,74,1,0.0000,0,0,359,0,0,34,575,1,1,466,519,490,466,466,466,466,466,0.0000,0.0000,400.0000,20,20
510,16,101,4,0,845,0,826,839,0,0,0,0,1,1,1,382,383,82,3,2.1693,521,559,418,100,100,100,861,1,1,507,508,602,536,523,507,507,507,0.0000,0.0000,735.5442,20,20
511,18,101,4,0,528,0,518,526,0,0,0,0,1,1,1,304,307,88,3,0.0000,0,0,460,0,0,100,467,1,1,424,433,440,424,424,424,424,424,0.0000,0.0000,400.0000,20,20
512,3,100,2,0,995,1,937,1060,0,0,0,0,1,1,459,381,393,60,1,-15.6632,831,487,588,100,100,100,1152,1,1,917,680,668,668,668,668,668,668,0.0000,0.0000,669.7687,36,36
514,17,101,4,0,492,0,534,498,0,0,0,0,1,1,1,296,289,80,3,0.0000,0,0,0,0,0,0,445,1,1,403,403,409,421,405,403,403,403,0.0000,0.0000,400.0000,20,20
515,18,101,3,0,863,0,749,898,0,0,0,0,1,1,1,306,315,50,1,-4.8013,504,517,0,100,100,0,776,1,1,505,543,505,505,505,505,505,505,0.0000,0.0000,698.2364,20,20
516,11,100,5,0,1024,0,991,1030,0,0,0,0,1,1,1,423,425,80,3,-6.0820,927,625,444,100,100,100,1092,1,1,726,726,878,909,930,726,726,726,0.0000,0.0000,686.4179,36,36
517,19,101,2,0,751,0,607,798,0,0,0,0,1,1,1,252,276,50,1,0.3429,501,539,432,100,100,20,831,1,1,592,506,478,478,478,478,478,478,0.0000,0.0000,681.5108,20,20
518,17,101,2,0,550,0,546,546,0,0,0,0,1,1,1,249,249,60,1,0.0000,0,0,0,0,0,0,594,1,1,522,459,450,450,450,450,450,450,0.0000,0.0000,400.0000,20,20
519,24,100,2,0,1004,0,1007,1003,0,0,0,0,1,1,1,448,447,96,2,-13.9507,831,448,466,100,22,100,1148,1,1,954,745,701,701,701,701,701,701,0.0000,0.0000,721.8098,38,38
520,18,101,2,0,564,0,558,551,0,0,0,0,1,1,1,292,300,80,2,0.0000,0,484,413,0,100,100,633,1,1,511,440,430,430,430,430,430,430,0.0000,0.0000,612.2213,20,20
521,27,100,2,0,833,0,827,827,0,0,0,0,1,1,1,381,381,90,3,-16.3436,714,544,412,100,100,100,929,1,1,740,581,581,581,581,581,581,581,0.0000,0.0000,649.7199,26,26
522,2,100,7,0,691,0,718,718,0,0,0,0,1,1,1,295,295,60,1,0.0000,0,553,459,0,100,100,663,1,1,513,513,513,513,513,568,553,549,0.0000,0.0000,600.1038,20,20
523,3,100,4,0,740,0,570,792,0,0,0,0,1,1,1,236,271,50,1,0.0000,0,474,504,0,100,100,729,1,1,522,522,559,522,522,582,593,522,0.0000,0.0000,601.3816,20,20
524,11,100,8,0,901,0,892,905,0,0,0,0,1,1,1,517,517,120,7,-13.1206,860,537,519,100,100,100,1078,1,1,661,661,661,661,661,824,910,801,0.0000,0.0000,919.4155,36,36
525,1,100,1,11,0,0,0,0,1054,0,1233,1233,1008,1,505,46,46,1,0,0.3504,0,0,0,0,0,0,1054,1008,714,1,1,1,1,1,1,1,1,0.0000,0.0000,593.8357,39,39
526,10,100,1,11,0,0,0,0,1053,0,1195,1195,962,1,482,46,46,1,0,-0.7870,0,0,0,0,0,0,1053,962,689,1,1,1,1,1,1,1,1,0.0000,0.0000,597.2019,36,36
527,24,100,1,11,0,0,0,0,951,0,1106,1141,954,1,478,46,46,1,0,-5.9848,0,0,0,0,0,0,951,954,676,1,1,1,1,1,1,1,1,0.0000,0.0000,594.8094,36,36
528,17,101,1,11,0,0,0,0,157,0,157,157,193,1,97,50,50,1,0,-8.1633,0,0,0,0,0,0,157,193,318,1,1,1,1,1,1,1,1,0.0000,0.0000,492.2428,20,20
529,25,100,1,11,0,0,0,0,1088,0,1246,1258,869,1,435,46,46,1,0,-7.4020,0,0,0,0,0,0,1088,869,681,1,1,1,1,1,1,1,1,0.0000,0.0000,610.5755,30,30
530,26,100,1,12,0,0,0,0,134,0,171,171,321,1,161,48,48,1,0,0.0000,0,0,0,0,0,0,134,142,321,1,1,1,1,1,1,1,1,0.0000,0.0000,400.0000,20,20
531,18,101,1,12,0,0,0,0,572,0,572,572,555,1,278,46,46,1,0,0.0000,0,0,0,0,0,0,572,555,450,1,1,1,1,1,1,1,1,0.0000,0.0000,400.0000,20,20
533,3,100,1,13,0,0,0,0,1134,0,1413,1413,942,1,472,46,46,1,0,2.4842,0,0,0,0,0,0,1134,942,786,1,1,1,1,1,1,1,1,0.0000,0.0000,630.6300,62,62
534,10,100,1,12,0,0,0,0,855,0,1065,1070,777,1,389,48,48,1,0,-9.9389,0,0,0,0,0,0,855,777,592,1,1,1,1,1,1,1,1,0.0000,0.0000,580.1688,40,40
535,19,101,4,0,505,0,523,485,0,0,0,0,1,1,1,307,293,80,2,0.0000,0,0,0,0,0,0,481,1,1,414,414,444,414,434,414,414,414,0.0000,0.0000,400.0000,20,20
536,26,100,8,0,965,0,821,1031,0,0,0,0,1,1,1,318,343,80,2,-11.6596,855,539,568,100,100,100,1101,1,1,676,676,676,829,676,770,909,676,0.0000,0.0000,637.6976,36,36
537,2,100,3,0,1130,0,877,1228,0,0,0,0,1,1,1,328,336,58,1,-0.1567,1073,600,492,100,100,100,1147,1,1,810,1005,810,896,810,810,810,925,0.0000,0.0000,817.3801,41,41
538,24,100,1,11,0,0,0,0,1038,0,1243,1243,1016,250,633,46,55,1,0,7.4872,0,0,0,0,0,0,1038,1016,723,1,1,1,1,1,1,1,1,0.0000,0.0000,584.0824,40,40
539,18,101,3,0,800,0,724,824,0,0,0,0,1,1,1,354,374,70,2,-0.9283,525,439,535,100,100,91,770,1,1,487,549,487,514,488,487,487,487,0.0000,0.0000,641.9452,20,20
540,11,100,2,0,1004,0,1007,1000,0,0,0,0,1,1,1,330,328,82,1,0.3778,1030,413,524,100,100,91,1098,1,1,972,812,744,744,744,744,744,744,0.0000,0.0000,502.7027,39,39
541,1,100,7,0,889,436,872,895,0,0,0,0,1,1,565,353,357,84,1,-15.5652,737,498,364,100,100,72,869,1,1,603,603,603,603,603,697,603,631,0.0000,0.0000,595.1740,23,23
542,25,100,1,12,0,0,0,0,717,0,892,1095,556,1,279,53,53,1,0,-8.4854,0,0,0,0,0,0,717,702,556,1,1,1,1,1,1,1,1,0.0000,0.0000,604.7477,35,35
543,17,101,7,0,936,0,841,956,0,0,0,0,1,1,1,326,338,50,1,6.5125,567,651,386,100,100,56,877,1,1,565,618,565,565,565,634,565,630,0.0000,0.0000,811.5603,20,20
544,25,100,1,11,0,0,0,0,878,0,1047,1047,855,1,428,53,53,1,0,-3.2584,0,0,0,0,0,0,878,855,624,1,1,1,1,1,1,1,1,0.0000,0.0000,610.9621,29,29
545,11,100,1,11,0,0,0,0,743,0,714,772,690,1,346,53,53,1,0,-3.3193,0,0,0,0,0,0,743,690,494,1,1,1,1,1,1,1,1,0.0000,0.0000,603.1542,20,20
546,24,100,1,12,0,0,0,0,688,0,1011,1034,571,1,286,46,46,1,0,-1.5972,0,0,0,0,0,0,688,865,571,1,1,1,1,1,1,1,1,0.0000,0.0000,609.3152,37,37
547,16,101,1,13,0,0,0,0,438,370,713,713,459,427,443,46,46,1,0,0.0000,0,0,0,0,0,0,438,438,459,1,1,1,1,1,1,1,1,0.0000,0.0000,400.0000,21,21
548,3,100,1,11,0,0,0,0,852,100,985,1038,753,100,492,46,46,1,0,-11.8921,0,0,0,0,0,0,852,753,603,1,1,1,1,1,1,1,1,0.0000,0.0000,616.5263,22,22
549,1,100,1,11,0,0,0,0,871,0,1068,1049,718,1,360,46,46,1,0,-14.8116,0,0,0,0,0,0,871,718,570,1,1,1,1,1,1,1,1,0.0000,0.0000,621.0881,20,20
550,18,101,3,11,907,0,765,958,0,0,0,0,1,1,1,299,317,64,1,1.3569,516,473,0,100,100,0,904,1,1,516,588,516,561,608,516,516,516,0.0000,0.0000,711.8916,20,20
552,11,100,1,12,0,0,0,0,948,0,1159,1208,909,1,455,46,46,1,0,3.2960,0,0,0,0,0,0,948,909,669,1,1,1,1,1,1,1,1,0.0000,0.0000,600.0330,50,50
553,11,100,4,0,842,0,796,844,0,0,0,0,1,1,1,315,328,60,1,-0.5677,940,478,0,100,100,0,891,1,1,684,684,837,763,684,684,684,752,0.0000,0.0000,650.4502,31,31
555,19,101,3,0,858,0,743,899,0,0,0,0,1,1,1,348,365,80,2,11.6964,659,395,0,100,100,0,886,1,1,555,668,635,555,555,555,555,555,0.0000,0.0000,788.3154,21,21
556,3,100,1,11,0,0,0,0,1077,0,998,1336,740,1,371,46,46,1,0,6.1125,0,0,0,0,0,0,1077,740,678,1,1,1,1,1,1,1,1,0.0000,0.0000,604.1483,21,21
557,10,100,3,0,660,0,563,683,0,0,0,0,1,1,1,269,302,76,1,0.0000,0,434,0,0,43,0,605,1,1,509,542,509,545,509,509,509,509,0.0000,0.0000,400.0000,20,20
558,16,101,3,0,841,0,808,836,0,0,0,0,1,1,1,359,368,70,2,1.0520,570,499,0,100,91,0,851,1,1,530,625,621,530,535,530,530,530,0.0000,0.0000,657.6909,20,20
559,9,100,1,11,0,0,0,0,496,0,496,496,434,1,218,46,46,1,0,-22.9592,0,0,0,0,0,0,496,434,397,1,1,1,1,1,1,1,1,0.0000,0.0000,599.0758,20,20
561,2,100,5,0,793,0,745,800,0,0,0,0,1,1,1,343,353,80,2,-13.6764,747,456,0,100,48,0,793,1,1,606,702,606,688,606,606,606,656,0.0000,0.0000,634.1407,22,22
562,18,101,7,0,822,0,814,812,0,0,0,0,1,1,1,308,308,62,1,12.3379,632,474,0,100,100,0,803,1,1,545,596,545,545,545,589,545,623,0.0000,0.0000,839.7974,20,20
563,28,101,7,0,883,0,847,882,0,0,0,0,1,1,1,304,310,58,1,-0.8921,502,535,0,100,100,0,861,1,1,512,590,562,575,512,537,512,512,0.0000,0.0000,631.8085,20,20
564,2,100,7,0,753,0,546,801,0,0,0,0,1,1,1,389,519,108,6,-1.2983,914,524,0,63,100,0,814,1,1,633,633,771,633,744,710,633,633,0.0000,0.0000,698.9908,24,24
565,25,100,9,0,831,0,760,860,0,0,0,0,1,1,1,402,441,96,5,-12.5435,664,559,0,100,90,0,864,1,1,576,576,693,576,576,639,654,638,0.0000,0.0000,665.9590,20,20
566,1,100,1,12,0,0,0,0,682,0,1147,1117,565,107,336,53,53,1,0,-14.5930,0,0,0,0,0,0,682,579,565,1,1,1,1,1,1,1,1,0.0000,0.0000,606.5339,36,36
567,17,101,4,0,730,1,739,744,0,0,0,0,1,1,263,460,480,112,10,-7.1124,481,436,0,100,100,0,747,1,1,451,451,525,462,481,451,451,451,0.0000,0.0000,515.3009,20,20
568,19,101,4,0,550,0,560,533,0,0,0,0,1,1,1,419,404,110,7,-8.5762,398,0,0,100,0,0,585,1,1,372,372,427,372,386,372,415,372,0.0000,0.0000,1083.2046,20,20
570,29,101,1,12,0,0,0,0,540,0,540,539,408,1,205,53,53,1,0,-5.1166,0,0,0,0,0,0,540,408,390,1,1,1,1,1,1,1,1,0.0000,0.0000,624.3974,20,20
571,17,101,3,0,872,0,788,914,0,0,0,0,1,1,1,302,315,50,1,-0.7937,488,457,0,100,100,0,811,1,1,493,541,493,546,493,500,493,493,0.0000,0.0000,729.8722,20,20
572,18,101,7,0,541,0,531,531,0,0,0,0,1,1,1,266,266,80,2,0.0000,0,440,0,0,33,0,513,1,1,433,433,433,433,433,466,433,433,0.0000,0.0000,400.0000,20,20
573,19,101,1,11,0,0,0,0,949,0,1086,1125,699,1,350,53,53,1,0,11.4217,0,0,0,0,0,0,949,699,617,1,1,1,1,1,1,1,1,0.0000,0.0000,623.7105,20,20
574,9,100,1,13,0,0,0,0,621,0,944,1026,585,1,293,53,53,1,0,4.5318,0,0,0,0,0,0,621,887,585,1,1,1,1,1,1,1,1,0.0000,0.0000,603.5092,39,39
575,11,100,1,12,0,0,0,0,914,0,1099,1181,811,1,406,46,46,1,0,-0.1134,0,0,0,0,0,0,914,811,633,1,1,1,1,1,1,1,1,0.0000,0.0000,600.8910,45,45
576,9,100,8,0,896,0,727,943,0,0,0,0,1,1,1,312,341,60,1,-7.8749,930,516,0,100,100,0,870,1,1,698,698,698,698,698,797,803,722,0.0000,0.0000,550.2069,29,29
577,10,100,1,12,0,0,0,0,734,0,1071,1071,549,1,275,53,53,1,0,-17.8146,0,0,0,0,0,0,734,599,549,1,1,1,1,1,1,1,1,0.0000,0.0000,603.9123,34,34
579,16,101,4,0,730,0,626,763,0,0,0,0,1,1,1,476,497,108,9,1.2533,581,435,0,100,100,0,706,1,1,495,495,554,532,532,495,495,495,0.0000,0.0000,772.3306,20,20
580,19,101,1,12,0,0,0,0,820,0,1206,1206,594,1,298,53,53,1,0,14.6528,0,0,0,0,0,0,820,655,594,1,1,1,1,1,1,1,1,0.0000,0.0000,590.0501,40,40
581,26,100,1,12,0,0,0,0,712,0,1060,1223,637,1,319,48,48,1,0,4.5986,0,0,0,0,0,0,712,841,637,1,1,1,1,1,1,1,1,0.0000,0.0000,574.7499,46,46
582,29,101,6,0,697,0,691,691,0,0,0,0,1,1,1,269,269,50,1,3.6533,549,318,0,100,100,0,658,1,1,457,457,501,463,481,457,457,457,0.0000,0.0000,635.8489,20,20
583,19,101,4,0,642,476,605,650,0,0,0,0,1,1,537,270,272,82,2,0.0000,0,592,0,0,23,0,639,1,1,522,526,587,522,522,522,522,522,0.0000,0.0000,400.0000,20,20
584,17,101,1,11,0,0,0,0,993,0,1016,993,671,1,336,46,46,1,0,1.9830,0,0,0,0,0,0,993,671,547,1,1,1,1,1,1,1,1,0.0000,0.0000,597.3791,20,20
585,17,101,5,0,582,0,578,578,0,0,0,0,1,1,1,277,277,60,1,0.0000,0,0,0,0,0,0,542,1,1,477,477,477,511,477,477,477,477,0.0000,0.0000,400.0000,20,20
586,16,101,3,0,699,0,652,709,0,0,0,0,1,1,1,360,388,104,5,4.8042,576,499,0,100,52,0,700,1,1,502,573,502,538,502,502,502,524,0.0000,0.0000,654.0129,20,20
587,18,101,1,12,0,0,0,0,654,0,957,957,484,128,279,46,46,1,0,3.2070,0,0,0,0,0,0,654,552,484,1,1,1,1,1,1,1,1,0.0000,0.0000,571.4246,25,25
588,26,100,1,12,0,77,0,0,0,0,0,0,246,255,251,123,122,8,0,0.0000,0,0,0,0,0,0,0,1,246,1,1,1,1,1,1,1,1,0.0000,0.0000,400.0000,20,20
589,16,101,1,12,0,0,0,0,647,0,945,945,491,1,246,48,48,1,0,2.1471,0,0,0,0,0,0,647,535,491,1,1,1,1,1,1,1,1,0.0000,0.0000,567.0713,26,26
591,17,101,8,0,707,0,664,713,0,0,0,0,1,1,1,448,449,120,7,-0.8471,496,0,0,100,0,0,737,1,1,470,470,470,470,530,528,552,470,0.0000,0.0000,1009.3631,20,20
593,17,101,2,0,520,0,425,555,0,0,0,0,1,1,1,209,212,50,1,0.0000,0,0,0,0,0,0,562,1,1,490,442,426,426,426,426,426,426,0.0000,0.0000,400.0000,20,20
594,16,101,1,12,0,0,0,0,539,0,748,839,433,1,217,46,46,1,0,-3.3199,0,0,0,0,0,0,539,488,433,1,1,1,1,1,1,1,1,0.0000,0.0000,592.3160,20,20
595,19,101,1,12,0,0,0,0,867,0,1029,1040,678,1,340,50,50,1,0,1.8242,0,0,0,0,0,0,867,678,568,1,1,1,1,1,1,1,1,0.0000,0.0000,596.4889,36,36
596,27,100,5,0,753,0,523,822,0,0,0,0,1,1,1,221,262,50,1,-19.9542,542,0,0,100,0,0,714,1,1,508,533,508,562,508,508,508,508,0.0000,0.0000,577.1361,20,20
597,26,100,5,0,582,0,579,579,0,0,0,0,1,1,1,277,277,50,1,0.0000,0,0,0,0,0,0,487,1,1,477,477,477,482,477,477,477,477,0.0000,0.0000,400.0000,20,20
598,18,101,3,0,802,0,749,823,0,0,0,0,1,1,1,293,296,60,1,-1.8277,498,0,0,100,0,0,786,1,1,500,503,571,556,569,500,500,500,0.0000,0.0000,711.5315,20,20
599,27,100,8,0,597,0,597,597,0,0,0,0,1,1,1,245,245,50,1,-18.2837,604,0,0,100,0,0,607,1,1,492,492,492,492,492,541,556,492,0.0000,0.0000,455.7248,20,20
600,28,101,1,11,0,0,0,0,915,0,1054,1054,670,1,336,50,50,1,0,5.6032,0,0,0,0,0,0,915,670,584,1,1,1,1,1,1,1,1,0.0000,0.0000,607.0641,20,20
601,28,101,1,12,0,0,0,0,841,0,1046,1046,641,1,321,53,53,1,0,2.8033,0,0,0,0,0,0,841,641,550,1,1,1,1,1,1,1,1,0.0000,0.0000,590.2632,34,34
602,26,100,1,11,0,0,0,0,896,0,1052,1060,893,1,447,53,53,1,0,-2.4677,0,0,0,0,0,0,896,893,617,1,1,1,1,1,1,1,1,0.0000,0.0000,602.1602,31,31
603,18,101,1,12,0,0,0,0,720,0,1005,1066,542,1,272,53,53,1,0,16.7164,0,0,0,0,0,0,720,626,542,1,1,1,1,1,1,1,1,0.0000,0.0000,607.8946,33,33
604,18,101,7,0,695,0,680,687,0,0,0,0,1,1,1,270,273,60,1,9.1642,587,0,0,100,0,0,661,1,1,513,513,513,565,513,562,513,518,0.0000,0.0000,735.9190,20,20
605,16,101,1,12,0,0,0,0,855,0,1030,1094,621,1,311,53,53,1,0,-0.7769,0,0,0,0,0,0,855,621,568,1,1,1,1,1,1,1,1,0.0000,0.0000,615.6618,36,36
606,19,101,1,11,0,0,0,0,814,0,985,937,667,1,334,53,53,1,0,8.6713,0,0,0,0,0,0,814,667,538,1,1,1,1,1,1,1,1,0.0000,0.0000,591.1355,20,20
607,19,101,6,0,706,0,696,697,0,0,0,0,1,1,1,424,424,120,6,-3.3461,459,0,0,100,0,0,665,1,1,450,450,475,493,471,450,450,450,0.0000,0.0000,641.7534,20,20
608,28,101,5,0,757,0,719,755,0,0,0,0,1,1,1,294,293,60,1,6.7796,562,0,0,100,0,0,714,1,1,519,573,519,563,519,519,519,519,0.0000,0.0000,646.1034,20,20
609,29,101,4,0,439,0,428,425,0,0,0,0,1,1,1,321,319,110,6,-5.7002,437,0,0,100,0,0,398,1,1,359,364,374,359,359,359,359,359,0.0000,0.0000,400.0000,20,20
610,18,101,7,0,812,0,802,802,0,0,0,0,1,1,1,276,276,50,1,2.9506,500,0,0,100,0,0,771,1,1,504,504,504,504,504,561,563,516,0.0000,0.0000,960.6205,20,20
611,18,101,1,12,0,0,0,0,879,0,979,1151,600,1,301,53,53,1,0,0.2763,0,0,0,0,0,0,879,600,565,1,1,1,1,1,1,1,1,0.0000,0.0000,523.2788,36,36
612,19,101,6,0,763,0,749,754,0,0,0,0,1,1,1,342,343,80,2,3.6147,556,0,0,100,0,0,747,1,1,518,518,565,555,588,518,518,518,0.0000,0.0000,754.9330,20,20
613,16,101,1,12,0,0,0,0,1008,0,1003,1013,679,1,340,53,53,1,0,-2.9255,0,0,0,0,0,0,1008,679,519,1,1,1,1,1,1,1,1,0.0000,0.0000,594.7669,30,30
614,16,101,9,0,636,0,619,627,0,0,0,0,1,1,1,423,423,102,7,-14.5950,379,0,0,100,0,0,581,1,1,388,388,388,388,388,411,388,413,0.0000,0.0000,730.5684,20,20
615,16,101,1,12,0,0,0,0,792,0,534,848,614,1,308,53,53,1,0,3.8619,0,0,0,0,0,0,792,614,484,1,1,1,1,1,1,1,1,0.0000,0.0000,582.5916,25,25
616,19,101,1,12,0,0,0,0,830,0,830,830,610,1,305,53,53,1,0,-2.2735,0,0,0,0,0,0,830,610,492,1,1,1,1,1,1,1,1,0.0000,0.0000,617.4505,26,26
617,28,101,1,12,0,0,0,0,895,0,1107,1115,671,1,336,53,53,1,0,10.5962,0,0,0,0,0,0,895,671,593,1,1,1,1,1,1,1,1,0.0000,0.0000,542.5715,40,40
618,29,101,7,0,778,0,708,789,0,0,0,0,1,1,1,334,353,74,2,-7.2012,445,0,0,100,0,0,662,1,1,465,465,465,477,465,474,465,465,0.0000,0.0000,648.2989,20,20
619,28,101,7,0,740,0,727,730,0,0,0,0,1,1,1,312,314,80,1,-6.9088,429,0,0,100,0,0,735,1,1,446,446,446,462,504,509,446,446,0.0000,0.0000,740.0812,20,20
620,19,101,7,0,785,0,770,775,0,0,0,0,1,1,1,335,336,82,2,-1.1666,486,0,0,100,0,0,767,1,1,489,489,531,489,489,556,489,538,0.0000,0.0000,769.0391,20,20
621,19,101,5,0,670,0,726,634,0,0,0,0,1,1,1,299,276,82,2,-2.0900,464,0,0,100,0,0,670,1,1,442,464,442,501,442,491,442,442,0.0000,0.0000,790.2827,20,20
622,17,101,1,12,0,0,0,0,945,0,945,945,692,1,347,53,53,1,0,6.5941,0,0,0,0,0,0,945,692,534,1,1,1,1,1,1,1,1,0.0000,0.0000,572.6784,32,32
623,29,101,2,0,701,0,636,723,0,0,0,0,1,1,1,256,257,50,1,-4.7279,485,0,0,100,0,0,758,1,1,557,488,463,463,463,463,463,463,0.0000,0.0000,573.4911,20,20
624,16,101,4,0,587,0,577,577,0,0,0,0,1,1,1,269,269,60,1,-5.8132,322,0,0,46,0,0,513,1,1,387,387,391,400,394,387,387,387,0.0000,0.0000,400.0000,20,20
625,18,101,4,0,753,0,734,742,0,0,0,0,1,1,1,301,295,72,1,14.7335,635,0,0,100,0,0,767,1,1,556,556,648,556,556,607,556,563,0.0000,0.0000,617.7050,20,20
626,18,101,1,12,0,0,0,0,486,0,486,486,437,1,219,53,53,1,0,-7.0885,0,0,0,0,0,0,486,437,384,1,1,1,1,1,1,1,1,0.0000,0.0000,622.3002,20,20
627,28,101,4,0,563,0,552,552,0,0,0,0,1,1,1,250,250,60,1,-6.6918,420,0,0,100,0,0,478,1,1,387,390,394,387,387,387,387,387,0.0000,0.0000,580.5672,20,20
628,28,101,6,0,687,0,576,710,0,0,0,0,1,1,1,330,358,104,5,-4.7037,462,0,0,100,0,0,620,1,1,446,446,462,474,446,446,446,446,0.0000,0.0000,153.8976,20,20
629,17,101,3,0,718,0,699,708,0,0,0,0,1,1,1,298,298,70,2,-7.0676,459,0,0,100,0,0,702,1,1,455,511,455,512,455,455,455,455,0.0000,0.0000,697.0948,20,20
630,29,101,3,0,733,0,674,738,0,0,0,0,1,1,1,290,300,60,1,-0.4921,553,0,0,100,0,0,675,1,1,508,550,508,550,508,508,508,508,0.0000,0.0000,741.1674,20,20
631,18,101,1,12,0,0,0,0,771,0,771,771,622,1,312,53,53,1,0,3.6056,0,0,0,0,0,0,771,622,467,1,1,1,1,1,1,1,1,0.0000,0.0000,570.9315,23,23
632,19,101,5,0,715,0,695,705,0,0,0,0,1,1,1,285,287,60,1,-1.4338,490,0,0,100,0,0,701,1,1,469,469,482,529,469,510,469,469,0.0000,0.0000,582.8620,20,20
633,16,101,7,0,561,0,523,557,0,0,0,0,1,1,1,295,300,84,3,3.2983,509,0,0,100,0,0,520,1,1,432,432,432,432,432,461,432,454,0.0000,0.0000,420.6395,20,20
634,29,101,1,12,0,0,0,0,513,0,839,839,456,1,228,53,53,1,0,-0.9710,0,0,0,0,0,0,513,498,456,1,1,1,1,1,1,1,1,0.0000,0.0000,628.0399,21,21
635,17,101,4,0,667,0,647,657,0,0,0,0,1,1,1,276,280,80,2,-2.3825,452,0,0,100,0,0,647,1,1,436,436,484,436,436,436,436,436,0.0000,0.0000,606.9978,20,20
636,16,101,6,0,495,0,478,486,0,0,0,0,1,1,1,264,261,70,2,0.0000,0,0,0,0,0,0,481,1,1,405,405,405,405,408,439,405,405,0.0000,0.0000,400.0000,20,20
637,28,101,4,0,775,0,776,761,0,0,0,0,1,1,1,315,311,76,1,2.1338,527,0,0,100,0,0,740,1,1,507,507,566,507,507,507,507,539,0.0000,0.0000,592.1690,20,20
638,19,101,5,0,554,0,535,543,0,0,0,0,1,1,1,288,290,70,2,0.0000,0,0,0,0,0,0,514,1,1,454,454,454,454,454,481,454,484,0.0000,0.0000,400.0000,20,20
639,29,101,9,0,564,0,455,582,0,0,0,0,1,1,1,278,312,96,2,-4.2412,420,0,0,100,0,0,501,1,1,387,402,387,387,387,387,387,403,0.0000,0.0000,490.0148,20,20
640,18,101,1,12,0,0,0,0,702,0,748,701,559,1,280,53,53,1,0,-2.6778,0,0,0,0,0,0,702,559,442,1,1,1,1,1,1,1,1,0.0000,0.0000,583.0776,20,20
641,16,101,4,0,581,0,539,574,0,0,0,0,1,1,1,255,269,70,2,1.2530,508,0,0,88,0,0,542,1,1,441,441,473,441,454,463,441,441,0.0000,0.0000,744.6763,20,20
642,19,101,9,0,509,0,513,491,0,0,0,0,1,1,1,229,228,60,1,0.0000,0,0,0,0,0,0,428,1,1,417,417,417,417,417,417,417,422,0.0000,0.0000,400.0000,20,20
643,17,101,1,12,0,0,0,0,705,0,662,705,585,1,293,53,53,1,0,-1.8078,0,0,0,0,0,0,705,585,467,1,1,1,1,1,1,1,1,0.0000,0.0000,627.5644,23,23
644,18,101,1,12,0,0,0,0,162,0,162,162,319,1,160,53,53,1,0,-3.2320,0,0,0,0,0,0,162,319,327,1,1,1,1,1,1,1,1,0.0000,0.0000,608.8756,20,20
645,17,101,7,0,539,0,528,528,0,0,0,0,1,1,1,246,246,60,1,-4.4811,426,0,0,80,0,0,488,1,1,389,389,409,389,389,401,389,389,0.0000,0.0000,487.2642,20,20
646,19,101,4,0,710,0,723,687,0,0,0,0,1,1,1,354,346,88,3,3.3647,522,0,0,100,0,0,724,1,1,485,485,561,485,485,485,485,485,0.0000,0.0000,753.5547,20,20
647,17,101,7,0,551,0,555,534,0,0,0,0,1,1,1,253,253,60,1,-1.3779,433,0,0,41,0,0,516,1,1,413,413,413,413,413,442,413,416,0.0000,0.0000,621.1073,20,20
648,17,101,7,0,544,0,533,533,0,0,0,0,1,1,1,245,245,60,1,0.0000,0,0,0,0,0,0,509,1,1,446,446,446,446,446,477,461,451,0.0000,0.0000,400.0000,20,20
649,29,101,8,0,543,0,533,530,0,0,0,0,1,1,1,252,250,64,1,-2.9599,436,0,0,62,0,0,488,1,1,400,400,400,400,400,413,407,419,0.0000,0.0000,560.5835,20,20
650,18,101,5,0,519,0,492,510,0,0,0,0,1,1,1,221,224,50,1,0.0000,0,0,0,0,0,0,479,1,1,425,425,425,425,425,448,425,450,0.0000,0.0000,400.0000,20,20
651,28,101,3,0,642,0,632,632,0,0,0,0,1,1,1,261,261,60,1,0.0000,0,0,0,0,0,0,579,1,1,526,556,526,526,526,526,526,526,0.0000,0.0000,400.0000,20,20
652,29,101,4,0,551,0,531,540,0,0,0,0,1,1,1,287,290,70,2,-5.7779,381,0,0,77,0,0,555,1,1,374,390,417,374,374,374,374,374,0.0000,0.0000,637.5349,20,20
653,16,101,7,0,548,0,506,545,0,0,0,0,1,1,1,294,303,80,3,-0.1014,488,0,0,16,0,0,507,1,1,438,438,438,438,438,458,438,466,0.0000,0.0000,400.0000,20,20
654,18,101,3,0,585,0,574,574,0,0,0,0,1,1,1,264,264,60,1,0.0000,0,0,0,0,0,0,546,1,1,479,500,479,479,479,513,479,514,0.0000,0.0000,605.1842,20,20
655,18,101,3,0,500,0,460,498,0,0,0,0,1,1,1,215,225,50,1,0.0000,0,0,0,0,0,0,477,1,1,410,440,410,415,410,415,410,410,0.0000,0.0000,400.0000,20,20
656,28,101,1,12,0,0,0,0,888,0,888,888,582,1,292,53,53,1,0,-5.7980,0,0,0,0,0,0,888,582,473,1,1,1,1,1,1,1,1,0.0000,0.0000,570.8869,23,23
657,28,101,1,13,0,0,0,0,681,0,878,1016,510,1,256,46,46,1,0,11.7883,0,0,0,0,0,0,681,611,510,1,1,1,1,1,1,1,1,0.0000,0.0000,606.9176,28,28
658,28,101,1,13,0,0,0,0,674,0,878,1016,489,1,245,48,48,1,0,-5.8104,0,0,0,0,0,0,674,529,489,1,1,1,1,1,1,1,1,0.0000,0.0000,605.7622,26,26
659,28,101,3,0,737,0,731,737,0,0,0,0,1,1,1,320,323,70,2,-1.5712,543,0,0,100,0,0,757,1,1,504,590,504,504,504,525,504,504,0.0000,0.0000,805.6937,20,20
660,28,101,8,0,598,0,578,597,0,0,0,0,1,1,1,260,268,70,1,-0.5364,474,0,0,100,0,0,542,1,1,426,426,426,426,426,444,450,449,0.0000,0.0000,808.0042,20,20
661,16,101,1,12,0,0,0,0,600,0,986,986,480,1,241,53,53,1,0,-5.9700,0,0,0,0,0,0,600,444,480,1,1,1,1,1,1,1,1,0.0000,0.0000,578.2903,24,24
662,29,101,1,12,0,0,0,0,637,0,1004,855,448,1,225,53,53,1,0,-18.6367,0,0,0,0,0,0,637,398,448,1,1,1,1,1,1,1,1,0.0000,0.0000,605.9112,20,20
663,29,101,1,12,0,0,0,0,681,0,878,1016,512,1,257,53,53,1,0,0.0485,0,0,0,0,0,0,681,607,512,1,1,1,1,1,1,1,1,0.0000,0.0000,605.8086,29,29
664,29,101,1,12,0,0,0,0,894,0,834,915,531,1,266,53,53,1,0,-0.2341,0,0,0,0,0,0,894,531,465,1,1,1,1,1,1,1,1,0.0000,0.0000,542.3357,22,22
665,29,101,1,12,0,0,0,0,681,0,878,1016,500,1,251,53,53,1,0,3.7069,0,0,0,0,0,0,681,544,500,1,1,1,1,1,1,1,1,0.0000,0.0000,612.1507,27,27
666,29,101,1,11,0,0,0,0,819,0,562,859,536,1,269,53,53,1,0,-7.7668,0,0,0,0,0,0,819,536,463,1,1,1,1,1,1,1,1,0.0000,0.0000,570.3008,20,20
667,29,101,1,11,0,0,0,0,993,0,993,993,610,1,306,53,53,1,0,-9.5163,0,0,0,0,0,0,993,610,522,1,1,1,1,1,1,1,1,0.0000,0.0000,600.0065,20,20
668,18,101,1,11,0,0,0,0,915,0,787,1117,715,1,358,46,46,1,0,8.5138,0,0,0,0,0,0,915,715,597,1,1,1,1,1,1,1,1,0.0000,0.0000,576.6624,20,20
669,28,101,1,13,0,0,0,0,681,0,878,1016,517,1,259,53,53,1,0,7.7884,0,0,0,0,0,0,681,623,517,1,1,1,1,1,1,1,1,0.0000,0.0000,707.3518,29,29
670,19,101,1,12,1,1,0,1,717,0,1030,1084,540,62,301,105,115,27,0,14.5963,0,0,0,0,0,0,717,626,540,1,1,1,1,1,1,1,1,0.0000,0.0000,541.1540,32,32
671,17,101,1,12,0,0,0,0,841,0,841,841,613,80,347,76,83,1,0,3.1844,0,0,0,0,0,0,841,613,469,1,1,1,1,1,1,1,1,0.0000,0.0000,605.7115,23,23
672,29,101,7,0,610,0,627,627,0,0,0,0,1,1,1,255,255,50,1,-4.6717,420,0,0,72,0,0,584,1,1,414,452,414,414,414,450,414,427,0.0000,0.0000,629.2264,20,20
673,17,101,4,0,550,0,543,543,0,0,0,0,1,1,1,300,300,80,3,-2.4541,438,0,0,81,0,0,540,1,1,398,398,437,398,398,398,398,398,0.0000,0.0000,717.3725,20,20
674,18,101,3,0,485,0,470,474,0,0,0,0,1,1,1,213,214,50,1,-4.9014,420,0,0,63,0,0,489,1,1,370,407,370,370,370,370,370,370,0.0000,0.0000,630.3505,20,20
675,17,101,9,0,654,0,579,660,0,0,0,0,1,1,1,239,240,50,1,-0.2073,468,0,0,62,0,0,609,1,1,458,458,458,458,458,495,458,492,0.0000,0.0000,668.0096,20,20
676,29,101,6,0,585,0,574,574,0,0,0,0,1,1,1,406,406,112,8,-7.5801,315,0,0,59,0,0,550,1,1,371,371,400,371,374,371,371,371,0.0000,0.0000,604.6259,20,20
677,19,101,8,0,592,0,491,607,0,0,0,0,1,1,1,292,330,80,2,-2.9688,0,0,0,0,0,0,553,1,1,485,485,485,485,485,521,499,491,0.0000,0.0000,540.2537,20,20
678,0,0,1,12,0,0,0,0,456,0,744,744,472,4,238,46,46,1,0,0.0000,0,0,0,0,0,0,456,456,472,1,1,1,1,1,1,1,1,0.0000,0.0000,0.0000,23,23
679,28,101,1,11,0,0,0,0,896,0,896,896,826,1,414,53,53,1,0,2.5033,0,0,0,0,0,0,896,826,536,1,1,1,1,1,1,1,1,0.0000,0.0000,603.2299,27,27
680,29,101,8,0,576,0,554,588,0,0,0,0,1,1,1,289,290,70,2,-0.5026,435,0,0,23,0,0,551,1,1,441,441,441,441,441,461,479,464,0.0000,0.0000,400.0000,20,20
681,17,101,1,13,0,0,0,0,438,0,709,709,454,1,228,53,53,1,0,0.1758,0,0,0,0,0,0,438,450,454,1,1,1,1,1,1,1,1,0.0000,0.0000,600.0698,21,21
682,16,101,7,0,552,0,572,530,0,0,0,0,1,1,1,237,236,50,1,-3.4831,270,0,0,22,0,0,531,1,1,390,390,390,390,390,424,390,405,0.0000,0.0000,643.6471,20,20
683,16,101,1,13,0,0,0,0,973,0,867,1007,898,1,450,53,53,1,0,-0.1868,0,0,0,0,0,0,973,898,549,1,1,1,1,1,1,1,1,0.0000,0.0000,399.6830,34,34
684,18,101,1,11,0,0,0,0,515,0,515,515,480,1,241,53,53,1,0,-1.7702,0,0,0,0,0,0,515,480,387,1,1,1,1,1,1,1,1,0.0000,0.0000,603.4076,20,20
685,0,0,2,0,542,0,455,553,0,0,0,0,1,1,1,273,297,80,3,0.0000,0,0,0,0,0,0,590,1,1,515,457,444,444,444,444,444,444,0.0000,0.0000,0.0000,20,20
