player_id,team_id,league_id,position,role,batting_ratings_overall_contact,batting_ratings_overall_gap,batting_ratings_overall_eye,batting_ratings_overall_strikeouts,batting_ratings_overall_hp,batting_ratings_overall_power,batting_ratings_overall_babip,batting_ratings_vsr_contact,batting_ratings_vsr_gap,batting_ratings_vsr_eye,batting_ratings_vsr_strikeouts,batting_ratings_vsr_hp,batting_ratings_vsr_power,batting_ratings_vsr_babip,batting_ratings_vsl_contact,batting_ratings_vsl_gap,batting_ratings_vsl_eye,batting_ratings_vsl_strikeouts,batting_ratings_vsl_hp,batting_ratings_vsl_power,batting_ratings_vsl_babip,batting_ratings_talent_contact,batting_ratings_talent_gap,batting_ratings_talent_eye,batting_ratings_talent_strikeouts,batting_ratings_talent_hp,batting_ratings_talent_power,batting_ratings_talent_babip,batting_ratings_misc_bunt,batting_ratings_misc_bunt_for_hit,batting_ratings_misc_hitter_type,batting_ratings_misc_groundball_pct
1,17,101,1,12,33,34,15,35,1,1,30,33,32,14,34,1,1,29,35,39,17,37,1,1,31,33,34,15,35,1,1,30,1,3,0,0
2,17,101,1,12,2,40,8,1,1,1,56,2,39,8,1,1,1,56,2,42,8,1,1,1,56,2,40,8,1,1,1,56,28,13,1,0
3,17,101,1,12,33,36,11,42,1,1,28,33,36,11,42,1,1,28,33,36,11,42,1,1,28,34,36,11,42,1,1,29,38,1,0,0
4,17,101,1,12,31,42,11,30,1,6,27,30,40,11,29,1,6,26,33,47,12,32,1,7,29,31,42,11,30,1,6,28,125,4,2,0
5,17,101,1,12,33,34,15,35,1,1,30,33,32,14,34,1,1,29,35,39,17,37,1,1,31,33,34,15,35,1,1,30,1,3,0,0
6,17,101,1,12,1,1,1,1,1,1,1,1,1,1,1,1,1,1,1,1,1,1,1,1,1,1,1,1,1,3,1,1,1,1,0,0
7,0,0,7,0,73,40,80,80,5,30,76,70,40,80,80,5,30,72,84,40,80,80,5,30,87,83,40,80,80,14,30,94,60,60,2,0
8,11,100,9,0,154,80,124,144,5,85,144,148,80,121,141,5,81,139,173,80,135,155,5,99,162,154,80,124,144,5,85,1,70,70,1,0
9,16,101,7,0,57,60,80,40,5,106,50,57,60,80,40,5,106,50,57,60,80,40,5,106,50,57,60,80,40,6,106,1,30,30,2,0
10,0,0,1,12,1,1,1,1,1,1,1,1,1,1,1,1,1,1,1,1,1,1,1,1,1,1,1,1,1,1,1,1,1,1,0,0
11,0,0,1,11,1,1,1,1,5,1,1,1,1,1,1,5,1,1,1,1,1,1,5,1,1,1,1,1,1,3,1,1,1,1,1,0
12,10,100,1,11,1,1,1,1,1,1,1,1,1,1,1,1,1,1,1,1,1,1,1,1,1,3,1,1,11,2,1,1,1,1,1,0
13,0,0,5,0,130,80,100,110,5,120,120,130,80,100,110,5,120,120,130,80,100,110,5,120,120,130,80,100,110,13,120,1,50,50,0,0
14,24,100,2,0,136,60,114,103,5,146,120,131,60,114,110,5,146,115,152,60,114,80,5,144,134,136,60,114,103,3,146,1,30,30,1,0
15,10,100,8,0,188,80,123,150,5,160,148,183,80,124,147,5,160,144,203,80,120,161,5,160,160,188,80,123,150,2,160,1,50,50,1,0
16,10,100,1,11,1,1,1,1,1,1,1,1,1,1,1,1,1,1,1,1,1,1,1,1,1,1,1,1,1,3,1,1,1,1,0,0
17,1,100,1,11,1,1,1,1,1,1,1,1,1,1,1,1,1,1,1,1,1,1,1,1,1,3,1,1,11,3,1,1,1,1,0,0
18,25,100,1,12,1,1,1,1,1,1,1,1,1,1,1,1,1,1,1,1,1,1,1,1,1,1,1,1,1,1,1,1,1,1,2,0
19,16,101,4,0,60,70,69,40,5,80,65,61,70,70,40,5,80,66,58,70,64,40,5,80,63,61,70,70,40,9,80,66,30,20,0,0
20,2,100,2,0,172,78,126,140,5,125,151,169,74,126,140,5,124,148,180,90,126,140,5,128,158,172,78,126,140,6,125,1,50,50,0,0
21,0,0,9,0,82,60,90,80,5,100,80,82,60,90,80,5,100,80,82,60,90,80,5,100,80,82,60,90,80,14,100,80,30,30,2,0
22,25,100,1,11,1,1,1,1,1,1,1,1,1,1,1,1,1,1,1,1,1,1,1,1,1,1,1,1,1,3,1,1,1,1,1,0
23,19,101,8,0,79,50,70,72,5,70,84,79,50,70,72,5,70,84,79,50,70,72,5,70,84,79,50,70,72,4,70,1,50,50,2,0
24,2,100,3,0,138,90,100,100,5,164,113,139,90,100,100,5,164,114,135,90,100,100,5,162,111,138,90,100,100,5,164,1,30,30,2,0
25,0,0,7,0,88,60,88,73,5,110,88,99,60,90,84,5,120,99,53,60,80,40,5,80,53,88,60,88,73,5,110,1,30,30,1,0
26,24,100,1,12,1,1,1,1,2,1,1,1,1,1,1,2,1,1,1,1,1,1,2,1,1,1,1,1,1,2,1,1,1,1,1,0
27,2,100,1,11,1,1,1,1,1,1,1,1,1,1,1,1,1,1,1,1,1,1,1,1,1,1,1,1,1,1,1,1,1,1,1,0
28,0,0,4,0,95,60,80,84,5,98,90,81,60,80,79,5,80,76,139,60,80,101,5,152,131,95,72,80,84,5,98,62,30,30,2,0
29,1,100,5,0,196,101,130,153,5,150,160,194,98,122,151,5,147,158,204,110,154,161,5,161,166,196,101,130,153,10,150,1,50,50,1,0
30,0,0,2,0,89,40,60,79,5,40,104,89,40,60,80,5,40,104,88,40,60,76,5,40,103,89,40,60,79,10,40,1,70,70,0,0
31,0,0,3,0,57,70,66,40,5,86,56,57,70,66,40,5,86,56,56,70,64,40,5,84,55,57,70,66,40,13,86,56,30,20,0,0
32,0,0,1,11,15,67,74,14,2,1,19,15,66,73,14,2,1,19,15,70,78,14,2,1,19,15,67,74,14,2,1,19,64,6,0,0
33,0,0,1,11,55,56,40,45,1,24,62,57,61,44,47,1,26,64,48,41,29,39,1,18,54,55,56,40,45,1,24,62,79,15,0,0
34,25,100,1,12,1,1,1,1,2,1,1,1,1,1,1,2,1,1,1,1,1,1,2,1,1,1,1,1,1,2,1,1,1,1,2,0
35,0,0,1,11,1,1,1,1,2,1,1,1,1,1,1,2,1,1,1,1,1,1,2,1,1,1,1,1,1,2,1,1,1,1,0,0
36,0,0,1,11,1,1,1,1,1,1,1,1,1,1,1,1,1,1,1,1,1,1,1,1,1,1,1,1,1,2,1,11,1,1,1,0
37,18,101,2,0,80,55,75,78,5,70,82,84,60,80,80,5,80,87,67,40,60,70,5,40,69,80,55,75,78,3,70,1,70,70,1,0
38,17,101,1,12,33,36,11,42,1,1,28,33,36,11,42,1,1,28,33,36,11,42,1,1,28,34,36,11,42,1,1,29,38,1,0,0
39,17,101,5,0,88,50,70,70,5,80,100,88,50,70,70,5,80,100,88,50,70,70,5,80,100,88,50,70,70,5,80,1,50,50,0,0
40,17,101,1,12,28,38,11,18,2,1,35,29,40,11,18,2,1,36,26,33,10,17,2,1,32,28,38,11,18,2,1,35,49,17,0,0
41,17,101,1,11,16,32,13,10,1,9,41,16,31,13,10,1,9,40,17,35,14,10,1,10,43,22,32,13,10,1,9,56,182,11,2,0
42,0,0,1,12,1,1,1,1,3,1,1,1,1,1,1,3,1,1,1,1,1,1,3,1,1,1,1,1,1,3,1,1,1,1,0,0
43,24,100,1,12,1,1,1,1,3,1,1,1,1,1,1,3,1,1,1,1,1,1,3,1,1,1,1,1,1,3,1,1,1,1,2,0
44,16,101,2,0,86,40,60,74,5,40,100,85,40,60,72,5,40,99,88,40,60,80,5,40,103,86,40,60,74,3,40,1,70,70,0,0
45,9,100,1,11,1,1,1,1,1,1,1,1,1,1,1,1,1,1,1,1,1,1,1,1,1,1,1,1,1,2,1,1,1,1,2,0
46,1,100,1,12,1,1,1,1,2,1,1,1,1,1,1,2,1,1,1,1,1,1,2,1,1,1,1,1,1,2,1,1,1,1,0,0
47,18,101,2,0,68,90,60,69,5,60,68,70,90,60,70,5,60,70,63,90,60,64,5,60,63,70,90,60,70,4,60,70,40,40,1,0
48,10,100,6,0,168,105,160,120,5,200,120,168,100,160,120,5,200,120,168,120,160,120,5,200,120,168,105,160,120,12,200,1,30,30,1,0
49,0,0,4,0,76,48,80,80,5,37,80,76,48,80,80,5,33,80,78,46,80,80,5,51,82,77,48,80,80,4,50,80,60,60,1,0
50,10,100,1,12,1,1,1,1,3,1,1,1,1,1,1,3,1,1,1,1,1,1,3,1,1,1,1,1,1,3,1,1,1,1,0,0
51,0,0,7,0,63,60,76,70,5,31,63,62,60,76,70,5,30,62,68,60,76,70,5,34,68,67,60,76,70,3,34,70,82,90,0,0
52,24,100,1,12,71,61,76,78,1,16,77,75,67,84,82,1,17,81,60,43,53,66,1,11,65,71,61,76,78,1,16,77,125,11,2,0
53,25,100,1,12,1,1,1,1,1,1,1,1,1,1,1,1,1,1,1,1,1,1,1,1,1,1,1,1,1,1,1,1,1,1,2,0
54,0,0,3,0,69,90,60,62,5,64,72,69,90,60,62,5,64,72,69,90,60,62,5,64,72,69,90,60,62,5,64,72,40,40,0,0
55,0,0,2,0,92,40,78,80,5,80,100,92,40,78,80,5,80,100,92,40,78,80,5,80,100,92,40,78,80,3,80,1,70,70,2,0
56,2,100,1,12,1,1,1,1,1,1,1,1,1,1,1,1,1,1,1,1,1,1,1,1,1,1,1,1,1,2,1,1,1,1,0,0
57,11,100,1,12,1,1,1,1,1,1,1,1,1,1,1,1,1,1,1,1,1,1,1,1,1,1,1,1,1,1,1,1,1,1,0,0
58,0,0,3,0,77,70,60,56,5,82,88,77,70,60,56,5,82,88,76,70,60,54,5,82,87,77,70,60,56,14,82,88,30,20,2,0
59,0,0,8,0,85,40,80,80,5,30,97,87,40,80,80,5,30,99,78,40,80,80,5,30,89,87,40,80,80,4,30,100,60,60,1,0
60,3,100,2,0,73,65,80,60,5,90,68,53,60,80,40,5,80,49,134,80,80,120,5,120,124,73,65,80,60,5,90,1,30,30,1,0
61,0,0,2,0,75,80,75,49,5,110,80,67,80,60,44,5,100,71,101,80,120,64,5,140,107,100,80,120,64,5,140,110,20,2,3,0
62,24,100,1,11,1,1,1,1,1,1,1,1,1,1,1,1,1,1,1,1,1,1,1,1,1,1,1,1,1,1,1,1,1,1,0,0
63,0,0,7,0,87,60,50,60,5,30,120,87,60,50,60,5,30,120,87,60,50,60,5,30,120,87,60,50,60,17,30,120,30,40,1,0
64,0,0,2,0,63,70,90,40,5,88,69,64,70,90,40,5,90,70,61,70,90,40,5,80,67,63,70,90,40,3,88,1,30,30,1,0
65,11,100,2,0,149,80,106,80,5,153,155,156,80,112,80,5,160,162,128,80,88,80,5,130,133,149,80,106,80,6,153,1,50,50,0,0
66,0,0,7,0,80,40,100,100,5,40,76,80,40,100,100,5,40,76,80,40,100,100,5,40,76,80,40,100,100,9,40,1,70,70,1,0
67,0,0,1,12,1,1,1,1,3,1,1,1,1,1,1,3,1,1,1,1,1,1,3,1,1,1,1,1,1,3,1,1,35,9,0,0
68,0,0,2,0,64,70,60,60,5,85,60,64,70,60,60,5,85,60,64,70,60,58,5,87,60,64,70,60,60,8,86,60,30,20,2,0
69,3,100,1,11,1,1,1,1,1,1,1,1,1,1,1,1,1,1,1,1,1,1,1,1,1,1,1,1,1,3,1,1,1,1,0,0
70,24,100,1,12,1,1,1,1,1,1,1,1,1,1,1,1,1,1,1,1,1,1,1,1,1,1,1,1,1,1,1,1,1,1,0,0
71,0,0,1,12,1,1,1,1,1,1,1,1,1,1,1,1,1,1,1,1,1,1,1,1,1,1,1,1,1,1,1,1,1,1,0,0
72,0,0,1,12,35,56,26,19,2,1,46,35,56,26,19,2,1,46,35,56,26,19,2,1,46,35,56,26,19,2,1,46,151,22,0,0
73,0,0,3,0,105,40,79,107,5,80,107,104,40,79,107,5,80,106,107,40,81,109,5,80,109,105,40,80,107,3,80,86,60,60,1,0
74,0,0,6,0,88,70,90,80,5,40,100,88,70,90,80,5,40,100,88,70,90,80,5,40,100,88,70,90,80,6,40,100,20,10,2,0
75,0,0,6,0,65,90,68,60,5,60,68,61,90,61,60,5,60,64,77,90,91,60,5,60,81,77,90,90,60,5,60,90,40,40,2,0
76,11,100,1,11,1,1,1,1,1,1,1,1,1,1,1,1,1,1,1,1,1,1,1,1,1,1,1,1,1,3,1,1,1,1,0,0
77,2,100,1,11,1,1,1,1,1,1,1,1,1,1,1,1,1,1,1,1,1,1,1,1,1,1,1,1,1,1,1,1,1,1,0,0
78,0,0,5,0,130,120,110,100,5,150,110,130,120,110,100,5,150,110,130,120,110,100,5,150,110,130,120,110,100,5,150,1,30,30,0,0
79,9,100,1,12,1,1,1,1,5,1,1,1,1,1,1,5,1,1,1,1,1,1,5,1,1,1,1,1,1,3,1,1,1,1,1,0
80,0,0,1,12,1,1,1,1,1,1,1,1,1,1,1,1,1,1,1,1,1,1,1,1,1,1,1,1,1,2,1,1,1,1,1,0
81,3,100,6,0,203,80,142,160,5,160,160,203,80,142,160,5,160,160,203,80,142,160,5,160,160,203,80,142,160,5,160,1,50,50,0,0
82,0,0,5,0,71,70,60,60,5,96,70,71,70,60,60,5,96,70,71,70,60,60,5,96,70,71,70,60,60,6,96,70,30,20,1,0
83,0,0,8,0,61,60,70,70,5,30,60,61,60,70,70,5,30,60,61,60,70,70,5,30,60,61,60,70,70,3,30,60,80,140,0,0
84,0,0,3,0,53,70,60,40,5,80,50,53,70,60,40,5,80,50,53,70,60,40,5,80,50,53,70,60,40,8,80,50,40,80,3,0
85,0,0,1,12,83,60,36,100,3,12,87,82,58,35,98,3,12,86,87,66,40,105,3,13,91,84,60,36,100,3,12,87,89,21,0,0
86,0,0,1,11,47,67,54,35,3,12,55,47,67,54,35,3,12,55,47,67,54,35,3,12,55,47,67,54,35,3,12,55,149,17,1,0
87,2,100,9,0,209,90,160,160,5,110,189,209,86,160,160,5,110,188,211,102,160,160,5,110,190,209,90,160,160,5,110,1,70,70,2,0
88,0,0,1,11,65,62,72,64,2,24,71,67,67,78,67,2,26,74,57,47,55,56,2,18,63,65,62,72,64,2,24,71,132,2,2,0
89,0,0,8,0,66,60,70,70,5,30,70,66,60,70,70,5,30,70,66,60,70,70,5,30,70,66,60,70,70,6,30,70,80,80,1,0
90,1,100,1,12,1,1,1,1,1,1,1,1,1,1,1,1,1,1,1,1,1,1,1,1,1,1,1,1,1,1,1,1,1,1,0,0
91,0,0,2,0,60,70,60,60,5,80,53,59,70,60,60,5,80,52,65,70,60,60,5,80,57,64,70,60,60,5,80,60,30,20,0,0
92,2,100,9,0,78,38,65,68,5,80,82,72,31,60,61,5,80,76,95,61,80,91,5,80,100,78,38,65,68,5,80,1,100,100,0,0
93,0,0,6,0,67,90,60,60,5,60,70,67,90,60,60,5,60,70,67,90,60,60,5,60,70,67,90,60,60,3,60,70,40,40,0,0
94,0,0,6,0,71,50,70,73,5,66,70,64,50,70,71,5,61,63,92,50,70,81,5,83,91,71,50,70,73,2,66,60,50,50,1,0
95,0,0,1,13,27,67,52,17,2,6,33,26,65,50,17,2,6,32,29,74,58,18,2,7,36,27,67,52,17,2,6,33,146,20,1,0
96,16,101,1,12,35,70,38,19,3,6,43,38,76,41,20,3,7,47,26,51,28,16,3,4,32,35,70,38,19,3,6,43,115,13,1,0
97,0,0,1,11,75,53,38,95,2,1,78,74,51,37,94,2,1,77,79,58,41,99,2,1,82,75,53,38,95,2,1,78,193,17,1,0
98,0,0,1,12,59,49,28,54,3,42,62,58,48,27,53,3,41,61,61,52,30,56,3,45,64,59,49,28,54,3,42,62,54,18,2,0
99,0,0,7,0,84,60,50,60,5,30,114,87,60,50,60,5,30,118,76,60,50,60,5,30,103,87,60,50,60,3,30,120,30,40,1,0
100,0,0,1,11,48,67,28,38,2,6,58,48,66,28,38,2,6,58,49,70,29,39,2,6,59,48,67,28,38,2,6,58,189,24,0,0
101,0,0,1,11,1,1,1,1,1,1,1,1,1,1,1,1,1,1,1,1,1,1,1,1,1,1,1,1,1,1,1,1,1,1,1,0
102,0,0,1,11,77,63,26,96,1,6,79,77,62,26,96,1,6,79,78,65,27,97,1,6,80,77,63,26,96,1,6,79,117,9,0,0
103,0,0,4,0,111,74,80,100,5,70,120,111,74,80,100,5,70,120,111,74,80,100,5,70,120,111,74,80,100,14,70,1,50,50,1,0
104,17,101,1,11,17,29,21,11,1,1,38,17,30,22,11,1,1,38,16,26,19,11,1,1,36,24,29,21,11,2,1,59,125,3,0,0
105,0,0,7,0,73,70,60,40,5,100,85,76,70,60,40,5,100,89,62,70,60,40,5,100,73,76,70,60,40,9,100,92,30,20,0,0
106,0,0,3,0,66,70,60,60,5,50,70,66,70,60,60,5,50,70,66,70,60,60,5,50,70,66,70,60,60,3,50,70,20,30,2,0
107,0,0,1,12,45,49,42,46,1,22,44,52,47,40,45,1,21,50,24,54,47,49,1,24,23,53,49,42,46,1,22,59,1,9,1,0
108,0,0,8,0,66,70,60,60,5,50,70,66,70,60,60,5,50,70,66,70,60,60,5,50,70,66,70,60,60,1,50,70,20,30,2,0
109,16,101,1,12,1,1,1,1,1,13,1,1,1,1,1,1,1,1,1,1,1,1,1,49,1,1,1,1,1,5,13,1,1,1,2,0
110,0,0,5,0,66,70,60,60,5,50,70,66,70,60,60,5,50,70,66,70,60,60,5,50,70,66,70,60,60,14,50,70,20,30,2,0
111,9,100,5,0,174,107,120,120,5,140,160,174,103,120,120,5,140,160,174,121,120,120,5,140,160,174,107,120,120,5,140,1,50,50,0,0
112,0,0,1,12,40,46,72,21,3,1,52,40,45,71,21,3,1,52,41,49,76,22,3,1,53,40,46,72,21,3,1,52,64,2,1,0
113,0,0,3,0,66,70,60,60,5,50,70,66,70,60,60,5,50,70,66,70,60,60,5,50,70,66,70,60,60,2,50,70,20,30,0,0
114,0,0,7,0,66,70,60,60,5,50,70,66,70,60,60,5,50,70,66,70,60,60,5,50,70,66,70,60,60,3,50,70,20,30,0,0
115,16,101,1,12,1,1,1,1,1,1,1,1,1,1,1,1,1,1,1,1,1,1,1,1,1,1,1,1,1,3,1,1,1,1,0,0
116,0,0,1,12,38,67,40,19,2,24,46,38,67,40,19,2,24,46,38,67,40,19,2,24,46,38,67,40,19,2,24,46,174,2,0,0
117,0,0,1,11,74,56,28,94,2,1,77,76,59,30,97,2,1,79,68,46,23,86,2,1,71,74,56,28,94,2,1,77,135,19,0,0
118,0,0,4,0,72,90,60,60,5,60,80,72,90,60,60,5,60,80,71,90,60,60,5,60,79,72,90,60,60,5,60,80,40,40,1,0
119,10,100,3,0,164,80,145,140,5,100,154,164,80,144,140,5,100,154,164,80,148,140,5,100,154,164,80,145,140,14,100,1,100,100,0,0
120,0,0,9,0,67,70,60,40,5,110,69,68,70,60,40,5,110,70,64,70,60,40,5,108,66,68,70,60,40,5,110,70,30,20,0,0
121,9,100,4,0,160,130,120,139,5,121,140,160,130,120,140,5,121,141,158,130,120,134,5,123,139,160,130,120,139,9,121,1,50,50,2,0
122,9,100,6,0,174,100,141,140,5,145,145,168,100,140,140,5,140,140,193,100,144,140,5,160,161,174,100,141,140,2,145,1,50,50,1,0
123,0,0,1,12,1,1,1,1,1,1,1,1,1,1,1,1,1,1,1,1,1,1,1,1,1,1,1,1,1,1,1,1,1,1,2,0
124,24,100,7,0,131,80,100,80,5,170,120,119,80,100,80,5,170,109,167,80,100,80,5,168,153,131,80,100,80,2,170,1,30,30,0,0
125,16,101,5,0,86,30,80,80,5,80,90,86,30,80,80,5,80,90,86,30,80,80,5,80,90,86,30,80,80,3,80,1,100,100,1,0
126,9,100,1,11,1,1,1,1,1,1,1,1,1,1,1,1,1,1,1,1,1,1,1,1,1,1,1,1,1,3,1,1,1,1,0,0
127,10,100,1,11,1,1,1,1,1,1,1,1,1,1,1,1,1,1,1,1,1,1,1,1,1,1,1,1,1,1,1,1,1,1,2,0
128,17,101,3,0,69,30,80,80,5,30,70,69,30,80,80,5,30,70,69,30,80,80,5,30,70,69,30,80,80,5,30,1,100,100,2,0
129,0,0,7,0,58,60,50,60,5,30,60,58,60,50,60,5,30,60,58,60,50,60,5,30,60,58,60,50,60,4,30,60,30,40,1,0
130,0,0,1,12,1,1,1,1,1,1,1,1,1,1,1,1,1,1,1,1,1,1,1,1,1,1,1,1,1,2,1,1,1,1,0,0
131,0,0,3,0,61,60,50,62,5,50,60,61,60,50,62,5,50,60,60,60,50,60,5,50,59,61,60,50,62,11,50,60,30,40,2,0
132,0,0,1,11,59,60,34,60,1,1,68,58,58,33,59,1,1,66,62,66,37,63,1,1,71,59,60,34,60,1,1,68,22,22,0,0
133,0,0,7,0,64,95,62,61,5,62,65,65,96,61,61,5,62,66,62,90,67,63,5,60,63,65,96,66,62,5,62,66,40,40,0,0
134,17,101,1,11,29,32,8,20,1,1,32,31,35,9,21,1,1,34,23,23,6,17,1,1,25,31,32,8,20,1,1,32,148,13,0,0
135,19,101,5,0,53,70,60,40,5,80,50,53,70,60,40,5,80,50,53,70,60,40,5,80,50,53,70,60,40,2,80,50,30,20,2,0
136,25,100,1,12,1,1,1,1,3,1,1,1,1,1,1,3,1,1,1,1,1,1,3,1,1,1,1,1,1,3,1,1,1,1,0,0
137,2,100,7,0,149,107,123,120,5,156,120,149,103,123,120,5,156,120,149,121,125,120,5,156,120,149,107,123,120,14,156,1,30,30,0,0
138,25,100,1,12,1,1,1,1,1,1,1,1,1,1,1,1,1,1,1,1,1,1,1,1,1,1,1,1,1,1,1,1,1,1,0,0
139,18,101,3,0,74,68,80,70,2,88,73,81,70,80,80,2,90,79,53,60,80,40,2,80,52,74,68,80,70,4,88,40,30,30,3,0
140,11,100,10,0,127,97,100,110,5,115,120,128,97,100,110,5,116,121,125,99,100,110,5,110,118,127,97,100,110,11,115,1,50,50,0,0
141,0,0,8,0,58,60,50,60,5,30,60,58,60,50,60,5,30,60,58,60,50,60,5,30,60,58,60,50,60,5,30,60,20,40,1,0
142,0,0,4,0,58,60,50,60,5,30,60,58,60,50,60,5,30,60,58,60,50,60,5,30,60,58,60,50,60,7,30,60,30,40,2,0
143,0,0,1,12,75,64,30,82,2,36,78,74,61,29,80,2,35,77,80,72,34,87,2,40,83,75,64,30,82,2,36,75,156,2,0,0
144,18,101,1,12,1,17,1,1,1,1,1,1,1,1,1,1,1,1,1,65,1,1,1,1,1,1,17,1,1,3,1,1,1,1,0,0
145,9,100,1,11,1,1,1,1,1,1,1,1,1,1,1,1,1,1,1,1,1,1,1,1,1,1,1,1,1,3,1,1,1,1,0,0
146,1,100,4,0,156,96,110,138,5,98,146,153,95,109,137,5,97,144,164,101,115,143,5,103,154,156,96,110,138,5,98,1,70,70,0,0
147,1,100,9,0,172,90,160,139,5,100,165,173,90,160,139,5,100,166,169,90,160,141,5,100,162,172,90,160,139,7,100,1,50,50,1,0
148,0,0,1,12,47,53,73,34,2,8,57,46,52,71,34,2,8,56,49,57,79,35,2,9,60,47,53,73,34,2,8,57,161,20,0,0
149,24,100,3,0,140,80,120,110,5,165,109,138,80,120,110,5,166,108,145,80,120,110,5,160,113,140,80,120,110,2,165,1,30,30,2,0
150,0,0,1,13,69,60,70,76,1,8,74,71,64,75,79,1,9,77,61,47,55,68,1,6,66,69,60,70,76,1,8,74,184,21,2,0
151,2,100,5,0,109,120,121,90,5,98,120,101,120,115,80,5,91,110,135,120,141,120,5,121,148,109,120,121,90,10,98,1,50,50,1,0
152,0,0,1,12,29,40,28,17,1,12,37,31,42,30,18,1,13,39,23,33,23,15,1,10,29,29,40,28,17,1,12,37,119,18,0,0
153,0,0,9,0,65,33,60,60,5,43,70,58,31,60,60,5,30,63,85,41,60,60,5,81,92,65,33,60,60,5,43,1,100,100,1,0
154,17,101,9,0,69,50,63,73,5,70,65,65,50,61,71,5,60,61,83,50,71,81,5,100,78,69,50,63,73,3,70,1,50,50,2,0
155,0,0,1,12,1,1,1,1,1,1,1,1,1,1,1,1,1,1,1,1,1,1,1,1,1,1,1,1,1,2,1,1,1,1,0,0
156,0,0,1,12,1,1,1,1,1,1,1,1,1,1,1,1,1,1,1,1,1,1,1,1,1,1,1,1,1,3,1,1,1,1,0,0
157,0,0,1,12,1,1,1,1,2,1,1,1,1,1,1,2,1,1,1,1,1,1,2,1,1,1,1,1,1,2,1,1,1,1,1,0
158,10,100,2,0,146,80,100,109,5,140,131,111,80,100,110,5,140,99,251,80,100,104,5,140,225,146,80,100,109,12,140,1,50,50,0,0
159,2,100,8,0,144,80,82,104,5,160,120,144,80,82,104,5,160,120,144,80,82,104,5,160,120,144,80,82,104,5,160,1,30,30,2,0
160,0,0,1,12,64,53,50,64,2,24,71,65,55,52,65,2,25,72,61,47,44,60,2,21,68,65,53,50,64,2,24,71,45,7,2,0
161,0,0,1,12,1,31,1,1,1,1,1,1,41,1,1,1,1,1,1,1,1,1,1,1,1,1,31,1,1,1,1,1,1,1,0,0
162,18,101,1,12,1,1,11,1,1,1,1,1,1,1,1,1,1,1,1,1,41,1,1,1,1,1,1,11,1,3,1,1,1,1,0,0
163,0,0,1,12,36,49,132,19,2,12,45,36,48,130,19,2,12,45,37,51,137,19,2,12,46,36,49,132,19,2,12,45,23,10,1,0
164,0,0,1,12,85,71,36,101,3,12,89,88,75,38,104,3,13,91,77,58,30,92,3,10,80,85,71,36,101,3,12,89,50,21,1,0
165,9,100,1,12,1,1,1,1,1,1,1,1,1,1,1,1,1,1,1,1,1,1,1,1,1,1,1,1,1,3,1,1,1,1,0,0
166,0,0,1,12,24,67,62,15,1,36,26,23,65,61,15,1,35,25,26,72,66,16,1,39,28,24,67,62,15,1,36,26,32,6,1,0
167,0,0,6,0,70,70,60,40,5,107,76,76,70,60,40,5,116,82,53,70,60,40,5,80,57,76,70,60,40,5,116,84,30,20,0,0
168,0,0,1,12,59,63,42,63,2,1,66,58,61,41,62,2,1,66,61,69,46,66,2,1,69,59,63,42,63,2,1,66,46,17,0,0
169,0,0,5,0,89,92,80,60,5,110,100,89,92,80,60,5,110,100,89,92,80,60,5,110,100,89,92,80,60,9,110,100,20,2,2,0
170,0,0,1,13,32,67,52,17,3,53,32,34,71,55,18,3,56,34,25,55,43,15,3,43,25,32,67,52,17,3,53,32,135,24,0,0
171,3,100,3,0,156,50,114,114,5,140,140,156,50,114,114,5,140,140,156,50,114,114,5,140,140,156,50,114,114,5,140,1,50,50,2,0
172,0,0,1,13,18,46,80,15,2,1,23,20,50,87,16,2,1,25,13,34,58,13,2,1,16,18,46,80,15,2,1,23,191,17,0,0
173,25,100,4,0,165,104,140,120,5,194,120,147,104,140,120,5,194,107,220,104,140,120,5,194,160,165,104,140,120,5,194,1,30,30,1,0
174,24,100,1,11,1,1,1,1,1,1,1,1,1,1,1,1,1,1,1,1,1,1,1,1,1,1,1,1,1,1,1,1,1,1,2,0
175,0,0,6,0,55,70,60,40,5,91,50,53,70,60,40,5,81,48,61,70,60,40,5,123,55,61,70,60,40,1,122,50,30,20,0,0
176,0,0,9,0,63,70,60,45,5,90,64,53,70,60,40,5,80,54,92,70,60,60,5,120,94,92,70,60,60,4,120,104,30,20,2,0
177,0,0,9,0,145,128,100,107,5,160,120,145,128,100,106,5,160,120,146,126,100,110,5,160,121,145,128,100,107,13,160,1,30,30,1,0
178,0,0,8,0,105,50,80,72,5,120,120,80,50,80,72,5,120,91,180,50,80,72,5,118,206,105,50,80,72,11,120,1,50,50,0,0
179,0,0,7,0,76,88,80,53,5,110,80,75,90,80,51,5,110,79,79,80,80,61,5,110,83,79,90,80,60,8,110,80,20,2,2,0
180,1,100,8,0,138,40,107,112,5,100,140,138,40,107,112,5,100,140,138,40,109,112,5,98,140,138,40,107,112,2,100,1,70,70,1,0
181,0,0,7,0,69,90,60,67,5,70,70,69,90,60,67,5,70,70,70,90,60,69,5,70,71,70,90,60,68,5,70,70,40,40,1,0
182,0,0,7,0,95,40,67,93,5,64,95,75,40,61,81,5,52,75,154,40,87,131,5,100,154,95,60,88,93,3,64,90,70,70,0,0
183,0,0,5,0,10,80,60,1,5,130,1,10,80,60,1,5,130,1,10,80,60,1,5,130,1,10,80,60,1,4,130,1,20,2,1,0
184,0,0,5,0,78,98,95,50,5,125,78,79,100,106,50,5,126,79,73,90,60,50,5,120,73,79,100,106,50,5,126,80,20,2,3,0
185,10,100,9,0,199,100,153,151,5,160,160,198,100,151,148,5,160,159,204,100,161,160,5,160,164,199,100,153,151,3,160,1,50,50,0,0
186,0,0,5,0,96,60,84,90,5,60,108,96,60,84,90,5,60,108,96,60,84,90,5,60,108,96,60,84,90,5,60,108,60,60,1,0
187,0,0,2,0,73,60,80,63,5,95,73,79,60,80,70,5,100,79,53,60,80,40,5,80,53,73,60,80,63,7,95,1,30,30,3,0
188,0,0,4,0,91,70,80,90,5,40,100,91,70,80,90,5,40,100,91,70,80,90,5,40,100,91,70,80,90,2,40,100,20,10,1,0
189,0,0,4,0,94,78,60,100,5,90,90,94,78,60,100,5,90,90,94,78,60,100,5,90,90,94,78,70,100,5,90,90,100,100,0,0
190,0,0,5,0,89,40,86,99,5,40,93,96,40,94,108,5,40,100,67,40,60,70,5,40,70,89,40,86,99,3,40,1,70,70,2,0
191,0,0,2,0,71,50,72,70,5,70,70,65,50,63,70,5,60,63,91,50,101,70,5,100,89,71,50,72,70,12,70,1,50,50,1,0
192,24,100,1,13,1,1,1,1,1,1,1,1,1,1,1,1,1,1,1,1,1,1,1,1,1,20,1,1,44,1,1,1,1,1,0,0
193,0,0,4,0,87,70,77,82,5,56,93,77,70,73,72,5,51,82,117,70,91,112,5,73,125,117,70,90,112,9,72,120,20,30,2,0
194,0,0,1,12,25,56,40,16,2,6,35,28,62,44,17,2,7,40,17,38,27,13,2,4,24,25,56,40,16,2,6,35,48,13,2,0
195,0,0,1,13,36,49,26,20,1,11,42,37,52,28,21,1,12,44,31,39,21,18,1,9,37,37,49,26,20,1,11,42,190,12,2,0
196,0,0,1,12,77,46,24,93,1,18,79,78,47,25,94,1,19,80,73,42,22,89,1,16,75,77,46,24,93,1,18,79,121,10,0,0
197,0,0,1,11,1,1,1,1,1,1,1,1,1,1,1,1,1,1,1,1,1,1,1,1,1,1,1,1,1,1,1,1,1,1,1,0
198,3,100,1,12,1,1,1,1,1,1,1,1,1,1,1,1,1,1,1,1,1,1,1,1,1,1,1,1,1,3,1,1,1,1,0,0
199,0,0,6,0,82,84,72,50,5,110,94,82,84,72,50,5,110,94,82,84,72,50,5,110,94,82,84,72,50,5,110,94,20,2,0,0
200,24,100,1,11,1,1,1,1,1,1,1,1,1,1,1,1,1,1,1,1,1,1,1,1,1,1,1,1,1,1,1,1,1,1,1,0
201,0,0,2,0,78,52,70,80,5,65,78,71,51,60,71,5,60,71,101,57,100,109,5,80,101,78,52,70,80,13,65,1,50,50,0,0
202,0,0,8,0,71,61,70,70,5,35,80,61,60,70,70,5,30,69,100,64,70,70,5,50,113,100,64,70,70,4,50,140,80,80,1,0
203,3,100,1,11,1,1,1,1,3,1,1,1,1,1,1,3,1,1,1,1,1,1,3,1,1,1,1,1,1,3,1,1,1,1,2,0
204,3,100,2,0,130,80,100,102,5,80,140,94,80,100,102,5,80,102,236,80,100,102,5,80,255,130,80,100,102,13,80,1,70,70,0,0
205,0,0,6,0,64,70,88,58,5,120,50,65,70,90,60,5,120,50,62,70,80,50,5,118,48,65,70,88,60,6,120,50,30,20,1,0
206,2,100,6,0,151,100,130,130,5,83,148,149,100,130,130,5,90,146,156,100,130,130,5,60,153,151,100,130,130,4,83,1,100,100,1,0
207,0,0,1,11,25,56,34,11,5,21,55,24,55,33,11,5,21,53,27,60,36,12,5,23,60,30,56,34,11,5,21,71,51,32,0,0
208,10,100,1,11,1,1,1,1,1,1,1,1,1,1,1,1,1,1,1,1,1,1,1,1,1,1,1,1,1,1,1,1,1,1,0,0
209,0,0,8,0,95,120,104,70,5,78,120,95,120,104,70,5,80,120,94,120,104,70,5,72,119,95,120,104,70,5,80,120,10,2,1,0
210,0,0,1,12,5,26,10,5,1,2,38,5,26,10,5,1,2,36,6,26,10,5,1,2,43,10,26,10,5,1,2,55,120,17,1,0
211,0,0,1,11,1,1,1,1,1,1,1,1,1,1,1,1,1,1,1,1,1,1,1,1,1,1,1,1,1,3,1,1,1,1,0,0
212,0,0,1,11,17,28,5,9,1,2,49,16,27,5,9,1,2,47,19,30,5,10,1,2,56,23,28,5,9,1,2,70,153,21,2,0
213,0,0,1,13,1,1,1,1,1,1,1,1,1,1,1,1,1,1,1,1,1,1,1,1,1,1,1,1,1,1,1,1,1,1,2,0
214,0,0,1,12,1,1,1,1,2,1,1,1,1,1,1,2,1,1,1,1,1,1,2,1,1,1,1,1,1,2,1,1,130,19,0,0
215,0,0,1,13,1,1,1,1,1,1,1,1,1,1,1,1,1,1,1,1,1,1,1,1,1,1,1,1,1,2,1,1,1,1,0,0
216,0,0,1,12,14,37,10,7,2,1,56,14,37,10,7,2,1,55,15,39,11,7,2,1,59,16,37,10,7,2,1,61,42,2,0,0
217,0,0,1,12,30,44,34,15,10,3,53,31,43,34,15,10,3,55,27,46,36,15,10,3,48,40,44,34,15,10,3,77,95,101,2,0
218,9,100,1,12,1,1,1,1,1,1,1,1,1,1,1,1,1,1,1,1,1,1,1,1,1,1,11,1,1,1,1,1,1,1,2,0
219,0,0,1,12,1,1,1,1,1,1,1,1,1,1,1,1,1,1,1,1,1,1,1,1,1,1,1,1,1,3,1,1,1,1,0,0
220,0,0,1,12,1,24,5,2,3,1,15,1,23,5,2,3,1,15,1,27,6,2,3,1,15,1,24,5,2,3,1,28,40,5,1,0
221,0,0,1,11,12,33,13,7,3,1,46,11,32,13,7,3,1,43,14,38,15,8,3,1,55,17,33,13,7,3,1,66,175,18,0,0
222,0,0,1,11,4,25,10,4,2,5,38,4,24,10,4,2,5,38,4,27,11,4,2,5,38,7,25,10,4,2,5,49,119,11,2,0
223,9,100,1,11,1,1,1,1,1,1,1,1,1,1,1,1,1,1,1,1,1,1,1,1,1,1,1,1,1,2,1,1,1,1,1,0
224,0,0,1,11,15,35,6,9,3,1,46,16,37,6,9,3,1,49,12,27,4,8,3,1,37,22,35,6,9,3,1,66,103,12,2,0
225,0,0,1,12,1,29,7,7,5,1,1,1,31,7,7,5,1,1,1,22,5,6,5,1,1,1,29,7,7,3,1,1,1,4,1,0
226,0,0,1,11,1,1,1,1,1,1,1,1,1,1,1,1,1,1,1,1,1,1,1,1,1,1,1,1,1,2,1,1,1,1,1,0
227,10,100,1,11,1,1,1,1,3,1,1,1,1,1,1,3,1,1,1,1,1,1,3,1,1,1,1,1,1,2,1,1,1,1,0,0
228,0,0,1,11,1,18,24,2,1,2,17,1,17,24,2,1,2,17,1,20,26,2,1,2,17,1,18,24,2,1,2,23,1,4,0,0
229,0,0,1,11,1,44,9,3,1,1,26,1,44,9,3,1,1,26,1,46,9,3,1,1,26,1,44,9,3,1,1,35,101,19,2,0
230,0,0,1,11,30,34,6,14,3,2,56,29,33,6,14,3,2,54,32,38,7,15,3,2,60,39,34,6,14,3,2,79,143,3,2,0
231,0,0,1,11,10,32,6,7,2,2,43,11,33,6,7,2,2,47,8,28,5,6,2,2,34,15,32,6,7,2,2,59,62,25,1,0
232,0,0,1,12,6,25,6,6,1,2,32,8,24,6,6,1,2,40,1,27,7,6,1,2,5,13,25,6,6,1,2,58,1,17,0,0
233,0,0,3,0,58,70,60,40,5,107,50,59,70,60,40,5,116,51,53,70,60,40,5,80,46,59,70,60,40,3,116,50,30,20,1,0
234,0,0,3,0,85,90,71,64,5,110,90,85,90,74,64,5,110,90,85,90,60,64,5,110,90,85,90,74,64,3,110,90,20,2,1,0
235,0,0,3,0,63,70,60,45,5,95,62,54,70,60,40,5,81,53,91,70,60,60,5,139,89,91,70,60,60,5,138,92,30,20,3,0
236,0,0,3,0,96,60,100,90,5,120,90,96,60,100,90,5,120,90,96,60,100,90,5,120,90,96,60,100,90,9,120,1,30,30,2,0
237,9,100,3,0,210,48,160,161,5,110,190,210,48,160,161,5,110,190,211,48,160,163,5,110,191,210,48,160,161,4,110,1,70,70,1,0
238,0,0,3,0,65,70,63,63,5,80,60,65,70,61,61,5,80,59,67,70,71,71,5,80,61,66,70,70,70,9,80,60,30,20,2,0
239,10,100,4,0,128,90,169,85,5,153,120,119,81,180,80,5,140,111,155,119,136,100,5,192,145,128,90,169,85,3,153,1,30,30,1,0
240,0,0,4,0,85,41,80,80,5,30,99,81,41,80,80,5,30,95,96,43,80,80,5,30,112,96,41,80,80,3,30,126,60,60,0,0
241,0,0,4,0,87,80,78,70,5,40,108,88,80,80,70,5,40,109,84,80,70,70,5,40,104,88,80,80,70,5,40,110,20,10,1,0
242,0,0,4,0,89,85,97,60,5,85,109,89,90,100,60,5,86,109,87,70,86,60,5,80,107,89,90,100,60,3,86,110,20,30,0,0
243,0,0,4,0,89,90,70,86,5,40,100,89,90,70,86,5,40,100,89,90,70,84,5,40,100,89,90,70,86,13,40,100,20,10,1,0
244,24,100,6,0,183,102,154,152,5,160,140,183,102,154,152,5,160,140,183,102,154,152,5,160,140,183,102,154,152,5,160,1,50,50,0,0
245,0,0,4,0,85,59,75,83,5,74,80,69,51,60,71,5,60,65,134,85,120,121,5,116,126,85,59,75,83,4,74,1,50,50,0,0
246,9,100,2,0,168,112,140,120,5,200,120,168,112,140,120,5,200,120,168,110,140,120,5,200,120,168,112,140,120,7,200,1,30,30,1,0
247,25,100,4,0,96,100,100,100,5,60,100,96,100,100,100,5,60,100,96,100,100,100,5,60,100,96,100,100,100,6,60,1,50,50,1,0
248,0,0,3,0,58,79,60,40,5,80,60,58,80,60,40,5,80,60,58,74,60,40,5,80,60,58,80,60,40,4,80,60,30,20,2,0
249,0,0,3,0,63,90,60,60,5,74,60,63,90,60,60,5,74,60,63,90,60,60,5,74,60,63,90,60,60,1,74,60,40,40,0,0
250,0,0,5,0,76,90,60,75,5,83,75,81,90,60,80,5,90,80,61,90,60,60,5,60,60,81,90,60,80,5,90,80,40,40,1,0
251,0,0,4,0,79,118,80,80,5,70,80,79,134,80,80,5,70,80,79,70,80,80,5,70,80,79,134,80,80,5,70,80,30,30,0,0
252,0,0,5,0,66,70,60,60,5,100,60,66,70,60,60,5,100,60,66,70,60,60,5,100,60,66,70,60,60,4,100,60,30,20,0,0
253,0,0,5,0,59,70,60,40,5,86,60,54,70,60,40,5,81,54,76,70,60,40,5,103,77,75,70,60,40,7,102,88,30,20,1,0
254,0,0,5,0,75,90,68,68,5,60,80,75,90,67,67,5,60,80,77,90,73,73,5,60,82,76,90,72,72,1,60,80,40,40,0,0
255,11,100,2,0,168,116,160,120,5,200,120,168,116,160,120,5,200,120,168,114,160,120,5,200,120,168,116,160,120,5,200,1,30,30,1,0
256,0,0,7,0,90,108,85,88,5,40,103,95,120,90,90,5,40,109,76,70,70,80,5,40,87,95,120,90,90,8,40,110,20,10,1,0
257,0,0,9,0,70,73,60,60,5,58,75,67,71,60,60,5,51,71,81,81,60,60,5,81,86,80,80,60,60,7,80,90,20,30,0,0
258,9,100,9,0,161,121,150,120,5,184,120,123,120,150,120,5,184,92,255,124,150,120,5,182,204,161,121,150,120,10,184,1,30,30,1,0
259,0,0,9,0,72,90,60,60,5,78,77,76,90,60,60,5,84,81,61,90,60,60,5,60,65,76,90,60,60,4,84,82,40,40,1,0
260,0,0,9,0,71,70,60,60,5,120,60,71,70,60,60,5,120,60,71,70,60,60,5,120,60,71,70,60,60,5,120,60,30,20,0,0
261,0,0,8,0,62,70,60,40,5,86,66,62,70,60,40,5,86,66,61,70,60,40,5,86,65,62,70,60,40,9,86,66,30,20,1,0
262,0,0,9,0,72,70,60,55,5,110,68,78,70,60,60,5,120,74,53,70,60,40,5,80,50,78,70,60,60,13,120,74,30,20,1,0
263,0,0,8,0,67,85,90,48,5,48,80,68,90,90,50,5,50,81,64,70,90,40,5,40,76,68,90,90,50,3,50,80,20,10,0,0
264,2,100,2,0,116,60,136,99,5,100,120,117,60,136,100,5,100,121,112,60,134,94,5,100,116,116,60,136,99,4,100,1,30,30,0,0
265,0,0,8,0,88,84,90,70,5,40,110,88,84,90,70,5,40,110,88,82,90,70,5,40,110,88,84,90,70,5,40,110,20,10,1,0
266,3,100,8,0,142,40,100,120,5,98,140,142,40,100,120,5,98,140,142,40,100,120,5,98,140,142,40,100,120,5,98,1,70,70,0,0
267,0,0,8,0,63,70,60,56,5,84,60,63,70,60,56,5,84,60,63,70,60,56,5,82,60,63,70,60,56,5,84,60,30,20,0,0
268,24,100,8,0,188,106,170,160,5,100,170,188,106,170,160,5,100,170,188,106,170,160,5,100,170,188,106,170,160,8,100,1,100,100,0,0
269,0,0,7,0,64,71,60,40,5,90,70,64,71,60,40,5,90,70,63,73,60,40,5,90,69,64,72,60,40,5,90,70,10,2,0,0
270,9,100,7,0,168,100,140,120,5,200,120,168,100,140,120,5,200,120,168,100,140,120,5,200,120,168,100,140,120,3,200,1,30,30,1,0
271,25,100,7,0,130,65,100,120,5,110,120,130,66,100,120,5,110,120,130,60,100,120,5,110,120,130,65,100,120,2,110,1,70,70,0,0
272,0,0,7,0,66,60,53,90,5,30,60,66,60,51,90,5,30,60,66,60,61,90,5,30,60,66,60,60,90,13,30,60,30,40,0,0
273,24,100,2,12,155,80,107,100,5,145,145,149,80,106,100,5,140,139,172,80,110,100,5,160,161,155,80,107,100,2,145,1,50,50,0,0
274,0,0,2,0,55,60,80,40,5,90,51,53,60,80,40,5,80,50,61,60,80,40,5,120,57,63,70,80,44,4,90,68,30,30,3,0
275,1,100,2,0,150,80,80,120,5,160,118,150,80,80,120,5,160,118,150,80,80,120,5,160,118,150,80,80,120,3,160,1,30,30,3,0
276,0,0,2,0,69,90,60,60,5,68,74,62,90,60,60,5,61,66,92,90,60,60,5,91,98,91,90,60,60,5,90,114,40,40,2,0
277,17,101,2,0,61,90,60,60,5,60,60,61,90,60,60,5,60,60,61,90,60,60,5,60,60,61,90,60,60,2,60,60,40,40,1,0
278,17,101,2,0,69,40,80,80,5,30,70,69,40,80,80,5,30,70,69,40,80,80,5,30,70,69,40,80,80,6,30,70,60,60,0,0
279,17,101,3,0,53,70,60,40,4,80,50,53,70,60,40,4,80,50,53,70,60,40,4,80,50,53,70,60,40,7,80,50,30,20,0,0
280,18,101,3,0,59,63,80,45,5,85,58,53,61,80,40,5,80,52,76,71,80,60,5,100,75,69,63,80,80,14,85,70,30,30,0,0
281,17,101,9,0,53,70,60,40,5,80,50,53,70,60,40,5,80,50,53,70,60,40,5,80,50,53,70,60,40,5,80,50,30,20,2,0
282,0,0,3,0,61,60,70,70,5,30,60,61,60,70,70,5,30,60,61,60,70,70,5,30,60,61,60,70,70,7,30,60,80,80,0,0
283,17,101,7,0,61,60,70,70,5,30,60,61,60,70,70,5,30,60,61,60,70,70,5,30,60,61,60,70,70,3,30,60,80,80,1,0
284,19,101,2,0,69,40,80,80,5,30,70,69,40,80,80,5,30,70,69,40,80,80,5,30,70,69,40,80,80,6,30,70,60,60,0,0
285,17,101,9,0,61,90,60,60,5,60,60,61,90,60,60,5,60,60,61,90,60,60,5,60,60,61,90,60,60,2,60,60,40,40,0,0
286,17,101,8,0,61,60,70,70,5,30,60,61,60,70,70,5,30,60,61,60,70,70,5,30,60,61,60,70,70,2,30,60,80,80,0,0
287,17,101,5,0,53,70,60,40,5,80,50,53,70,60,40,5,80,50,53,70,60,40,5,80,50,53,70,60,40,2,80,50,30,20,2,0
288,17,101,4,0,69,40,80,80,5,30,70,69,40,80,80,5,30,70,69,40,80,80,5,30,70,69,40,80,80,14,30,70,60,60,0,0
289,17,101,4,0,69,40,80,80,5,30,70,69,40,80,80,5,30,70,69,40,80,80,5,30,70,69,40,80,80,7,30,70,60,60,0,0
290,18,101,2,0,53,60,80,40,5,80,50,53,60,80,40,5,80,50,53,60,80,40,5,80,50,53,60,80,40,2,80,50,30,30,1,0
291,19,101,5,0,69,40,80,80,5,30,70,69,40,80,80,5,30,70,69,40,80,80,5,30,70,69,40,80,80,7,30,70,60,60,0,0
292,19,101,7,0,61,60,70,70,5,30,60,61,60,70,70,5,30,60,61,60,70,70,5,30,60,61,60,70,70,3,30,60,80,80,1,0
293,19,101,7,0,61,60,70,70,5,30,60,61,60,70,70,5,30,60,61,60,70,70,5,30,60,61,60,70,70,2,30,60,80,80,0,0
294,0,0,7,0,80,40,80,80,5,38,88,82,40,80,80,5,40,90,75,40,80,80,5,30,82,82,40,80,80,5,40,90,60,60,1,0
295,19,101,9,0,61,90,60,60,5,60,60,61,90,60,60,5,60,60,61,90,60,60,5,60,60,61,90,60,60,2,60,60,40,40,0,0
296,19,101,1,11,16,32,13,10,1,9,41,16,31,13,10,1,9,40,17,35,14,10,1,10,43,22,32,13,10,1,9,56,182,11,2,0
297,19,101,1,11,29,32,8,20,1,1,32,31,35,9,21,1,1,34,23,23,6,17,1,1,25,31,32,8,20,1,1,32,148,13,0,0
298,19,101,1,12,17,29,21,11,1,1,38,17,30,22,11,1,1,38,16,26,19,11,1,1,36,24,29,21,11,2,1,59,125,3,0,0
299,19,101,1,12,2,40,8,1,1,1,56,2,39,8,1,1,1,56,2,42,8,1,1,1,56,2,40,8,1,1,1,56,28,13,1,0
300,19,101,1,12,28,38,11,18,2,1,35,29,40,11,18,2,1,36,26,33,10,17,2,1,32,28,38,11,18,2,1,35,49,17,0,0
301,19,101,1,12,17,40,8,11,1,3,40,17,40,8,11,1,3,40,18,41,8,11,1,3,42,17,40,8,11,1,3,39,125,14,0,0
302,19,101,1,12,33,34,15,35,1,1,30,33,32,14,34,1,1,29,35,39,17,37,1,1,31,33,34,15,35,1,1,30,171,3,0,0
303,19,101,1,12,31,42,11,30,1,6,27,30,40,11,29,1,6,26,33,47,12,32,1,7,29,31,42,11,30,1,6,28,125,4,2,0
304,0,0,1,12,33,36,11,42,1,1,28,33,36,11,42,1,1,28,33,36,11,42,1,1,28,34,36,11,42,1,1,29,38,1,0,0
305,0,0,1,12,17,29,8,11,1,3,39,17,29,8,11,1,3,39,17,29,8,11,1,3,39,17,29,8,11,1,3,39,46,14,0,0
306,0,0,4,0,96,68,95,85,5,110,88,110,70,100,100,5,120,102,53,60,80,40,5,80,49,96,68,95,85,7,110,1,30,30,2,0
307,0,0,1,11,1,1,1,1,1,1,1,1,1,1,1,1,1,1,1,1,1,1,1,1,1,1,1,1,1,3,6,1,1,1,2,0
308,0,0,9,0,55,70,60,40,5,98,50,56,70,60,40,5,104,51,53,70,60,40,5,80,48,56,70,60,40,3,104,50,30,20,3,0
309,17,101,1,12,1,1,1,1,1,1,1,1,1,1,1,1,1,1,1,1,1,1,1,1,1,1,1,1,1,3,1,1,1,1,1,0
310,10,100,7,0,121,30,170,109,5,100,120,122,30,170,112,5,100,121,117,30,170,100,5,100,116,121,30,170,109,3,100,1,100,100,0,0
311,1,100,1,12,1,1,1,1,1,1,1,1,1,1,1,1,1,1,1,1,1,1,1,1,1,1,1,1,1,3,1,1,1,1,0,0
312,18,101,7,0,90,60,72,70,5,100,100,90,60,72,70,5,100,100,90,60,72,70,5,100,100,90,60,72,70,4,100,1,70,70,1,0
313,0,0,2,0,55,70,64,40,5,91,52,55,70,64,40,5,88,52,56,70,64,40,5,100,53,55,70,64,40,13,91,52,30,20,1,0
314,0,0,3,0,70,51,65,73,5,68,68,64,51,60,71,5,61,62,88,53,80,81,5,91,85,70,51,65,73,5,68,1,50,50,0,0
315,25,100,1,11,1,1,1,1,1,1,1,1,1,1,1,1,1,1,1,1,1,1,1,1,1,1,1,1,1,1,1,1,1,1,2,0
316,0,0,7,0,115,40,105,108,5,72,115,131,40,120,120,5,82,131,67,40,60,70,5,40,67,115,40,105,108,7,72,1,70,70,1,0
317,0,0,5,0,78,52,75,78,5,86,75,82,52,80,80,5,94,79,64,50,60,70,5,60,62,78,52,75,78,5,86,1,50,50,0,0
318,17,101,4,0,77,40,60,70,5,80,80,77,40,60,70,5,80,80,77,40,60,70,5,80,80,77,40,60,70,4,80,1,70,70,2,0
319,0,0,1,12,1,1,1,1,1,1,1,1,1,1,1,1,1,1,1,1,1,1,1,1,1,1,1,1,1,2,1,1,1,1,0,0
320,18,101,1,13,1,1,1,1,1,1,1,1,1,1,1,1,1,1,1,1,1,1,1,1,1,1,1,1,1,2,1,1,1,1,0,0
321,1,100,3,0,104,100,81,80,5,140,100,105,100,81,80,5,140,101,102,100,83,80,5,140,98,104,100,81,80,16,140,1,30,30,0,0
322,16,101,1,12,1,1,1,1,1,1,1,1,1,1,1,1,1,1,1,1,1,1,1,1,1,13,34,12,1,3,3,111,1,1,0,0
323,19,101,7,0,69,50,65,73,5,70,65,65,50,60,71,5,61,61,83,50,80,81,5,99,78,69,50,65,73,5,70,1,50,50,1,0
324,1,100,9,0,103,80,100,80,5,102,120,103,80,100,80,5,102,120,102,80,100,80,5,100,119,103,80,100,80,7,102,1,30,30,0,0
325,0,0,1,12,1,1,1,1,1,1,1,1,1,1,1,1,1,1,1,1,1,1,1,1,1,1,1,1,1,2,1,1,1,1,1,0
326,9,100,1,13,1,1,1,1,1,1,1,1,1,1,1,1,1,1,1,1,1,1,1,1,1,1,1,1,1,3,1,1,1,1,1,0
327,2,100,1,11,1,1,1,1,2,1,1,1,1,1,1,2,1,1,1,1,1,1,2,1,1,1,1,1,1,2,1,1,1,1,0,0
328,1,100,1,12,1,1,1,1,1,1,1,1,1,1,1,1,1,1,1,1,1,1,1,1,1,1,1,1,1,1,1,1,1,1,0,0
329,3,100,1,11,1,1,1,1,1,1,1,1,1,1,1,1,1,1,1,1,1,1,1,1,1,1,1,1,1,1,1,1,1,1,0,0
330,18,101,4,0,74,30,68,60,5,80,80,74,30,68,60,5,80,80,74,30,68,60,5,80,80,74,30,68,60,5,80,1,100,100,0,0
331,11,100,1,11,1,1,1,1,1,1,1,1,1,1,1,1,1,1,1,1,1,1,1,1,1,1,1,1,1,2,1,1,1,1,1,0
332,19,101,1,11,1,1,1,1,1,1,1,1,1,1,1,1,1,1,1,1,1,1,1,1,1,1,1,1,1,2,1,1,1,1,0,0
333,11,100,1,12,1,1,1,1,1,1,1,1,1,1,1,1,1,1,1,1,1,1,1,1,1,1,1,1,1,1,1,1,1,1,1,0
334,25,100,1,11,1,1,1,1,1,1,1,1,1,1,1,1,1,1,1,1,1,1,1,1,1,1,1,1,1,2,1,1,1,1,0,0
335,25,100,1,11,1,1,1,1,1,1,1,1,1,1,1,1,1,1,1,1,1,1,1,1,1,1,1,1,1,1,1,1,1,1,2,0
336,2,100,1,12,1,1,1,1,1,1,1,1,1,1,1,1,1,1,1,1,1,1,1,1,1,1,1,1,1,2,1,1,1,1,0,0
337,2,100,1,12,1,1,1,1,1,1,1,1,1,1,1,1,1,1,1,1,1,1,1,1,1,1,1,1,1,2,1,1,1,1,2,0
338,19,101,2,0,60,60,80,50,5,84,58,53,60,80,40,5,81,51,82,60,80,80,5,95,79,60,60,80,50,6,84,1,30,30,2,0
339,0,0,9,0,78,50,70,72,5,80,80,78,50,70,72,5,80,80,78,50,70,72,5,80,80,78,50,70,72,1,80,1,50,50,2,0
340,17,101,4,0,73,50,60,70,5,90,70,73,50,60,70,5,90,70,73,50,60,70,5,90,70,73,50,60,70,3,90,1,50,50,0,0
341,19,101,4,0,89,62,80,80,5,100,92,89,62,80,80,5,100,92,89,60,80,80,5,100,92,89,62,80,80,4,100,1,50,50,0,0
342,2,100,4,0,120,92,80,80,5,121,128,129,96,80,80,5,132,138,91,80,80,80,5,88,97,120,92,80,80,5,121,1,50,50,2,0
343,16,101,3,0,74,50,80,90,3,60,67,74,50,80,90,3,60,66,76,50,80,90,3,60,68,74,50,80,90,3,60,1,50,50,0,0
344,24,100,4,0,126,59,80,100,5,122,121,125,62,80,100,5,121,120,129,50,80,100,5,127,124,126,59,80,100,7,122,1,50,50,0,0
345,0,0,4,0,81,69,80,80,5,89,80,81,69,80,80,5,89,80,81,71,80,80,5,91,80,81,69,80,80,3,89,1,50,50,2,0
346,3,100,7,0,117,78,82,90,5,76,136,121,80,82,90,5,80,141,105,70,82,90,5,62,122,117,78,82,90,5,76,1,70,70,0,0
347,17,101,8,0,58,30,100,60,5,30,60,58,30,100,60,5,30,60,58,30,98,60,5,30,60,58,30,100,60,4,30,1,100,100,1,0
348,19,101,7,0,82,40,75,78,5,78,85,87,40,80,80,5,90,90,67,40,60,70,5,40,69,82,40,75,78,1,78,1,70,70,0,0
349,10,100,5,0,144,81,127,120,5,143,120,143,81,126,120,5,141,120,147,83,130,120,5,151,123,144,81,127,120,5,143,1,30,30,1,0
350,19,101,7,0,71,30,60,60,5,80,74,71,30,60,60,5,80,74,70,30,60,60,5,80,73,71,30,60,60,6,80,1,100,100,1,0
351,17,101,3,0,78,30,60,74,5,80,80,78,30,60,74,5,80,80,78,30,60,74,5,80,80,78,30,60,74,3,80,1,100,100,0,0
352,0,0,3,0,66,70,60,58,5,80,65,69,70,60,60,5,80,68,56,70,60,50,5,80,55,69,70,60,60,3,80,70,30,20,0,0
353,1,100,9,0,108,60,80,85,5,140,100,83,60,80,80,5,140,77,182,60,80,100,5,140,169,108,60,80,85,5,140,1,30,20,0,0
354,0,0,4,0,96,50,60,70,5,117,108,98,50,60,70,5,122,110,90,50,60,70,5,100,101,96,50,60,70,5,117,1,50,50,1,0
355,11,100,6,0,134,75,80,117,5,84,136,141,80,80,122,5,88,142,114,60,80,100,5,70,115,134,75,80,117,3,84,1,70,70,0,0
356,9,100,2,0,80,49,80,80,5,80,80,80,49,80,80,5,80,80,80,51,80,80,5,80,80,80,49,80,80,4,80,1,70,70,1,0
357,0,0,4,0,62,70,60,40,5,80,69,63,70,60,40,5,80,70,60,70,60,40,5,80,67,63,70,60,40,2,80,70,30,20,0,0
358,1,100,1,11,1,1,1,1,1,1,1,1,1,1,1,1,1,1,1,1,1,1,1,1,1,1,1,1,1,1,1,1,1,1,0,0
359,1,100,1,12,1,1,1,1,1,1,1,1,1,1,1,1,1,1,1,1,1,1,1,1,1,6,1,1,13,1,1,1,1,1,0,0
360,2,100,1,11,1,1,1,1,2,1,1,1,1,1,1,2,1,1,1,1,1,1,2,1,1,1,1,1,1,2,1,11,1,1,1,0
361,9,100,1,11,1,1,1,1,1,1,1,1,1,1,1,1,1,1,1,1,1,1,1,1,1,1,1,1,1,1,1,11,1,1,0,0
362,2,100,3,0,91,44,66,80,5,97,95,95,44,66,80,5,102,100,77,44,66,80,5,80,81,91,44,66,80,5,97,1,70,70,0,0
363,18,101,1,12,1,1,1,1,5,1,1,1,1,1,1,5,1,1,1,1,1,1,5,1,1,1,1,1,1,3,1,1,1,1,2,0
364,1,100,4,0,139,91,115,99,5,156,120,139,91,115,99,5,156,119,141,93,117,101,5,156,121,139,91,115,99,4,156,1,30,30,1,0
365,9,100,7,0,132,83,80,100,5,138,120,133,84,80,100,5,140,121,130,80,80,100,5,132,118,132,83,80,100,5,138,1,30,30,1,0
366,11,100,8,0,141,80,95,129,5,102,133,140,80,100,129,5,101,132,145,80,80,131,5,107,137,141,80,95,129,4,102,1,70,70,0,0
367,11,100,1,11,1,1,1,1,5,1,1,1,1,1,1,5,1,1,1,1,1,1,5,1,1,1,1,1,1,2,1,1,1,1,1,0
368,10,100,1,11,1,1,1,1,5,1,1,1,1,1,1,5,1,1,1,1,1,1,5,1,1,1,1,1,1,2,1,1,1,1,0,0
369,18,101,1,11,1,1,1,1,5,1,1,1,1,1,1,5,1,1,1,1,1,1,5,1,1,1,1,1,1,2,1,1,1,1,2,0
370,16,101,1,11,1,1,1,1,5,1,1,1,1,1,1,5,1,1,1,1,1,1,5,1,1,1,1,1,1,2,1,1,1,1,0,0
371,10,100,1,12,1,1,1,1,5,1,1,1,1,1,1,5,1,1,1,1,1,1,5,1,1,1,1,1,1,3,1,1,1,1,2,0
372,19,101,2,0,79,40,75,78,5,75,81,83,40,80,80,5,86,85,67,40,60,70,5,40,69,79,40,75,78,1,75,1,70,70,1,0
373,18,101,7,0,85,40,70,80,5,40,95,88,40,70,80,5,40,98,76,40,70,80,5,40,85,88,40,70,80,2,40,100,70,70,2,0
374,16,101,1,12,1,1,1,1,5,1,1,1,1,1,1,5,1,1,1,1,1,1,5,1,1,1,1,1,1,2,1,1,1,1,1,0
375,11,100,5,0,156,80,122,140,5,110,140,156,80,120,140,5,110,140,156,80,128,140,5,110,140,156,80,122,140,11,110,1,70,70,0,0
376,18,101,5,0,93,74,100,80,5,93,100,90,74,100,80,5,94,98,100,74,100,80,5,90,108,93,74,100,80,8,93,100,50,50,2,0
377,9,100,4,0,148,80,115,100,5,140,139,174,80,120,100,5,140,164,69,80,100,100,5,140,65,148,80,115,100,8,140,1,50,50,0,0
378,16,101,7,0,79,40,75,90,5,40,80,79,40,80,90,5,40,80,79,40,60,90,5,40,80,79,40,75,90,3,40,1,70,70,1,0
379,24,100,7,0,147,60,102,100,5,128,144,147,60,102,100,5,128,144,147,60,100,100,5,128,144,147,60,102,100,2,128,1,50,50,2,0
380,0,0,2,0,70,50,80,90,5,60,60,70,50,80,90,5,60,60,70,50,80,90,5,60,60,70,50,80,90,2,60,1,50,50,0,0
381,16,101,4,0,74,60,80,60,1,80,80,74,60,80,60,1,80,80,74,60,80,60,1,80,80,74,60,80,60,1,80,1,30,30,1,0
382,0,0,3,0,63,60,80,48,5,100,60,63,60,80,48,5,100,60,63,60,80,48,5,100,60,63,60,80,48,8,100,1,30,30,0,0
383,17,101,5,0,77,68,75,80,5,65,78,79,70,80,80,5,70,80,71,60,60,80,5,50,72,77,68,75,80,1,65,1,50,50,1,0
384,17,101,7,0,70,49,65,60,5,30,81,70,49,66,60,5,30,81,72,51,60,60,5,30,83,70,49,65,60,5,30,1,100,100,1,0
385,17,101,2,0,80,50,60,80,5,80,80,80,50,60,80,5,80,80,80,50,60,80,5,80,80,80,50,60,80,1,80,28,50,50,1,0
386,19,101,1,12,17,29,21,11,1,1,38,17,30,22,11,1,1,38,16,26,19,11,1,1,36,24,29,21,11,2,1,59,125,3,0,0
387,19,101,1,12,17,29,21,11,1,1,38,17,30,22,11,1,1,38,16,26,19,11,1,1,36,24,29,21,11,2,1,59,125,3,0,0
388,19,101,1,12,17,29,21,11,1,1,38,17,30,22,11,1,1,38,16,26,19,11,1,1,36,24,29,21,11,2,1,59,125,3,0,0
389,19,101,1,12,17,29,21,11,1,1,38,17,30,22,11,1,1,38,16,26,19,11,1,1,36,24,29,21,11,2,1,59,125,3,0,0
390,19,101,4,0,95,75,80,81,5,105,100,94,80,80,80,5,100,99,99,60,80,84,5,120,104,95,75,80,81,5,105,79,30,30,2,0
391,18,101,4,0,78,60,60,80,5,60,80,78,60,60,80,5,60,80,78,60,60,80,5,60,80,78,60,60,80,5,60,80,50,50,0,0
392,25,100,9,0,133,48,130,119,5,58,140,133,48,130,119,5,58,140,134,48,130,121,5,58,141,133,48,130,119,5,58,1,70,70,0,0
393,18,101,1,12,1,1,1,1,3,1,1,1,1,1,1,3,1,1,1,1,1,1,3,1,1,1,1,1,1,3,1,1,1,1,1,0
394,3,100,1,11,1,1,1,1,2,1,1,1,1,1,1,2,1,1,1,1,1,1,2,1,1,1,1,1,1,2,1,1,1,1,2,0
395,16,101,1,12,1,1,1,1,1,1,1,1,1,1,1,1,1,1,1,1,1,1,1,1,1,1,1,1,1,1,1,1,1,1,1,0
396,11,100,1,11,1,1,1,1,1,1,1,1,1,1,1,1,1,1,1,1,1,1,1,1,1,1,1,1,1,3,1,1,1,1,0,0
397,19,101,1,12,1,1,1,1,1,1,1,1,1,1,1,1,1,1,1,1,1,1,1,1,1,1,1,1,1,1,1,1,1,1,0,0
398,1,100,1,11,1,1,1,1,3,1,1,1,1,1,1,3,1,1,1,1,1,1,3,1,1,1,1,1,1,3,1,1,1,1,2,0
399,24,100,1,11,1,1,1,1,3,1,1,1,1,1,1,3,1,1,1,1,1,1,3,1,1,1,1,1,1,3,1,1,1,1,1,0
400,11,100,1,11,1,1,1,1,1,1,1,1,1,1,1,1,1,1,1,1,1,1,1,1,1,1,1,1,1,1,1,1,1,1,2,0
401,11,100,1,11,1,1,1,1,1,1,1,1,1,1,1,1,1,1,1,1,1,1,1,1,1,1,1,1,1,1,1,1,1,1,0,0
402,3,100,1,12,1,1,1,1,1,1,1,1,1,1,1,1,1,1,1,1,1,1,1,1,1,1,1,1,1,1,1,1,1,1,0,0
403,19,101,1,13,1,1,1,1,3,1,1,1,1,1,1,3,1,1,1,1,1,1,3,1,1,1,1,1,1,3,1,1,1,1,1,0
404,11,100,1,13,1,1,1,1,2,1,1,1,1,1,1,2,1,1,1,1,1,1,2,1,1,1,1,1,1,2,1,1,1,1,1,0
405,10,100,2,0,128,60,100,102,5,124,120,128,60,100,102,5,124,120,128,60,100,102,5,124,120,128,60,100,102,3,124,1,30,30,0,0
406,0,0,2,0,81,50,78,78,5,75,83,86,50,80,80,5,80,89,64,50,70,70,5,60,66,81,50,78,78,5,75,1,50,50,0,0
407,11,100,3,0,134,68,94,120,5,120,120,134,68,93,120,5,120,120,134,68,99,120,5,120,120,134,68,94,120,5,120,1,30,30,1,0
408,24,100,3,0,120,60,100,80,5,142,120,113,60,100,80,5,142,113,144,60,100,80,5,140,144,120,60,100,80,7,142,1,30,30,3,0
409,11,100,4,0,109,82,107,90,5,114,112,108,82,108,90,5,114,111,114,82,102,90,5,114,117,109,82,107,90,3,114,1,30,30,0,0
410,19,101,4,0,99,80,91,80,5,86,118,100,80,94,80,5,88,119,96,78,82,80,5,80,114,99,80,91,80,14,86,1,70,70,0,0
411,3,100,4,0,112,50,60,85,5,75,130,134,50,60,90,5,80,157,41,50,60,70,5,60,48,112,50,60,85,2,75,1,50,50,1,0
412,16,101,3,0,73,70,90,70,5,90,70,73,70,90,70,5,90,70,73,70,90,70,5,90,70,73,70,90,70,5,90,1,30,30,0,0
413,18,101,7,0,82,40,68,80,5,55,88,84,40,70,80,5,60,91,76,40,60,80,5,40,82,82,40,68,80,3,55,1,70,70,0,0
414,18,101,7,0,78,58,70,78,5,68,80,79,60,70,80,5,70,81,75,50,70,70,5,60,77,78,58,70,78,9,68,1,50,50,1,0
415,19,101,3,0,56,60,90,40,5,98,50,56,60,90,40,5,100,51,54,60,90,40,5,90,49,56,60,90,40,5,98,1,30,30,2,0
416,0,0,5,0,78,45,70,70,5,40,90,78,40,70,70,5,40,90,78,60,70,70,5,40,90,78,45,70,70,6,40,1,70,70,1,0
417,3,100,3,0,114,60,80,80,5,129,120,114,60,80,80,5,129,120,115,60,80,80,5,131,121,114,60,80,80,9,129,1,30,30,2,0
418,3,100,7,0,134,60,100,120,5,120,120,134,60,100,120,5,120,120,134,60,100,120,5,120,120,134,60,100,120,6,120,1,50,50,1,0
419,3,100,7,0,131,50,102,113,5,120,120,130,50,100,111,5,120,119,134,50,108,121,5,120,123,131,50,102,113,1,120,1,50,50,3,0
420,19,101,7,0,76,40,80,80,5,40,80,76,40,80,80,5,40,80,76,40,80,80,5,40,80,76,40,80,80,3,40,1,70,70,1,0
421,1,100,1,13,1,1,1,1,5,1,1,1,1,1,1,5,1,1,1,1,1,1,5,1,1,1,1,1,1,5,1,1,1,1,0,0
422,17,101,4,0,87,43,80,80,5,30,102,87,40,80,80,5,30,102,87,52,80,80,5,30,102,87,43,80,80,7,30,1,100,100,1,0
423,1,100,1,11,1,1,1,1,3,1,1,1,1,1,1,3,1,1,1,1,1,1,3,1,1,1,1,1,1,3,1,1,1,1,1,0
424,1,100,2,0,94,80,80,80,5,80,105,94,80,80,80,5,80,105,92,80,80,80,5,80,103,94,80,80,80,1,80,1,100,100,1,0
425,25,100,7,0,81,81,80,49,5,133,80,85,88,80,52,5,150,84,68,60,80,40,5,80,67,81,81,80,49,4,133,1,30,30,0,0
426,25,100,1,11,1,1,1,1,2,1,1,1,1,1,1,2,1,1,1,1,1,1,2,1,1,1,1,1,1,2,1,1,1,1,1,0
427,25,100,8,0,120,30,80,120,5,76,119,120,30,80,120,5,80,119,119,30,80,120,5,64,118,120,30,80,120,11,76,1,100,100,1,0
428,25,100,3,0,122,60,80,114,5,84,122,121,60,80,112,5,84,121,124,60,80,120,5,84,124,122,60,80,114,5,84,1,70,70,0,0
429,25,100,2,0,87,48,96,107,5,46,85,87,48,96,108,5,46,85,88,46,96,102,5,46,86,87,48,96,107,10,46,1,70,70,1,0
430,25,100,4,0,124,92,80,95,5,128,120,122,92,80,95,5,124,118,131,92,80,97,5,140,127,124,92,80,95,5,128,1,50,50,1,0
431,0,0,3,0,69,68,63,70,5,55,70,68,70,61,70,5,50,69,71,60,71,70,5,70,72,69,68,63,70,3,55,1,70,70,2,0
432,25,100,7,0,98,84,100,100,5,80,100,98,84,100,100,5,80,100,98,84,100,100,5,80,100,98,84,100,100,3,80,1,70,70,1,0
433,18,101,7,0,77,60,60,70,1,80,80,77,60,60,70,1,80,80,77,60,60,70,1,80,80,77,60,60,70,1,80,80,50,50,1,0
434,18,101,1,11,1,1,1,1,1,1,1,1,1,1,1,1,1,1,1,1,1,1,1,1,1,1,1,1,1,2,1,1,1,11,0,0
435,25,100,2,0,80,60,90,60,1,106,83,76,60,90,60,1,106,79,91,60,90,60,1,106,94,80,60,90,60,1,106,30,30,30,0,0
436,3,100,3,0,126,68,92,82,5,157,120,128,70,92,82,5,160,122,121,60,90,80,5,146,115,126,68,92,82,1,157,1,30,30,1,0
437,11,100,4,0,114,71,86,105,5,93,114,107,68,80,100,5,84,107,134,80,104,120,5,120,134,114,71,86,105,3,93,1,40,40,1,0
438,16,101,1,12,1,1,1,1,2,1,1,1,1,1,1,2,1,1,1,1,1,1,2,1,1,1,1,1,1,2,1,1,1,1,2,0
439,18,101,4,0,97,77,80,80,5,113,100,98,80,80,80,5,120,101,93,66,80,80,5,90,96,97,77,80,80,3,113,1,30,30,2,0
440,19,101,7,0,93,84,60,93,5,85,93,101,98,60,100,5,100,101,67,40,60,70,5,40,67,93,84,60,93,5,85,1,70,70,1,0
441,16,101,1,11,1,1,1,1,5,1,1,1,1,1,1,5,1,1,1,1,1,1,5,1,1,1,1,1,1,1,1,1,1,1,0,0
442,2,100,1,11,1,1,1,1,5,1,1,1,1,1,1,5,1,1,1,1,1,1,5,1,1,1,1,1,1,2,1,1,1,1,0,0
443,17,101,3,0,58,70,90,40,5,83,60,58,70,90,40,5,81,60,59,70,90,40,5,91,61,58,70,90,40,11,83,1,30,30,0,0
444,19,101,3,0,83,50,72,80,5,93,83,81,50,70,80,5,91,81,89,50,78,80,5,101,89,83,50,72,80,7,93,1,50,50,0,0
445,3,100,1,13,1,1,1,1,1,1,1,1,1,1,1,1,1,1,1,1,1,1,1,1,1,1,1,1,1,1,1,1,1,1,1,0
446,11,100,1,13,1,1,1,1,1,1,1,1,1,1,1,1,1,1,1,1,1,1,1,1,1,1,1,1,1,1,1,1,1,1,1,0
447,18,101,4,0,61,60,80,40,5,103,60,58,60,80,40,5,104,58,70,60,80,40,5,100,69,61,60,80,40,10,103,1,30,30,2,0
448,17,101,4,0,68,60,80,52,5,90,70,81,60,80,51,5,90,84,29,60,80,57,5,90,30,68,60,80,52,1,90,1,30,30,1,0
449,16,101,4,0,101,30,80,80,5,100,118,101,30,80,80,5,100,118,101,30,80,80,5,100,118,101,30,80,80,3,100,1,100,100,1,0
450,16,101,3,0,92,60,80,92,5,100,91,69,60,80,92,5,100,68,161,60,80,92,5,100,159,92,60,80,92,2,100,1,30,30,0,0
451,19,101,3,0,111,61,89,98,5,91,117,116,64,98,100,5,98,122,96,50,60,90,5,70,101,111,61,89,98,1,91,1,50,50,0,0
452,16,101,1,12,1,1,1,1,1,1,1,1,1,1,1,1,1,1,1,1,1,1,1,1,1,1,1,1,1,2,1,1,1,1,1,0
453,19,101,1,12,1,1,1,1,1,1,1,1,1,1,1,1,1,1,1,1,1,1,1,1,1,1,1,1,1,3,1,1,1,1,1,0
454,19,101,1,11,1,1,1,1,1,1,1,1,1,1,1,1,1,1,1,1,1,1,1,1,1,1,1,1,1,3,1,1,1,1,1,0
455,10,100,1,12,1,1,1,1,1,1,1,1,1,1,1,1,1,1,1,1,1,1,1,1,1,1,1,1,1,1,1,1,1,1,1,0
456,16,101,1,12,1,1,1,1,1,1,1,1,1,1,1,1,1,1,1,1,1,1,1,1,1,1,1,1,1,2,1,1,1,1,1,0
457,17,101,1,12,1,1,1,1,1,1,1,1,1,1,1,1,1,1,1,1,1,1,1,1,1,1,1,1,1,2,1,1,1,1,1,0
458,10,100,1,11,1,1,1,1,1,1,1,1,1,1,1,1,1,1,1,1,1,1,1,1,1,1,1,1,1,2,1,1,1,1,0,0
459,17,101,5,0,78,50,80,80,5,60,80,78,50,80,80,5,60,80,78,50,80,80,5,60,80,78,50,80,80,6,60,1,50,50,0,0
460,10,100,5,0,70,60,66,70,5,64,70,70,60,66,70,5,64,70,70,60,66,70,5,64,70,70,60,66,70,4,64,1,70,70,0,0
461,18,101,7,0,89,60,84,90,5,80,90,89,60,84,90,5,80,90,89,60,84,90,5,80,90,89,60,84,90,1,80,1,70,70,1,0
462,0,0,1,12,1,1,1,1,3,1,1,1,1,1,1,3,1,1,1,1,1,1,3,1,1,1,1,1,1,3,1,1,1,1,0,0
463,3,100,1,11,1,1,1,1,1,1,1,1,1,1,1,1,1,1,1,1,1,1,1,1,1,1,1,1,1,2,1,1,1,1,1,0
464,17,101,1,12,1,1,1,1,1,1,1,1,1,1,1,1,1,1,1,1,1,1,1,1,1,1,1,1,1,1,1,1,1,1,0,0
465,3,100,1,11,1,1,1,1,1,1,1,1,1,1,1,1,1,1,1,1,1,1,1,1,1,1,1,1,1,3,1,1,1,1,0,0
466,25,100,1,12,1,1,1,1,1,1,1,1,1,1,1,1,1,1,1,1,1,1,1,1,1,1,1,1,1,2,1,1,1,1,2,0
467,11,100,1,12,1,1,1,1,1,1,1,1,1,1,1,1,1,1,1,1,1,1,1,1,1,1,1,1,1,3,1,1,1,1,2,0
468,19,101,2,0,91,56,80,78,5,80,100,91,56,80,78,5,80,100,91,56,80,78,5,80,100,91,56,80,78,5,80,100,70,70,0,0
469,18,101,2,0,82,40,70,80,5,40,90,82,40,70,80,5,40,90,82,40,70,80,5,40,90,82,40,70,80,7,40,90,70,70,0,0
470,19,101,3,0,73,60,80,60,5,80,78,74,60,80,60,5,80,79,69,60,80,60,5,80,74,74,60,80,60,8,80,80,30,30,2,0
471,17,101,5,0,69,60,80,40,6,90,80,69,60,80,40,6,90,80,69,60,80,40,6,90,80,69,60,80,40,6,90,80,30,30,1,0
472,16,101,4,0,94,40,100,92,5,42,106,70,40,100,92,5,42,79,167,40,100,90,5,40,188,94,40,100,92,5,42,90,80,70,0,0
473,16,101,7,0,69,60,80,40,5,88,80,69,60,80,40,5,86,80,70,60,80,40,5,94,81,70,60,80,40,4,94,80,30,30,2,0
474,19,101,3,0,80,50,60,80,5,80,80,80,50,60,80,5,80,80,80,50,60,80,5,80,80,80,50,60,80,7,80,80,50,50,0,0
475,19,101,7,0,98,90,90,93,5,100,100,97,90,90,91,5,100,99,101,90,90,101,5,100,103,98,90,90,93,2,100,70,50,50,0,0
476,17,101,7,0,89,73,71,78,5,96,96,91,71,68,75,5,100,98,84,81,80,89,5,82,90,89,73,80,78,3,96,80,50,50,0,0
477,19,101,7,0,88,70,80,67,5,85,100,85,70,80,60,5,80,97,96,70,80,88,5,100,109,88,70,80,67,4,85,1,30,30,0,0
478,19,101,4,0,94,80,80,80,5,100,100,94,80,80,80,5,100,100,94,80,80,80,5,100,100,94,80,80,80,10,100,1,50,50,0,0
479,1,100,1,12,1,1,1,1,1,1,1,1,1,1,1,1,1,1,1,1,1,1,1,1,1,1,1,1,1,3,1,1,1,1,0,0
480,18,101,1,11,1,1,1,1,1,1,1,1,1,1,1,1,1,1,1,1,1,1,1,1,1,1,1,1,1,2,1,1,1,1,1,0
481,18,101,1,12,1,1,1,1,1,1,1,1,1,1,1,1,1,1,1,1,1,1,1,1,1,1,1,1,1,2,1,1,1,1,0,0
482,18,101,5,0,83,50,80,80,5,76,86,82,50,80,80,5,75,85,87,50,80,80,5,81,90,83,50,80,80,13,76,1,50,50,0,0
483,16,101,2,0,84,60,80,76,5,113,80,87,60,80,80,5,122,82,76,60,80,64,5,84,72,84,60,80,76,7,120,50,30,30,0,0
484,19,101,3,0,98,58,76,79,5,106,106,102,60,78,80,5,114,110,84,50,70,76,5,80,91,98,58,76,79,8,106,112,50,50,2,0
485,16,101,1,13,1,1,1,1,1,1,1,1,1,1,1,1,1,1,1,1,1,1,1,1,1,1,1,1,1,2,1,1,1,1,1,0
486,17,101,1,11,1,1,1,1,1,1,1,1,1,1,1,1,1,1,1,1,1,1,1,1,1,1,1,1,1,2,1,1,1,1,1,0
487,0,0,1,11,1,1,1,1,1,1,1,1,1,1,1,1,1,1,1,1,1,1,1,1,1,1,1,1,1,1,1,1,1,1,0,0
488,18,101,1,12,1,1,1,1,1,1,1,1,1,1,1,1,1,1,1,1,1,1,1,1,1,1,1,1,1,1,1,1,1,1,1,0
489,18,101,1,13,1,1,1,1,2,1,1,1,1,1,1,2,1,1,1,1,1,1,2,1,1,1,1,1,1,2,1,1,1,1,1,0
490,18,101,7,0,72,30,62,60,5,30,86,72,30,62,60,5,30,86,72,30,60,60,5,30,86,72,30,62,60,5,30,1,100,100,0,0
491,18,101,1,12,1,1,1,1,1,1,1,1,1,1,1,1,1,1,1,1,1,1,1,1,1,1,1,1,1,1,1,1,1,1,0,0
492,19,101,4,0,93,30,110,100,5,30,100,93,30,110,100,5,30,100,93,30,110,100,5,30,100,93,30,110,100,5,30,1,100,100,0,0
493,19,101,1,11,1,1,1,1,4,1,1,1,1,1,1,4,1,1,1,1,1,1,4,1,1,1,1,1,1,7,1,1,1,5,1,0
494,16,101,1,11,1,1,1,1,1,1,2,1,1,1,1,1,1,2,1,1,1,1,1,1,2,1,1,1,1,1,1,33,1,1,0,0
495,16,101,1,11,1,1,1,1,1,1,11,1,1,1,1,1,1,11,1,1,1,1,1,1,11,1,1,1,1,1,1,41,1,1,0,0
496,16,101,7,0,92,40,80,90,5,40,102,92,40,80,90,5,40,102,94,40,80,90,5,40,104,92,40,80,90,3,40,1,70,70,1,0
497,18,101,2,0,77,50,70,70,5,80,80,77,50,70,70,5,80,80,77,50,70,70,5,80,80,77,50,70,70,3,80,1,50,50,0,0
498,16,101,1,13,1,1,1,1,2,1,1,1,1,1,1,2,1,1,1,1,1,1,2,1,1,1,1,1,1,2,1,1,1,1,0,0
499,16,101,1,13,1,1,1,1,1,1,1,1,1,1,1,1,1,1,1,1,1,1,1,1,1,1,1,1,1,1,1,1,1,1,2,0
500,17,101,1,13,1,1,1,1,2,1,1,1,1,1,1,2,1,1,1,1,1,1,2,1,1,1,63,1,1,2,1,1,1,1,0,0
501,19,101,1,13,1,1,1,1,3,1,1,1,1,1,1,3,1,1,1,1,1,1,3,1,1,1,1,1,1,3,1,1,1,1,2,0
502,19,101,1,13,1,1,1,1,2,1,1,1,1,1,1,2,1,1,1,1,1,1,2,1,1,1,1,1,1,2,1,1,1,1,2,0
503,19,101,1,12,1,1,1,1,2,1,1,1,1,1,1,2,1,1,1,1,1,1,2,1,1,1,1,1,1,2,1,1,1,1,0,0
504,18,101,1,12,1,1,1,1,3,1,1,1,1,1,1,3,1,1,1,1,1,1,3,1,1,1,1,1,1,3,1,1,1,1,0,0
505,17,101,1,13,1,1,1,1,3,1,1,1,1,1,1,3,1,1,1,1,1,1,3,1,1,1,1,1,1,3,1,1,1,1,1,0
506,19,101,1,13,1,1,1,1,2,1,1,1,1,1,1,2,1,1,1,1,1,1,2,1,1,1,1,1,1,2,1,1,1,1,1,0
507,0,0,3,0,83,70,70,69,5,70,92,83,70,70,70,5,70,92,81,70,70,64,5,68,90,83,70,70,69,9,70,1,50,50,0,0
508,16,101,3,0,81,60,109,40,5,130,88,89,60,118,40,5,140,97,56,60,80,40,5,100,61,81,60,109,40,9,130,1,30,30,3,0
509,18,101,3,0,77,64,70,79,5,60,80,77,64,70,79,5,60,80,78,64,70,81,5,60,81,77,64,70,79,7,60,1,50,50,1,0
510,16,101,4,0,87,55,80,82,5,45,97,87,56,80,82,5,45,97,89,52,80,82,5,47,99,87,55,80,82,3,45,1,70,70,1,0
511,18,101,4,0,75,40,80,78,5,40,80,75,40,80,78,5,40,80,74,40,80,78,5,40,79,75,40,80,78,4,40,1,70,70,1,0
512,16,101,4,0,93,50,80,95,5,60,98,96,50,80,100,5,60,101,85,50,80,80,5,60,89,93,50,80,95,14,60,1,50,50,2,0
513,17,101,3,0,81,68,69,78,5,83,82,84,70,72,80,5,84,85,72,60,60,70,5,80,73,81,68,69,78,6,83,1,76,76,1,0
514,17,101,4,0,72,56,65,73,5,40,77,71,55,64,72,5,40,76,75,61,68,76,5,40,80,72,56,65,73,9,40,1,72,72,1,0
515,0,0,5,0,78,50,80,80,5,60,80,78,50,80,80,5,60,80,78,50,80,80,5,60,80,78,50,80,80,4,60,1,50,50,1,0
516,17,101,4,0,94,50,80,85,5,80,100,94,50,80,86,5,80,100,92,50,80,80,5,80,98,94,50,80,85,5,80,1,70,70,0,0
517,19,101,2,0,67,60,80,50,5,90,70,67,60,80,50,5,90,70,67,60,80,50,5,90,70,67,60,80,50,4,90,1,30,30,0,0
518,0,0,2,0,75,80,60,70,5,60,80,75,80,60,70,5,60,80,75,80,60,70,5,60,80,75,80,60,70,4,60,1,50,50,1,0
519,17,101,2,0,81,49,75,78,5,71,83,81,48,74,76,5,78,83,83,52,78,84,5,50,85,81,49,75,78,6,71,1,70,70,1,0
520,18,101,2,0,79,48,68,82,5,50,82,79,50,70,82,5,50,82,77,42,60,80,5,50,80,79,48,68,82,3,50,1,70,70,0,0
521,17,101,2,0,82,47,82,86,5,47,86,82,46,82,86,5,46,86,82,50,82,86,5,50,86,82,47,82,86,3,47,1,70,70,1,0
522,18,101,7,0,92,60,60,80,5,92,98,92,60,60,80,5,92,98,92,60,60,80,5,92,98,92,60,60,80,13,92,1,50,50,2,0
523,16,101,7,0,73,60,80,40,5,117,79,79,60,80,40,5,122,85,56,60,80,40,5,102,60,73,60,80,40,5,117,1,30,30,1,0
524,17,101,8,0,81,30,78,80,5,80,82,80,30,78,80,5,80,81,85,30,78,80,5,80,86,81,30,78,80,6,80,1,100,100,1,0
525,16,101,1,12,1,1,1,1,1,1,1,1,1,1,1,1,1,1,1,1,1,1,1,1,1,1,1,1,1,1,1,1,1,1,1,0
526,17,101,1,12,1,1,1,1,1,1,1,1,1,1,1,1,1,1,1,1,1,1,1,1,1,1,1,1,1,1,1,1,1,1,0,0
527,18,101,1,11,1,1,1,1,1,1,1,1,1,1,1,1,1,1,1,1,1,1,1,1,1,1,1,1,1,1,1,1,1,1,2,0
528,17,101,1,11,1,1,1,1,3,1,1,1,1,1,1,3,1,1,1,1,1,1,3,1,1,1,1,1,1,3,1,1,1,1,2,0
529,16,101,1,12,1,1,1,1,1,1,1,1,1,1,1,1,1,1,1,1,1,1,1,1,1,1,1,1,1,1,1,1,1,1,2,0
530,17,101,1,11,1,1,1,1,2,1,1,1,1,1,1,2,1,1,1,1,1,1,2,1,1,1,1,1,1,2,1,1,1,1,0,0
531,18,101,1,12,1,1,1,1,1,1,1,1,1,1,1,1,1,1,1,1,1,1,1,1,1,1,1,1,1,1,1,1,1,1,0,0
532,17,101,1,12,1,1,1,1,1,1,1,1,1,1,1,1,1,1,1,1,1,1,1,1,1,1,1,1,1,1,1,1,1,1,0,0
533,16,101,1,13,1,1,1,1,1,1,1,1,1,1,1,1,1,1,1,1,1,1,1,1,1,1,1,1,1,1,1,1,1,1,1,0
534,16,101,1,13,1,1,1,1,2,1,1,1,1,1,1,2,1,1,1,1,1,1,2,1,1,1,1,1,1,2,1,1,1,1,0,0
535,19,101,4,0,71,40,83,83,5,40,70,70,40,81,81,5,40,69,73,40,91,91,5,40,72,71,40,83,83,3,40,1,70,70,1,0
536,18,101,4,0,87,55,80,85,5,81,89,89,56,80,86,5,80,91,81,50,80,80,5,84,83,87,55,80,85,5,81,1,50,50,2,0
537,19,101,9,0,83,60,80,86,5,90,80,83,60,80,86,5,90,80,83,60,80,86,5,90,80,83,60,80,86,5,90,1,30,30,1,0
